"capabilityId","name","status","evidence","filePath","replacement","reactivationPolicy","notes"
"UNRESOLVED","Requires manual identification","Disabled; requires feature-state review","Keyword 'disabled'; occurrences=3; lines=100;77;97",".github/workflows/build-desktop.yml","Unknown; inspect surrounding code and changelog","Do not reactivate without an approved documented decision","Aggregated static keyword evidence. Manual review is required."
"UNRESOLVED","Requires manual identification","Deprecated or legacy; requires review","Keyword 'legacy'; occurrences=1; lines=96","api/_api-key.js","Unknown; inspect surrounding code and changelog","Do not reactivate without an approved documented decision","Aggregated static keyword evidence. Manual review is required."
"UNRESOLVED","Requires manual identification","Sunset","Keyword 'sunset'; occurrences=1; lines=225","api/_bootstrap-tier-keys.js","Unknown; inspect surrounding code and changelog","Do not reactivate without an approved documented decision","Aggregated static keyword evidence. Manual review is required."
"UNRESOLVED","Requires manual identification","Deprecated or legacy; requires review","Keyword 'legacy'; occurrences=1; lines=59","api/_convex-error.js","Unknown; inspect surrounding code and changelog","Do not reactivate without an approved documented decision","Aggregated static keyword evidence. Manual review is required."
"UNRESOLVED","Requires manual identification","Deprecated or legacy; requires review","Keyword 'legacy'; occurrences=1; lines=56","api/_cors.js","Unknown; inspect surrounding code and changelog","Do not reactivate without an approved documented decision","Aggregated static keyword evidence. Manual review is required."
"UNRESOLVED","Requires manual identification","Disabled; requires feature-state review","Keyword 'disabled'; occurrences=1; lines=5","api/_idempotency.d.ts","Unknown; inspect surrounding code and changelog","Do not reactivate without an approved documented decision","Aggregated static keyword evidence. Manual review is required."
"UNRESOLVED","Requires manual identification","Disabled; requires feature-state review","Keyword 'disabled'; occurrences=9; lines=155;158;161;189;195;198;210;80;97","api/_idempotency.js","Unknown; inspect surrounding code and changelog","Do not reactivate without an approved documented decision","Aggregated static keyword evidence. Manual review is required."
"UNRESOLVED","Requires manual identification","Deprecated or legacy; requires review","Keyword 'legacy'; occurrences=7; lines=123;13;146;33;68;96","api/_oauth-token.js","Unknown; inspect surrounding code and changelog","Do not reactivate without an approved documented decision","Aggregated static keyword evidence. Manual review is required."
"UNRESOLVED","Requires manual identification","Deprecated or legacy; requires review","Keyword 'legacy'; occurrences=2; lines=143;155","api/_rate-limit.js","Unknown; inspect surrounding code and changelog","Do not reactivate without an approved documented decision","Aggregated static keyword evidence. Manual review is required."
"UNRESOLVED","Requires manual identification","Deprecated or legacy; requires review","Keyword 'legacy'; occurrences=1; lines=212","api/_rate-limit.test.mjs","Unknown; inspect surrounding code and changelog","Do not reactivate without an approved documented decision","Aggregated static keyword evidence. Manual review is required."
"UNRESOLVED","Requires manual identification","Disabled; requires feature-state review","Keyword 'disabled'; occurrences=1; lines=19","api/_sentry-common.test.mjs","Unknown; inspect surrounding code and changelog","Do not reactivate without an approved documented decision","Aggregated static keyword evidence. Manual review is required."
"UNRESOLVED","Requires manual identification","Deprecated or legacy; requires review","Keyword 'legacy'; occurrences=1; lines=16","api/_upstash-json.d.ts","Unknown; inspect surrounding code and changelog","Do not reactivate without an approved documented decision","Aggregated static keyword evidence. Manual review is required."
"UNRESOLVED","Requires manual identification","Deprecated or legacy; requires review","Keyword 'legacy'; occurrences=1; lines=330","api/api-route-exceptions.json","Unknown; inspect surrounding code and changelog","Do not reactivate without an approved documented decision","Aggregated static keyword evidence. Manual review is required."
"UNRESOLVED","Requires manual identification","Deprecated or legacy; requires review","Keyword 'legacy'; occurrences=5; lines=107;215;219;240;299","api/bootstrap.js","Unknown; inspect surrounding code and changelog","Do not reactivate without an approved documented decision","Aggregated static keyword evidence. Manual review is required."
"UNRESOLVED","Requires manual identification","Sunset","Keyword 'sunset'; occurrences=1; lines=37","api/bootstrap.js","Unknown; inspect surrounding code and changelog","Do not reactivate without an approved documented decision","Aggregated static keyword evidence. Manual review is required."
"UNRESOLVED","Requires manual identification","Deprecated or legacy; requires review","Keyword 'legacy'; occurrences=4; lines=675;735;736;747","api/bootstrap-auth.test.mjs","Unknown; inspect surrounding code and changelog","Do not reactivate without an approved documented decision","Aggregated static keyword evidence. Manual review is required."
"UNRESOLVED","Requires manual identification","Deprecated or legacy; requires review","Keyword 'legacy'; occurrences=8; lines=13;27;36;39;43;50;57;61","api/correlation-runtime-mode.js","Unknown; inspect surrounding code and changelog","Do not reactivate without an approved documented decision","Aggregated static keyword evidence. Manual review is required."
"UNRESOLVED","Requires manual identification","Disabled; requires feature-state review","Keyword 'disabled'; occurrences=1; lines=155","api/create-checkout.ts","Unknown; inspect surrounding code and changelog","Do not reactivate without an approved documented decision","Aggregated static keyword evidence. Manual review is required."
"UNRESOLVED","Requires manual identification","Disabled; requires feature-state review","Keyword 'disabled'; occurrences=1; lines=81","api/customer-portal.ts","Unknown; inspect surrounding code and changelog","Do not reactivate without an approved documented decision","Aggregated static keyword evidence. Manual review is required."
"UNRESOLVED","Requires manual identification","Deprecated or legacy; requires review","Keyword 'legacy'; occurrences=1; lines=3","api/data/city-coords.ts","Unknown; inspect surrounding code and changelog","Do not reactivate without an approved documented decision","Aggregated static keyword evidence. Manual review is required."
"UNRESOLVED","Requires manual identification","Deprecated or legacy; requires review","Keyword 'legacy'; occurrences=2; lines=19;31","api/gpsjam.js","Unknown; inspect surrounding code and changelog","Do not reactivate without an approved documented decision","Aggregated static keyword evidence. Manual review is required."
"UNRESOLVED","Requires manual identification","Disabled; requires feature-state review","Keyword 'disabled'; occurrences=1; lines=745","api/health.js","Unknown; inspect surrounding code and changelog","Do not reactivate without an approved documented decision","Aggregated static keyword evidence. Manual review is required."
"UNRESOLVED","Requires manual identification","Deprecated or legacy; requires review","Keyword 'legacy'; occurrences=5; lines=1061;11;1117;1400;828","api/health.js","Unknown; inspect surrounding code and changelog","Do not reactivate without an approved documented decision","Aggregated static keyword evidence. Manual review is required."
"UNRESOLVED","Requires manual identification","Sunset","Keyword 'retired'; occurrences=2; lines=354;815","api/health.js","Unknown; inspect surrounding code and changelog","Do not reactivate without an approved documented decision","Aggregated static keyword evidence. Manual review is required."
"UNRESOLVED","Requires manual identification","Sunset","Keyword 'sunset'; occurrences=2; lines=104;745","api/health.js","Unknown; inspect surrounding code and changelog","Do not reactivate without an approved documented decision","Aggregated static keyword evidence. Manual review is required."
"UNRESOLVED","Requires manual identification","Sunset","Keyword 'retired'; occurrences=2; lines=434;458","api/internal/brief-why-matters.ts","Unknown; inspect surrounding code and changelog","Do not reactivate without an approved documented decision","Aggregated static keyword evidence. Manual review is required."
"UNRESOLVED","Requires manual identification","Deprecated or legacy; requires review","Keyword 'legacy'; occurrences=1; lines=32","api/mcp.ts","Unknown; inspect surrounding code and changelog","Do not reactivate without an approved documented decision","Aggregated static keyword evidence. Manual review is required."
"UNRESOLVED","Requires manual identification","Deprecated or legacy; requires review","Keyword 'legacy'; occurrences=4; lines=141;324;40;435","api/mcp/auth.ts","Unknown; inspect surrounding code and changelog","Do not reactivate without an approved documented decision","Aggregated static keyword evidence. Manual review is required."
"UNRESOLVED","Requires manual identification","Deprecated","Keyword 'deprecated'; occurrences=2; lines=214;274","api/mcp/constants.ts","Unknown; inspect surrounding code and changelog","Do not reactivate without an approved documented decision","Aggregated static keyword evidence. Manual review is required."
"UNRESOLVED","Requires manual identification","Deprecated or legacy; requires review","Keyword 'legacy'; occurrences=3; lines=188;26;7","api/mcp/constants.ts","Unknown; inspect surrounding code and changelog","Do not reactivate without an approved documented decision","Aggregated static keyword evidence. Manual review is required."
"UNRESOLVED","Requires manual identification","Deprecated or legacy; requires review","Keyword 'legacy'; occurrences=1; lines=79","api/mcp/jmespath.ts","Unknown; inspect surrounding code and changelog","Do not reactivate without an approved documented decision","Aggregated static keyword evidence. Manual review is required."
"UNRESOLVED","Requires manual identification","Deprecated or legacy; requires review","Keyword 'legacy'; occurrences=1; lines=25","api/mcp/quota.ts","Unknown; inspect surrounding code and changelog","Do not reactivate without an approved documented decision","Aggregated static keyword evidence. Manual review is required."
"UNRESOLVED","Requires manual identification","Sunset","Keyword 'sunset'; occurrences=1; lines=47","api/mcp/registry/cache-tools.ts","Unknown; inspect surrounding code and changelog","Do not reactivate without an approved documented decision","Aggregated static keyword evidence. Manual review is required."
"UNRESOLVED","Requires manual identification","Deprecated","Keyword 'deprecated'; occurrences=5; lines=138;143;144;152;183","api/mcp/registry/company-intel-tools.ts","Unknown; inspect surrounding code and changelog","Do not reactivate without an approved documented decision","Aggregated static keyword evidence. Manual review is required."
"UNRESOLVED","Requires manual identification","Deprecated","Keyword 'deprecated'; occurrences=1; lines=107","api/mcp/registry/index.ts","Unknown; inspect surrounding code and changelog","Do not reactivate without an approved documented decision","Aggregated static keyword evidence. Manual review is required."
"UNRESOLVED","Requires manual identification","Deprecated or legacy; requires review","Keyword 'legacy'; occurrences=1; lines=107","api/mcp/registry/index.ts","Unknown; inspect surrounding code and changelog","Do not reactivate without an approved documented decision","Aggregated static keyword evidence. Manual review is required."
"UNRESOLVED","Requires manual identification","Deprecated","Keyword 'deprecated'; occurrences=2; lines=121;264","api/mcp/types.ts","Unknown; inspect surrounding code and changelog","Do not reactivate without an approved documented decision","Aggregated static keyword evidence. Manual review is required."
"UNRESOLVED","Requires manual identification","Deprecated or legacy; requires review","Keyword 'legacy'; occurrences=2; lines=264;69","api/mcp/types.ts","Unknown; inspect surrounding code and changelog","Do not reactivate without an approved documented decision","Aggregated static keyword evidence. Manual review is required."
"UNRESOLVED","Requires manual identification","Deprecated or legacy; requires review","Keyword 'legacy'; occurrences=1; lines=13","api/mcp/ui/country-brief-app.ts","Unknown; inspect surrounding code and changelog","Do not reactivate without an approved documented decision","Aggregated static keyword evidence. Manual review is required."
"UNRESOLVED","Requires manual identification","Disabled; requires feature-state review","Keyword 'disabled'; occurrences=2; lines=487;682","api/notification-channels.ts","Unknown; inspect surrounding code and changelog","Do not reactivate without an approved documented decision","Aggregated static keyword evidence. Manual review is required."
"UNRESOLVED","Requires manual identification","Deprecated or legacy; requires review","Keyword 'legacy'; occurrences=3; lines=236;385;501","api/notification-channels.ts","Unknown; inspect surrounding code and changelog","Do not reactivate without an approved documented decision","Aggregated static keyword evidence. Manual review is required."
"UNRESOLVED","Requires manual identification","Disabled; requires feature-state review","Keyword 'disabled'; occurrences=1; lines=117","api/notify.ts","Unknown; inspect surrounding code and changelog","Do not reactivate without an approved documented decision","Aggregated static keyword evidence. Manual review is required."
"UNRESOLVED","Requires manual identification","Disabled; requires feature-state review","Keyword 'disabled'; occurrences=4; lines=154;194","api/oauth/authorize.js","Unknown; inspect surrounding code and changelog","Do not reactivate without an approved documented decision","Aggregated static keyword evidence. Manual review is required."
"UNRESOLVED","Requires manual identification","Deprecated or legacy; requires review","Keyword 'legacy'; occurrences=2; lines=112;36","api/oauth/authorize-pro.ts","Unknown; inspect surrounding code and changelog","Do not reactivate without an approved documented decision","Aggregated static keyword evidence. Manual review is required."
"UNRESOLVED","Requires manual identification","Deprecated or legacy; requires review","Keyword 'legacy'; occurrences=7; lines=12;154;171;25;449;474;674","api/oauth/token.ts","Unknown; inspect surrounding code and changelog","Do not reactivate without an approved documented decision","Aggregated static keyword evidence. Manual review is required."
"UNRESOLVED","Requires manual identification","Deprecated or legacy; requires review","Keyword 'legacy'; occurrences=1; lines=71","api/product-catalog.js","Unknown; inspect surrounding code and changelog","Do not reactivate without an approved documented decision","Aggregated static keyword evidence. Manual review is required."
"UNRESOLVED","Requires manual identification","Deprecated or legacy; requires review","Keyword 'legacy'; occurrences=1; lines=527","api/seed-health.js","Unknown; inspect surrounding code and changelog","Do not reactivate without an approved documented decision","Aggregated static keyword evidence. Manual review is required."
"UNRESOLVED","Requires manual identification","Sunset","Keyword 'retired'; occurrences=1; lines=145","api/seed-health.js","Unknown; inspect surrounding code and changelog","Do not reactivate without an approved documented decision","Aggregated static keyword evidence. Manual review is required."
"UNRESOLVED","Requires manual identification","Sunset","Keyword 'sunset'; occurrences=1; lines=242","api/seed-health.js","Unknown; inspect surrounding code and changelog","Do not reactivate without an approved documented decision","Aggregated static keyword evidence. Manual review is required."
"UNRESOLVED","Requires manual identification","Disabled; requires feature-state review","Keyword 'disabled'; occurrences=2; lines=131;183","api/user-prefs.ts","Unknown; inspect surrounding code and changelog","Do not reactivate without an approved documented decision","Aggregated static keyword evidence. Manual review is required."
"UNRESOLVED","Requires manual identification","Deprecated or legacy; requires review","Keyword 'legacy'; occurrences=1; lines=3","api/v2/shipping/webhooks/[subscriberId].ts","Unknown; inspect surrounding code and changelog","Do not reactivate without an approved documented decision","Aggregated static keyword evidence. Manual review is required."
"UNRESOLVED","Requires manual identification","Deprecated or legacy; requires review","Keyword 'legacy'; occurrences=1; lines=5","api/v2/shipping/webhooks/[subscriberId]/[action].ts","Unknown; inspect surrounding code and changelog","Do not reactivate without an approved documented decision","Aggregated static keyword evidence. Manual review is required."
"UNRESOLVED","Requires manual identification","Deprecated or legacy; requires review","Keyword 'legacy'; occurrences=3; lines=10;120;183","api/widget-agent.ts","Unknown; inspect surrounding code and changelog","Do not reactivate without an approved documented decision","Aggregated static keyword evidence. Manual review is required."
"UNRESOLVED","Requires manual identification","Deprecated or legacy; requires review","Keyword 'legacy'; occurrences=1; lines=3","api/wm-session.js","Unknown; inspect surrounding code and changelog","Do not reactivate without an approved documented decision","Aggregated static keyword evidence. Manual review is required."
"UNRESOLVED","Requires manual identification","Deprecated or legacy; requires review","Keyword 'legacy'; occurrences=5; lines=448;483;537;568;586","api/wm-session.test.mjs","Unknown; inspect surrounding code and changelog","Do not reactivate without an approved documented decision","Aggregated static keyword evidence. Manual review is required."
"UNRESOLVED","Requires manual identification","Deprecated","Keyword 'deprecated'; occurrences=3; lines=10;20;23","CHANGELOG.md","Unknown; inspect surrounding code and changelog","Do not reactivate without an approved documented decision","Aggregated static keyword evidence. Manual review is required."
"UNRESOLVED","Requires manual identification","Disabled; requires feature-state review","Keyword 'disabled'; occurrences=3; lines=13;253;611","CHANGELOG.md","Unknown; inspect surrounding code and changelog","Do not reactivate without an approved documented decision","Aggregated static keyword evidence. Manual review is required."
"UNRESOLVED","Requires manual identification","Deprecated or legacy; requires review","Keyword 'legacy'; occurrences=2; lines=20;22","CHANGELOG.md","Unknown; inspect surrounding code and changelog","Do not reactivate without an approved documented decision","Aggregated static keyword evidence. Manual review is required."
"UNRESOLVED","Requires manual identification","Deprecated or legacy; requires review","Keyword 'legacy'; occurrences=1; lines=14","consumer-prices-core/configs/retailers/carrefour_br.yaml","Unknown; inspect surrounding code and changelog","Do not reactivate without an approved documented decision","Aggregated static keyword evidence. Manual review is required."
"UNRESOLVED","Requires manual identification","Disabled; requires feature-state review","Keyword 'disabled'; occurrences=1; lines=8","consumer-prices-core/configs/retailers/coop_ch.yaml","Unknown; inspect surrounding code and changelog","Do not reactivate without an approved documented decision","Aggregated static keyword evidence. Manual review is required."
"UNRESOLVED","Requires manual identification","Disabled; requires feature-state review","Keyword 'disabled'; occurrences=1; lines=8","consumer-prices-core/configs/retailers/migros_ch.yaml","Unknown; inspect surrounding code and changelog","Do not reactivate without an approved documented decision","Aggregated static keyword evidence. Manual review is required."
"UNRESOLVED","Requires manual identification","Disabled; requires feature-state review","Keyword 'disabled'; occurrences=1; lines=8","consumer-prices-core/configs/retailers/panda_sa.yaml","Unknown; inspect surrounding code and changelog","Do not reactivate without an approved documented decision","Aggregated static keyword evidence. Manual review is required."
"UNRESOLVED","Requires manual identification","Disabled; requires feature-state review","Keyword 'disabled'; occurrences=1; lines=8","consumer-prices-core/configs/retailers/sainsburys_gb.yaml","Unknown; inspect surrounding code and changelog","Do not reactivate without an approved documented decision","Aggregated static keyword evidence. Manual review is required."
"UNRESOLVED","Requires manual identification","Disabled; requires feature-state review","Keyword 'disabled'; occurrences=1; lines=8","consumer-prices-core/configs/retailers/tamimi_sa.yaml","Unknown; inspect surrounding code and changelog","Do not reactivate without an approved documented decision","Aggregated static keyword evidence. Manual review is required."
"UNRESOLVED","Requires manual identification","Disabled; requires feature-state review","Keyword 'disabled'; occurrences=1; lines=8","consumer-prices-core/configs/retailers/wholefoods_us.yaml","Unknown; inspect surrounding code and changelog","Do not reactivate without an approved documented decision","Aggregated static keyword evidence. Manual review is required."
"UNRESOLVED","Requires manual identification","Disabled; requires feature-state review","Keyword 'disabled'; occurrences=15; lines=105;114;12;178;259;260;276;278;298;315;331;333;9;92;93","consumer-prices-core/plans/scraper-stability.md","Unknown; inspect surrounding code and changelog","Do not reactivate without an approved documented decision","Aggregated static keyword evidence. Manual review is required."
"UNRESOLVED","Requires manual identification","Deprecated or legacy; requires review","Keyword 'legacy'; occurrences=3; lines=102;242;244","consumer-prices-core/src/adapters/search.ts","Unknown; inspect surrounding code and changelog","Do not reactivate without an approved documented decision","Aggregated static keyword evidence. Manual review is required."
"UNRESOLVED","Requires manual identification","Deprecated or legacy; requires review","Keyword 'legacy'; occurrences=2; lines=11;6","consumer-prices-core/src/adapters/validator.ts","Unknown; inspect surrounding code and changelog","Do not reactivate without an approved documented decision","Aggregated static keyword evidence. Manual review is required."
"UNRESOLVED","Requires manual identification","Deprecated or legacy; requires review","Keyword 'legacy'; occurrences=1; lines=56","consumer-prices-core/src/config/types.ts","Unknown; inspect surrounding code and changelog","Do not reactivate without an approved documented decision","Aggregated static keyword evidence. Manual review is required."
"UNRESOLVED","Requires manual identification","Disabled; requires feature-state review","Keyword 'disabled'; occurrences=6; lines=16;27;32;48;50;53","consumer-prices-core/src/db/queries/matches.test.ts","Unknown; inspect surrounding code and changelog","Do not reactivate without an approved documented decision","Aggregated static keyword evidence. Manual review is required."
"UNRESOLVED","Requires manual identification","Disabled; requires feature-state review","Keyword 'disabled'; occurrences=9; lines=116;121;125;127;132;135;144;39;80","consumer-prices-core/src/db/queries/matches.ts","Unknown; inspect surrounding code and changelog","Do not reactivate without an approved documented decision","Aggregated static keyword evidence. Manual review is required."
"UNRESOLVED","Requires manual identification","Deprecated or legacy; requires review","Keyword 'legacy'; occurrences=1; lines=97","consumer-prices-core/src/jobs/publish.ts","Unknown; inspect surrounding code and changelog","Do not reactivate without an approved documented decision","Aggregated static keyword evidence. Manual review is required."
"UNRESOLVED","Requires manual identification","Disabled; requires feature-state review","Keyword 'disabled'; occurrences=3; lines=111;115;6","consumer-prices-core/src/jobs/scrape.test.ts","Unknown; inspect surrounding code and changelog","Do not reactivate without an approved documented decision","Aggregated static keyword evidence. Manual review is required."
"UNRESOLVED","Requires manual identification","Disabled; requires feature-state review","Keyword 'disabled'; occurrences=7; lines=105;111;238;332;333;82;86","consumer-prices-core/src/jobs/scrape.ts","Unknown; inspect surrounding code and changelog","Do not reactivate without an approved documented decision","Aggregated static keyword evidence. Manual review is required."
"UNRESOLVED","Requires manual identification","Deprecated or legacy; requires review","Keyword 'legacy'; occurrences=2; lines=172;263","consumer-prices-core/src/jobs/scrape.ts","Unknown; inspect surrounding code and changelog","Do not reactivate without an approved documented decision","Aggregated static keyword evidence. Manual review is required."
"UNRESOLVED","Requires manual identification","Disabled; requires feature-state review","Keyword 'disabled'; occurrences=3; lines=27;76;98","consumer-prices-core/src/jobs/scrape-pin-recovery.ts","Unknown; inspect surrounding code and changelog","Do not reactivate without an approved documented decision","Aggregated static keyword evidence. Manual review is required."
"UNRESOLVED","Requires manual identification","Deprecated or legacy; requires review","Keyword 'legacy'; occurrences=2; lines=203;68","CONTRIBUTING.md","Unknown; inspect surrounding code and changelog","Do not reactivate without an approved documented decision","Aggregated static keyword evidence. Manual review is required."
"UNRESOLVED","Requires manual identification","Deprecated or legacy; requires review","Keyword 'legacy'; occurrences=1; lines=303","convex/__tests__/alertRules.test.ts","Unknown; inspect surrounding code and changelog","Do not reactivate without an approved documented decision","Aggregated static keyword evidence. Manual review is required."
"UNRESOLVED","Requires manual identification","Disabled; requires feature-state review","Keyword 'disabled'; occurrences=3; lines=6011;6024;6046","convex/__tests__/billing.test.ts","Unknown; inspect surrounding code and changelog","Do not reactivate without an approved documented decision","Aggregated static keyword evidence. Manual review is required."
"UNRESOLVED","Requires manual identification","Deprecated or legacy; requires review","Keyword 'legacy'; occurrences=11; lines=5974;6340;6381;6383;6385;6432;6438;6444;6456;6461","convex/__tests__/billing.test.ts","Unknown; inspect surrounding code and changelog","Do not reactivate without an approved documented decision","Aggregated static keyword evidence. Manual review is required."
"UNRESOLVED","Requires manual identification","Deprecated or legacy; requires review","Keyword 'legacy'; occurrences=1; lines=87","convex/__tests__/checkoutRateLimit.test.ts","Unknown; inspect surrounding code and changelog","Do not reactivate without an approved documented decision","Aggregated static keyword evidence. Manual review is required."
"UNRESOLVED","Requires manual identification","Deprecated or legacy; requires review","Keyword 'legacy'; occurrences=3; lines=782;818;828","convex/__tests__/comp-entitlement.test.ts","Unknown; inspect surrounding code and changelog","Do not reactivate without an approved documented decision","Aggregated static keyword evidence. Manual review is required."
"UNRESOLVED","Requires manual identification","Disabled; requires feature-state review","Keyword 'disabled'; occurrences=1; lines=40","convex/__tests__/dodoCheckoutClient.test.ts","Unknown; inspect surrounding code and changelog","Do not reactivate without an approved documented decision","Aggregated static keyword evidence. Manual review is required."
"UNRESOLVED","Requires manual identification","Deprecated or legacy; requires review","Keyword 'legacy'; occurrences=7; lines=158;166;175;183;191;196;214","convex/__tests__/entitlements.test.ts","Unknown; inspect surrounding code and changelog","Do not reactivate without an approved documented decision","Aggregated static keyword evidence. Manual review is required."
"UNRESOLVED","Requires manual identification","Deprecated or legacy; requires review","Keyword 'legacy'; occurrences=3; lines=61;66;67","convex/__tests__/identitySigning.test.ts","Unknown; inspect surrounding code and changelog","Do not reactivate without an approved documented decision","Aggregated static keyword evidence. Manual review is required."
"UNRESOLVED","Requires manual identification","Deprecated or legacy; requires review","Keyword 'legacy'; occurrences=1; lines=347","convex/__tests__/notificationChannels.test.ts","Unknown; inspect surrounding code and changelog","Do not reactivate without an approved documented decision","Aggregated static keyword evidence. Manual review is required."
"UNRESOLVED","Requires manual identification","Deprecated or legacy; requires review","Keyword 'legacy'; occurrences=2; lines=515;517","convex/__tests__/rampRunner.test.ts","Unknown; inspect surrounding code and changelog","Do not reactivate without an approved documented decision","Aggregated static keyword evidence. Manual review is required."
"UNRESOLVED","Requires manual identification","Deprecated or legacy; requires review","Keyword 'legacy'; occurrences=1; lines=1061","convex/__tests__/webhook.test.ts","Unknown; inspect surrounding code and changelog","Do not reactivate without an approved documented decision","Aggregated static keyword evidence. Manual review is required."
"UNRESOLVED","Requires manual identification","Deprecated or legacy; requires review","Keyword 'legacy'; occurrences=3; lines=169;53;542","convex/apiPlanLimitUsage.ts","Unknown; inspect surrounding code and changelog","Do not reactivate without an approved documented decision","Aggregated static keyword evidence. Manual review is required."
"UNRESOLVED","Requires manual identification","Deprecated or legacy; requires review","Keyword 'legacy'; occurrences=1; lines=75","convex/broadcast/_poolSelection.ts","Unknown; inspect surrounding code and changelog","Do not reactivate without an approved documented decision","Aggregated static keyword evidence. Manual review is required."
"UNRESOLVED","Requires manual identification","Deprecated or legacy; requires review","Keyword 'legacy'; occurrences=4; lines=1038;1042;107;158","convex/broadcast/rampRunner.ts","Unknown; inspect surrounding code and changelog","Do not reactivate without an approved documented decision","Aggregated static keyword evidence. Manual review is required."
"UNRESOLVED","Requires manual identification","Deprecated or legacy; requires review","Keyword 'legacy'; occurrences=1; lines=93","convex/broadcast/waveRuns.ts","Unknown; inspect surrounding code and changelog","Do not reactivate without an approved documented decision","Aggregated static keyword evidence. Manual review is required."
"UNRESOLVED","Requires manual identification","Disabled; requires feature-state review","Keyword 'disabled'; occurrences=1; lines=55","convex/config/productCatalog.ts","Unknown; inspect surrounding code and changelog","Do not reactivate without an approved documented decision","Aggregated static keyword evidence. Manual review is required."
"UNRESOLVED","Requires manual identification","Deprecated or legacy; requires review","Keyword 'legacy'; occurrences=3; lines=101;513;88","convex/config/productCatalog.ts","Unknown; inspect surrounding code and changelog","Do not reactivate without an approved documented decision","Aggregated static keyword evidence. Manual review is required."
"UNRESOLVED","Requires manual identification","Deprecated or legacy; requires review","Keyword 'legacy'; occurrences=1; lines=55","convex/entitlements.ts","Unknown; inspect surrounding code and changelog","Do not reactivate without an approved documented decision","Aggregated static keyword evidence. Manual review is required."
"UNRESOLVED","Requires manual identification","Disabled; requires feature-state review","Keyword 'disabled'; occurrences=1; lines=912","convex/http.ts","Unknown; inspect surrounding code and changelog","Do not reactivate without an approved documented decision","Aggregated static keyword evidence. Manual review is required."
"UNRESOLVED","Requires manual identification","Deprecated or legacy; requires review","Keyword 'legacy'; occurrences=1; lines=813","convex/http.ts","Unknown; inspect surrounding code and changelog","Do not reactivate without an approved documented decision","Aggregated static keyword evidence. Manual review is required."
"UNRESOLVED","Requires manual identification","Deprecated or legacy; requires review","Keyword 'legacy'; occurrences=1; lines=578","convex/intelHistory.ts","Unknown; inspect surrounding code and changelog","Do not reactivate without an approved documented decision","Aggregated static keyword evidence. Manual review is required."
"UNRESOLVED","Requires manual identification","Sunset","Keyword 'retired'; occurrences=1; lines=6","convex/lib/dodo.ts","Unknown; inspect surrounding code and changelog","Do not reactivate without an approved documented decision","Aggregated static keyword evidence. Manual review is required."
"UNRESOLVED","Requires manual identification","Deprecated or legacy; requires review","Keyword 'legacy'; occurrences=1; lines=123","convex/lib/identitySigning.ts","Unknown; inspect surrounding code and changelog","Do not reactivate without an approved documented decision","Aggregated static keyword evidence. Manual review is required."
"UNRESOLVED","Requires manual identification","Deprecated or legacy; requires review","Keyword 'legacy'; occurrences=1; lines=56","convex/mcpProTokens.ts","Unknown; inspect surrounding code and changelog","Do not reactivate without an approved documented decision","Aggregated static keyword evidence. Manual review is required."
"UNRESOLVED","Requires manual identification","Deprecated or legacy; requires review","Keyword 'legacy'; occurrences=2; lines=737;883","convex/payments/billing.ts","Unknown; inspect surrounding code and changelog","Do not reactivate without an approved documented decision","Aggregated static keyword evidence. Manual review is required."
"UNRESOLVED","Requires manual identification","Deprecated or legacy; requires review","Keyword 'legacy'; occurrences=4; lines=52;59;63;66","convex/payments/cacheActions.ts","Unknown; inspect surrounding code and changelog","Do not reactivate without an approved documented decision","Aggregated static keyword evidence. Manual review is required."
"UNRESOLVED","Requires manual identification","Sunset","Keyword 'retired'; occurrences=1; lines=14","convex/payments/checkoutRateLimit.ts","Unknown; inspect surrounding code and changelog","Do not reactivate without an approved documented decision","Aggregated static keyword evidence. Manual review is required."
"UNRESOLVED","Requires manual identification","Deprecated or legacy; requires review","Keyword 'legacy'; occurrences=1; lines=868","convex/payments/subscriptionEmails.ts","Unknown; inspect surrounding code and changelog","Do not reactivate without an approved documented decision","Aggregated static keyword evidence. Manual review is required."
"UNRESOLVED","Requires manual identification","Deprecated or legacy; requires review","Keyword 'legacy'; occurrences=3; lines=598;601;606","convex/payments/subscriptionHelpers.ts","Unknown; inspect surrounding code and changelog","Do not reactivate without an approved documented decision","Aggregated static keyword evidence. Manual review is required."
"UNRESOLVED","Requires manual identification","Deprecated or legacy; requires review","Keyword 'legacy'; occurrences=4; lines=742;745;751;935","convex/schema.ts","Unknown; inspect surrounding code and changelog","Do not reactivate without an approved documented decision","Aggregated static keyword evidence. Manual review is required."
"UNRESOLVED","Requires manual identification","Disabled; requires feature-state review","Keyword 'disabled'; occurrences=1; lines=25","mcp-grant.html","Unknown; inspect surrounding code and changelog","Do not reactivate without an approved documented decision","Aggregated static keyword evidence. Manual review is required."
"UNRESOLVED","Requires manual identification","Deprecated or legacy; requires review","Keyword 'legacy'; occurrences=1; lines=29","middleware.ts","Unknown; inspect surrounding code and changelog","Do not reactivate without an approved documented decision","Aggregated static keyword evidence. Manual review is required."
"UNRESOLVED","Requires manual identification","Disabled; requires feature-state review","Keyword 'disabled'; occurrences=1; lines=8","nixpacks.toml","Unknown; inspect surrounding code and changelog","Do not reactivate without an approved documented decision","Aggregated static keyword evidence. Manual review is required."
"UNRESOLVED","Requires manual identification","Deprecated","Keyword 'deprecated'; occurrences=2; lines=59","package.json","Unknown; inspect surrounding code and changelog","Do not reactivate without an approved documented decision","Aggregated static keyword evidence. Manual review is required."
"UNRESOLVED","Requires manual identification","Disabled; requires feature-state review","Keyword 'disabled'; occurrences=3; lines=1243;1284;1294","pro-test/src/App.tsx","Unknown; inspect surrounding code and changelog","Do not reactivate without an approved documented decision","Aggregated static keyword evidence. Manual review is required."
"UNRESOLVED","Requires manual identification","Disabled; requires feature-state review","Keyword 'disabled'; occurrences=9; lines=192;228;308;323;324;334;335","pro-test/src/components/PricingSection.tsx","Unknown; inspect surrounding code and changelog","Do not reactivate without an approved documented decision","Aggregated static keyword evidence. Manual review is required."
"UNRESOLVED","Requires manual identification","Deprecated or legacy; requires review","Keyword 'legacy'; occurrences=1; lines=88","pro-test/src/i18n.ts","Unknown; inspect surrounding code and changelog","Do not reactivate without an approved documented decision","Aggregated static keyword evidence. Manual review is required."
"UNRESOLVED","Requires manual identification","Disabled; requires feature-state review","Keyword 'disabled'; occurrences=1; lines=185","pro-test/src/services/checkout.ts","Unknown; inspect surrounding code and changelog","Do not reactivate without an approved documented decision","Aggregated static keyword evidence. Manual review is required."
"UNRESOLVED","Requires manual identification","Deprecated or legacy; requires review","Keyword 'legacy'; occurrences=1; lines=392","pro-test/src/services/checkout.ts","Unknown; inspect surrounding code and changelog","Do not reactivate without an approved documented decision","Aggregated static keyword evidence. Manual review is required."
"UNRESOLVED","Requires manual identification","Deprecated or legacy; requires review","Keyword 'legacy'; occurrences=8; lines=222;226;342;66;86;92;99","scripts/_bundle-runner.mjs","Unknown; inspect surrounding code and changelog","Do not reactivate without an approved documented decision","Aggregated static keyword evidence. Manual review is required."
"UNRESOLVED","Requires manual identification","Deprecated or legacy; requires review","Keyword 'legacy'; occurrences=1; lines=12","scripts/_content-age-helpers.mjs","Unknown; inspect surrounding code and changelog","Do not reactivate without an approved documented decision","Aggregated static keyword evidence. Manual review is required."
"UNRESOLVED","Requires manual identification","Deprecated or legacy; requires review","Keyword 'legacy'; occurrences=1; lines=152","scripts/_forecast-resolution.mjs","Unknown; inspect surrounding code and changelog","Do not reactivate without an approved documented decision","Aggregated static keyword evidence. Manual review is required."
"UNRESOLVED","Requires manual identification","Deprecated or legacy; requires review","Keyword 'legacy'; occurrences=3; lines=208;209;75","scripts/_forecast-scorecard.mjs","Unknown; inspect surrounding code and changelog","Do not reactivate without an approved documented decision","Aggregated static keyword evidence. Manual review is required."
"UNRESOLVED","Requires manual identification","Deprecated or legacy; requires review","Keyword 'legacy'; occurrences=1; lines=3","scripts/_gdelt-bulk-materializer.mjs","Unknown; inspect surrounding code and changelog","Do not reactivate without an approved documented decision","Aggregated static keyword evidence. Manual review is required."
"UNRESOLVED","Requires manual identification","Disabled; requires feature-state review","Keyword 'disabled'; occurrences=3; lines=109;112;119","scripts/_gdelt-fetch.mjs","Unknown; inspect surrounding code and changelog","Do not reactivate without an approved documented decision","Aggregated static keyword evidence. Manual review is required."
"UNRESOLVED","Requires manual identification","Deprecated or legacy; requires review","Keyword 'legacy'; occurrences=4; lines=158;173;181;206","scripts/_insights-brief.mjs","Unknown; inspect surrounding code and changelog","Do not reactivate without an approved documented decision","Aggregated static keyword evidence. Manual review is required."
"UNRESOLVED","Requires manual identification","Deprecated or legacy; requires review","Keyword 'legacy'; occurrences=1; lines=199","scripts/_portwatch-content-freshness.mjs","Unknown; inspect surrounding code and changelog","Do not reactivate without an approved documented decision","Aggregated static keyword evidence. Manual review is required."
"UNRESOLVED","Requires manual identification","Deprecated or legacy; requires review","Keyword 'legacy'; occurrences=3; lines=45;46","scripts/_seed-contract.mjs","Unknown; inspect surrounding code and changelog","Do not reactivate without an approved documented decision","Aggregated static keyword evidence. Manual review is required."
"UNRESOLVED","Requires manual identification","Deprecated or legacy; requires review","Keyword 'legacy'; occurrences=5; lines=29;30;40;43;67","scripts/_seed-envelope-source.mjs","Unknown; inspect surrounding code and changelog","Do not reactivate without an approved documented decision","Aggregated static keyword evidence. Manual review is required."
"UNRESOLVED","Requires manual identification","Deprecated or legacy; requires review","Keyword 'legacy'; occurrences=12; lines=1566;1567;1791;2176;2178;2372;415;496;681;881;892;900","scripts/_seed-utils.mjs","Unknown; inspect surrounding code and changelog","Do not reactivate without an approved documented decision","Aggregated static keyword evidence. Manual review is required."
"UNRESOLVED","Requires manual identification","Deprecated or legacy; requires review","Keyword 'legacy'; occurrences=1; lines=28","scripts/_ticker-validation.mjs","Unknown; inspect surrounding code and changelog","Do not reactivate without an approved documented decision","Aggregated static keyword evidence. Manual review is required."
"UNRESOLVED","Requires manual identification","Deprecated","Keyword 'deprecated'; occurrences=5; lines=10185;10190;114;6775","scripts/ais-relay.cjs","Unknown; inspect surrounding code and changelog","Do not reactivate without an approved documented decision","Aggregated static keyword evidence. Manual review is required."
"UNRESOLVED","Requires manual identification","Disabled; requires feature-state review","Keyword 'disabled'; occurrences=35; lines=10003;12075;12087;1608;1883;197;201;2013;254;2914;2918;3308;3591;3911;431;4534;4814;4908;5020;5226;...+15 more","scripts/ais-relay.cjs","Unknown; inspect surrounding code and changelog","Do not reactivate without an approved documented decision","Aggregated static keyword evidence. Manual review is required."
"UNRESOLVED","Requires manual identification","Deprecated or legacy; requires review","Keyword 'legacy'; occurrences=3; lines=106;108;625","scripts/ais-relay.cjs","Unknown; inspect surrounding code and changelog","Do not reactivate without an approved documented decision","Aggregated static keyword evidence. Manual review is required."
"UNRESOLVED","Requires manual identification","Disabled; requires feature-state review","Keyword 'disabled'; occurrences=1; lines=87","scripts/audit-china-decision-parity.mjs","Unknown; inspect surrounding code and changelog","Do not reactivate without an approved documented decision","Aggregated static keyword evidence. Manual review is required."
"UNRESOLVED","Requires manual identification","Deprecated or legacy; requires review","Keyword 'legacy'; occurrences=5; lines=396;465;521;533;561","scripts/audit-resilience-cohorts.mjs","Unknown; inspect surrounding code and changelog","Do not reactivate without an approved documented decision","Aggregated static keyword evidence. Manual review is required."
"UNRESOLVED","Requires manual identification","Deprecated or legacy; requires review","Keyword 'legacy'; occurrences=1; lines=254","scripts/audit-static-page-contamination.mjs","Unknown; inspect surrounding code and changelog","Do not reactivate without an approved documented decision","Aggregated static keyword evidence. Manual review is required."
"UNRESOLVED","Requires manual identification","Deprecated or legacy; requires review","Keyword 'legacy'; occurrences=1; lines=202","scripts/backtest-resilience-outcomes.mjs","Unknown; inspect surrounding code and changelog","Do not reactivate without an approved documented decision","Aggregated static keyword evidence. Manual review is required."
"UNRESOLVED","Requires manual identification","Deprecated or legacy; requires review","Keyword 'legacy'; occurrences=1; lines=214","scripts/benchmark-resilience-external.mjs","Unknown; inspect surrounding code and changelog","Do not reactivate without an approved documented decision","Aggregated static keyword evidence. Manual review is required."
"UNRESOLVED","Requires manual identification","Sunset","Keyword 'retired'; occurrences=1; lines=54","scripts/benchmark-resilience-external.mjs","Unknown; inspect surrounding code and changelog","Do not reactivate without an approved documented decision","Aggregated static keyword evidence. Manual review is required."
"UNRESOLVED","Requires manual identification","Disabled; requires feature-state review","Keyword 'disabled'; occurrences=7; lines=1024;1181;1307;1406;1468;901;902","scripts/build-crawlable-corpus.mjs","Unknown; inspect surrounding code and changelog","Do not reactivate without an approved documented decision","Aggregated static keyword evidence. Manual review is required."
"UNRESOLVED","Requires manual identification","Disabled; requires feature-state review","Keyword 'disabled'; occurrences=2; lines=35;54","scripts/check-desktop-build-env.mjs","Unknown; inspect surrounding code and changelog","Do not reactivate without an approved documented decision","Aggregated static keyword evidence. Manual review is required."
"UNRESOLVED","Requires manual identification","Sunset","Keyword 'sunset'; occurrences=1; lines=45","scripts/check-desktop-build-env.mjs","Unknown; inspect surrounding code and changelog","Do not reactivate without an approved documented decision","Aggregated static keyword evidence. Manual review is required."
"UNRESOLVED","Requires manual identification","Deprecated or legacy; requires review","Keyword 'legacy'; occurrences=1; lines=27","scripts/check-sentry-coverage.mjs","Unknown; inspect surrounding code and changelog","Do not reactivate without an approved documented decision","Aggregated static keyword evidence. Manual review is required."
"UNRESOLVED","Requires manual identification","Deprecated or legacy; requires review","Keyword 'legacy'; occurrences=1; lines=525","scripts/compare-resilience-current-vs-proposed.mjs","Unknown; inspect surrounding code and changelog","Do not reactivate without an approved documented decision","Aggregated static keyword evidence. Manual review is required."
"UNRESOLVED","Requires manual identification","Sunset","Keyword 'retired'; occurrences=1; lines=260","scripts/compare-resilience-current-vs-proposed.mjs","Unknown; inspect surrounding code and changelog","Do not reactivate without an approved documented decision","Aggregated static keyword evidence. Manual review is required."
"UNRESOLVED","Requires manual identification","Disabled; requires feature-state review","Keyword 'disabled'; occurrences=1; lines=685","scripts/crawlable-live-tools.mjs","Unknown; inspect surrounding code and changelog","Do not reactivate without an approved documented decision","Aggregated static keyword evidence. Manual review is required."
"UNRESOLVED","Requires manual identification","Deprecated or legacy; requires review","Keyword 'legacy'; occurrences=1; lines=82","scripts/data/brief-adjacency-pairs.json","Unknown; inspect surrounding code and changelog","Do not reactivate without an approved documented decision","Aggregated static keyword evidence. Manual review is required."
"UNRESOLVED","Requires manual identification","Deprecated or legacy; requires review","Keyword 'legacy'; occurrences=4; lines=4793;5516;7983;8013","scripts/data/pipelines-gas.json","Unknown; inspect surrounding code and changelog","Do not reactivate without an approved documented decision","Aggregated static keyword evidence. Manual review is required."
"UNRESOLVED","Requires manual identification","Deprecated or legacy; requires review","Keyword 'legacy'; occurrences=1; lines=1021","scripts/data/storage-facilities.json","Unknown; inspect surrounding code and changelog","Do not reactivate without an approved documented decision","Aggregated static keyword evidence. Manual review is required."
"UNRESOLVED","Requires manual identification","Disabled; requires feature-state review","Keyword 'disabled'; occurrences=5; lines=179;206;220;41","scripts/disable-free-user-notifications.mjs","Unknown; inspect surrounding code and changelog","Do not reactivate without an approved documented decision","Aggregated static keyword evidence. Manual review is required."
"UNRESOLVED","Requires manual identification","Deprecated or legacy; requires review","Keyword 'legacy'; occurrences=1; lines=205","scripts/enforce-rate-limit-policies.mjs","Unknown; inspect surrounding code and changelog","Do not reactivate without an approved documented decision","Aggregated static keyword evidence. Manual review is required."
"UNRESOLVED","Requires manual identification","Deprecated or legacy; requires review","Keyword 'legacy'; occurrences=1; lines=192","scripts/enforce-safe-html.mjs","Unknown; inspect surrounding code and changelog","Do not reactivate without an approved documented decision","Aggregated static keyword evidence. Manual review is required."
"UNRESOLVED","Requires manual identification","Deprecated or legacy; requires review","Keyword 'legacy'; occurrences=1; lines=63","scripts/freeze-resilience-ranking.mjs","Unknown; inspect surrounding code and changelog","Do not reactivate without an approved documented decision","Aggregated static keyword evidence. Manual review is required."
"UNRESOLVED","Requires manual identification","Deprecated","Keyword 'deprecated'; occurrences=2; lines=196;75","scripts/lib/brief-compose.mjs","Unknown; inspect surrounding code and changelog","Do not reactivate without an approved documented decision","Aggregated static keyword evidence. Manual review is required."
"UNRESOLVED","Requires manual identification","Deprecated or legacy; requires review","Keyword 'legacy'; occurrences=1; lines=44","scripts/lib/brief-compose.mjs","Unknown; inspect surrounding code and changelog","Do not reactivate without an approved documented decision","Aggregated static keyword evidence. Manual review is required."
"UNRESOLVED","Requires manual identification","Sunset","Keyword 'retired'; occurrences=1; lines=16","scripts/lib/brief-compose.mjs","Unknown; inspect surrounding code and changelog","Do not reactivate without an approved documented decision","Aggregated static keyword evidence. Manual review is required."
"UNRESOLVED","Requires manual identification","Deprecated or legacy; requires review","Keyword 'legacy'; occurrences=1; lines=191","scripts/lib/brief-dedup.mjs","Unknown; inspect surrounding code and changelog","Do not reactivate without an approved documented decision","Aggregated static keyword evidence. Manual review is required."
"UNRESOLVED","Requires manual identification","Deprecated or legacy; requires review","Keyword 'legacy'; occurrences=2; lines=11;2","scripts/lib/brief-dedup-consts.mjs","Unknown; inspect surrounding code and changelog","Do not reactivate without an approved documented decision","Aggregated static keyword evidence. Manual review is required."
"UNRESOLVED","Requires manual identification","Deprecated or legacy; requires review","Keyword 'legacy'; occurrences=1; lines=10","scripts/lib/brief-dedup-embed.mjs","Unknown; inspect surrounding code and changelog","Do not reactivate without an approved documented decision","Aggregated static keyword evidence. Manual review is required."
"UNRESOLVED","Requires manual identification","Disabled; requires feature-state review","Keyword 'disabled'; occurrences=2; lines=332;347","scripts/lib/brief-dedup-replay-log.mjs","Unknown; inspect surrounding code and changelog","Do not reactivate without an approved documented decision","Aggregated static keyword evidence. Manual review is required."
"UNRESOLVED","Requires manual identification","Deprecated or legacy; requires review","Keyword 'legacy'; occurrences=1; lines=244","scripts/lib/brief-dedup-replay-log.mjs","Unknown; inspect surrounding code and changelog","Do not reactivate without an approved documented decision","Aggregated static keyword evidence. Manual review is required."
"UNRESOLVED","Requires manual identification","Deprecated or legacy; requires review","Keyword 'legacy'; occurrences=5; lines=137;188;199;67;908","scripts/lib/brief-llm.mjs","Unknown; inspect surrounding code and changelog","Do not reactivate without an approved documented decision","Aggregated static keyword evidence. Manual review is required."
"UNRESOLVED","Requires manual identification","Deprecated or legacy; requires review","Keyword 'legacy'; occurrences=1; lines=78","scripts/lib/brief-url-sign.mjs","Unknown; inspect surrounding code and changelog","Do not reactivate without an approved documented decision","Aggregated static keyword evidence. Manual review is required."
"UNRESOLVED","Requires manual identification","Disabled; requires feature-state review","Keyword 'disabled'; occurrences=1; lines=255","scripts/lib/digest-cooldown-decision.mjs","Unknown; inspect surrounding code and changelog","Do not reactivate without an approved documented decision","Aggregated static keyword evidence. Manual review is required."
"UNRESOLVED","Requires manual identification","Disabled; requires feature-state review","Keyword 'disabled'; occurrences=1; lines=73","scripts/lib/digest-only-user.mjs","Unknown; inspect surrounding code and changelog","Do not reactivate without an approved documented decision","Aggregated static keyword evidence. Manual review is required."
"UNRESOLVED","Requires manual identification","Deprecated or legacy; requires review","Keyword 'legacy'; occurrences=1; lines=15","scripts/lib/digest-only-user.mjs","Unknown; inspect surrounding code and changelog","Do not reactivate without an approved documented decision","Aggregated static keyword evidence. Manual review is required."
"UNRESOLVED","Requires manual identification","Deprecated or legacy; requires review","Keyword 'legacy'; occurrences=1; lines=4","scripts/lib/digest-opinion-track-filter.mjs","Unknown; inspect surrounding code and changelog","Do not reactivate without an approved documented decision","Aggregated static keyword evidence. Manual review is required."
"UNRESOLVED","Requires manual identification","Deprecated or legacy; requires review","Keyword 'legacy'; occurrences=1; lines=214","scripts/lib/digest-orchestration-helpers.mjs","Unknown; inspect surrounding code and changelog","Do not reactivate without an approved documented decision","Aggregated static keyword evidence. Manual review is required."
"UNRESOLVED","Requires manual identification","Deprecated or legacy; requires review","Keyword 'legacy'; occurrences=3; lines=29;45;9","scripts/lib/email-summary-html.mjs","Unknown; inspect surrounding code and changelog","Do not reactivate without an approved documented decision","Aggregated static keyword evidence. Manual review is required."
"UNRESOLVED","Requires manual identification","Deprecated or legacy; requires review","Keyword 'legacy'; occurrences=1; lines=9","scripts/lib/followed-countries-fetch.cjs","Unknown; inspect surrounding code and changelog","Do not reactivate without an approved documented decision","Aggregated static keyword evidence. Manual review is required."
"UNRESOLVED","Requires manual identification","Deprecated or legacy; requires review","Keyword 'legacy'; occurrences=1; lines=43","scripts/lib/story-track-batch-reader.mjs","Unknown; inspect surrounding code and changelog","Do not reactivate without an approved documented decision","Aggregated static keyword evidence. Manual review is required."
"UNRESOLVED","Requires manual identification","Disabled; requires feature-state review","Keyword 'disabled'; occurrences=4; lines=96;97;98","scripts/lib/user-context.cjs","Unknown; inspect surrounding code and changelog","Do not reactivate without an approved documented decision","Aggregated static keyword evidence. Manual review is required."
"UNRESOLVED","Requires manual identification","Deprecated or legacy; requires review","Keyword 'legacy'; occurrences=5; lines=12;124;154;159;162","scripts/lint-boundaries.mjs","Unknown; inspect surrounding code and changelog","Do not reactivate without an approved documented decision","Aggregated static keyword evidence. Manual review is required."
"UNRESOLVED","Requires manual identification","Disabled; requires feature-state review","Keyword 'disabled'; occurrences=6; lines=107;30;31;32;35;36","scripts/measure-dashboard-render-axis.mjs","Unknown; inspect surrounding code and changelog","Do not reactivate without an approved documented decision","Aggregated static keyword evidence. Manual review is required."
"UNRESOLVED","Requires manual identification","Deprecated or legacy; requires review","Keyword 'legacy'; occurrences=1; lines=594","scripts/measure-dashboard-render-axis.mjs","Unknown; inspect surrounding code and changelog","Do not reactivate without an approved documented decision","Aggregated static keyword evidence. Manual review is required."
"UNRESOLVED","Requires manual identification","Disabled; requires feature-state review","Keyword 'disabled'; occurrences=2; lines=294;295","scripts/measure-desktop-mainthread.mjs","Unknown; inspect surrounding code and changelog","Do not reactivate without an approved documented decision","Aggregated static keyword evidence. Manual review is required."
"UNRESOLVED","Requires manual identification","Disabled; requires feature-state review","Keyword 'disabled'; occurrences=3; lines=591;606;913","scripts/notification-relay.cjs","Unknown; inspect surrounding code and changelog","Do not reactivate without an approved documented decision","Aggregated static keyword evidence. Manual review is required."
"UNRESOLVED","Requires manual identification","Deprecated or legacy; requires review","Keyword 'legacy'; occurrences=6; lines=1300;746;751;817;851;874","scripts/notification-relay.cjs","Unknown; inspect surrounding code and changelog","Do not reactivate without an approved documented decision","Aggregated static keyword evidence. Manual review is required."
"UNRESOLVED","Requires manual identification","Deprecated or legacy; requires review","Keyword 'legacy'; occurrences=1; lines=10","scripts/openapi-inject-async-jobs.mjs","Unknown; inspect surrounding code and changelog","Do not reactivate without an approved documented decision","Aggregated static keyword evidence. Manual review is required."
"UNRESOLVED","Requires manual identification","Deprecated","Keyword 'deprecated'; occurrences=21; lines=111;112;114;115;122;123;135;136;145;148;182;195;207;229;230;280;285;5;6;75;...+1 more","scripts/openapi-inject-deprecated.mjs","Unknown; inspect surrounding code and changelog","Do not reactivate without an approved documented decision","Aggregated static keyword evidence. Manual review is required."
"UNRESOLVED","Requires manual identification","Deprecated","Keyword 'deprecated'; occurrences=1; lines=613","scripts/openapi-inject-examples.mjs","Unknown; inspect surrounding code and changelog","Do not reactivate without an approved documented decision","Aggregated static keyword evidence. Manual review is required."
"UNRESOLVED","Requires manual identification","Deprecated or legacy; requires review","Keyword 'legacy'; occurrences=1; lines=683","scripts/openapi-inject-examples.mjs","Unknown; inspect surrounding code and changelog","Do not reactivate without an approved documented decision","Aggregated static keyword evidence. Manual review is required."
"UNRESOLVED","Requires manual identification","Deprecated or legacy; requires review","Keyword 'legacy'; occurrences=7; lines=183;190;266;326;59;70;818","scripts/openapi-inject-security.mjs","Unknown; inspect surrounding code and changelog","Do not reactivate without an approved documented decision","Aggregated static keyword evidence. Manual review is required."
"UNRESOLVED","Requires manual identification","Disabled; requires feature-state review","Keyword 'disabled'; occurrences=1; lines=309","scripts/regional-snapshot/alert-emitter.mjs","Unknown; inspect surrounding code and changelog","Do not reactivate without an approved documented decision","Aggregated static keyword evidence. Manual review is required."
"UNRESOLVED","Requires manual identification","Deprecated or legacy; requires review","Keyword 'legacy'; occurrences=6; lines=324;372;374;377;380;453","scripts/regional-snapshot/alert-emitter.mjs","Unknown; inspect surrounding code and changelog","Do not reactivate without an approved documented decision","Aggregated static keyword evidence. Manual review is required."
"UNRESOLVED","Requires manual identification","Deprecated or legacy; requires review","Keyword 'legacy'; occurrences=2; lines=310;707","scripts/replay-digest-cooldown.mjs","Unknown; inspect surrounding code and changelog","Do not reactivate without an approved documented decision","Aggregated static keyword evidence. Manual review is required."
"UNRESOLVED","Requires manual identification","Deprecated or legacy; requires review","Keyword 'legacy'; occurrences=1; lines=2","scripts/safe-html-baseline.json","Unknown; inspect surrounding code and changelog","Do not reactivate without an approved documented decision","Aggregated static keyword evidence. Manual review is required."
"UNRESOLVED","Requires manual identification","Disabled; requires feature-state review","Keyword 'disabled'; occurrences=1; lines=1342","scripts/seed-aviation.mjs","Unknown; inspect surrounding code and changelog","Do not reactivate without an approved documented decision","Aggregated static keyword evidence. Manual review is required."
"UNRESOLVED","Requires manual identification","Deprecated or legacy; requires review","Keyword 'legacy'; occurrences=1; lines=94","scripts/seed-aviation.mjs","Unknown; inspect surrounding code and changelog","Do not reactivate without an approved documented decision","Aggregated static keyword evidence. Manual review is required."
"UNRESOLVED","Requires manual identification","Deprecated or legacy; requires review","Keyword 'legacy'; occurrences=1; lines=14","scripts/seed-bis-extended.mjs","Unknown; inspect surrounding code and changelog","Do not reactivate without an approved documented decision","Aggregated static keyword evidence. Manual review is required."
"UNRESOLVED","Requires manual identification","Deprecated or legacy; requires review","Keyword 'legacy'; occurrences=1; lines=228","scripts/seed-conflict-intel.mjs","Unknown; inspect surrounding code and changelog","Do not reactivate without an approved documented decision","Aggregated static keyword evidence. Manual review is required."
"UNRESOLVED","Requires manual identification","Deprecated or legacy; requires review","Keyword 'legacy'; occurrences=7; lines=56;65;77;78;88;95;96","scripts/seed-correlation.mjs","Unknown; inspect surrounding code and changelog","Do not reactivate without an approved documented decision","Aggregated static keyword evidence. Manual review is required."
"UNRESOLVED","Requires manual identification","Deprecated or legacy; requires review","Keyword 'legacy'; occurrences=1; lines=124","scripts/seed-cot.mjs","Unknown; inspect surrounding code and changelog","Do not reactivate without an approved documented decision","Aggregated static keyword evidence. Manual review is required."
"UNRESOLVED","Requires manual identification","Deprecated or legacy; requires review","Keyword 'legacy'; occurrences=1; lines=230","scripts/seed-cross-source-signals.mjs","Unknown; inspect surrounding code and changelog","Do not reactivate without an approved documented decision","Aggregated static keyword evidence. Manual review is required."
"UNRESOLVED","Requires manual identification","Deprecated or legacy; requires review","Keyword 'legacy'; occurrences=1; lines=278","scripts/seed-cross-strait-activity.mjs","Unknown; inspect surrounding code and changelog","Do not reactivate without an approved documented decision","Aggregated static keyword evidence. Manual review is required."
"UNRESOLVED","Requires manual identification","Disabled; requires feature-state review","Keyword 'disabled'; occurrences=6; lines=164;1695;2400;2426;874;969","scripts/seed-digest-notifications.mjs","Unknown; inspect surrounding code and changelog","Do not reactivate without an approved documented decision","Aggregated static keyword evidence. Manual review is required."
"UNRESOLVED","Requires manual identification","Deprecated or legacy; requires review","Keyword 'legacy'; occurrences=11; lines=1271;1833;2043;2300;2404;3004;485;663;680;693;718","scripts/seed-digest-notifications.mjs","Unknown; inspect surrounding code and changelog","Do not reactivate without an approved documented decision","Aggregated static keyword evidence. Manual review is required."
"UNRESOLVED","Requires manual identification","Sunset","Keyword 'retired'; occurrences=1; lines=173","scripts/seed-digest-notifications.mjs","Unknown; inspect surrounding code and changelog","Do not reactivate without an approved documented decision","Aggregated static keyword evidence. Manual review is required."
"UNRESOLVED","Requires manual identification","Deprecated or legacy; requires review","Keyword 'legacy'; occurrences=1; lines=5","scripts/seed-disease-outbreaks.mjs","Unknown; inspect surrounding code and changelog","Do not reactivate without an approved documented decision","Aggregated static keyword evidence. Manual review is required."
"UNRESOLVED","Requires manual identification","Deprecated or legacy; requires review","Keyword 'legacy'; occurrences=1; lines=69","scripts/seed-economic-calendar.mjs","Unknown; inspect surrounding code and changelog","Do not reactivate without an approved documented decision","Aggregated static keyword evidence. Manual review is required."
"UNRESOLVED","Requires manual identification","Deprecated or legacy; requires review","Keyword 'legacy'; occurrences=1; lines=85","scripts/seed-ember-electricity.mjs","Unknown; inspect surrounding code and changelog","Do not reactivate without an approved documented decision","Aggregated static keyword evidence. Manual review is required."
"UNRESOLVED","Requires manual identification","Deprecated or legacy; requires review","Keyword 'legacy'; occurrences=1; lines=1051","scripts/seed-forecast-resolutions.mjs","Unknown; inspect surrounding code and changelog","Do not reactivate without an approved documented decision","Aggregated static keyword evidence. Manual review is required."
"UNRESOLVED","Requires manual identification","Disabled; requires feature-state review","Keyword 'disabled'; occurrences=1; lines=14638","scripts/seed-forecasts.mjs","Unknown; inspect surrounding code and changelog","Do not reactivate without an approved documented decision","Aggregated static keyword evidence. Manual review is required."
"UNRESOLVED","Requires manual identification","Deprecated or legacy; requires review","Keyword 'legacy'; occurrences=11; lines=10982;11060;11064;12017;14766;18055;18117;18522;3738;3743;927","scripts/seed-forecasts.mjs","Unknown; inspect surrounding code and changelog","Do not reactivate without an approved documented decision","Aggregated static keyword evidence. Manual review is required."
"UNRESOLVED","Requires manual identification","Sunset","Keyword 'sunset'; occurrences=1; lines=58","scripts/seed-forecasts.mjs","Unknown; inspect surrounding code and changelog","Do not reactivate without an approved documented decision","Aggregated static keyword evidence. Manual review is required."
"UNRESOLVED","Requires manual identification","Deprecated or legacy; requires review","Keyword 'legacy'; occurrences=1; lines=238","scripts/seed-forecasts.types.d.ts","Unknown; inspect surrounding code and changelog","Do not reactivate without an approved documented decision","Aggregated static keyword evidence. Manual review is required."
"UNRESOLVED","Requires manual identification","Deprecated or legacy; requires review","Keyword 'legacy'; occurrences=1; lines=12","scripts/seed-fsi-eu.mjs","Unknown; inspect surrounding code and changelog","Do not reactivate without an approved documented decision","Aggregated static keyword evidence. Manual review is required."
"UNRESOLVED","Requires manual identification","Deprecated","Keyword 'deprecated'; occurrences=1; lines=3","scripts/seed-gdelt-intel.mjs","Unknown; inspect surrounding code and changelog","Do not reactivate without an approved documented decision","Aggregated static keyword evidence. Manual review is required."
"UNRESOLVED","Requires manual identification","Deprecated or legacy; requires review","Keyword 'legacy'; occurrences=1; lines=169","scripts/seed-gold-cb-reserves.mjs","Unknown; inspect surrounding code and changelog","Do not reactivate without an approved documented decision","Aggregated static keyword evidence. Manual review is required."
"UNRESOLVED","Requires manual identification","Deprecated or legacy; requires review","Keyword 'legacy'; occurrences=1; lines=13","scripts/seed-gold-etf-flows.mjs","Unknown; inspect surrounding code and changelog","Do not reactivate without an approved documented decision","Aggregated static keyword evidence. Manual review is required."
"UNRESOLVED","Requires manual identification","Deprecated or legacy; requires review","Keyword 'legacy'; occurrences=1; lines=283","scripts/seed-hyperliquid-flow.mjs","Unknown; inspect surrounding code and changelog","Do not reactivate without an approved documented decision","Aggregated static keyword evidence. Manual review is required."
"UNRESOLVED","Requires manual identification","Deprecated","Keyword 'deprecated'; occurrences=2; lines=173;99","scripts/seed-imf-growth.mjs","Unknown; inspect surrounding code and changelog","Do not reactivate without an approved documented decision","Aggregated static keyword evidence. Manual review is required."
"UNRESOLVED","Requires manual identification","Disabled; requires feature-state review","Keyword 'disabled'; occurrences=1; lines=373","scripts/seed-insights.mjs","Unknown; inspect surrounding code and changelog","Do not reactivate without an approved documented decision","Aggregated static keyword evidence. Manual review is required."
"UNRESOLVED","Requires manual identification","Deprecated or legacy; requires review","Keyword 'legacy'; occurrences=10; lines=298;427;776;873;876;877;878;879;885;894","scripts/seed-insights.mjs","Unknown; inspect surrounding code and changelog","Do not reactivate without an approved documented decision","Aggregated static keyword evidence. Manual review is required."
"UNRESOLVED","Requires manual identification","Sunset","Keyword 'sunset'; occurrences=2; lines=10;15","scripts/seed-iran-events.mjs","Unknown; inspect surrounding code and changelog","Do not reactivate without an approved documented decision","Aggregated static keyword evidence. Manual review is required."
"UNRESOLVED","Requires manual identification","Sunset","Keyword 'retired'; occurrences=1; lines=41","scripts/seed-low-carbon-generation.mjs","Unknown; inspect surrounding code and changelog","Do not reactivate without an approved documented decision","Aggregated static keyword evidence. Manual review is required."
"UNRESOLVED","Requires manual identification","Disabled; requires feature-state review","Keyword 'disabled'; occurrences=3; lines=161;336;390","scripts/seed-portwatch-port-activity.mjs","Unknown; inspect surrounding code and changelog","Do not reactivate without an approved documented decision","Aggregated static keyword evidence. Manual review is required."
"UNRESOLVED","Requires manual identification","Deprecated or legacy; requires review","Keyword 'legacy'; occurrences=2; lines=1078;956","scripts/seed-portwatch-port-activity.mjs","Unknown; inspect surrounding code and changelog","Do not reactivate without an approved documented decision","Aggregated static keyword evidence. Manual review is required."
"UNRESOLVED","Requires manual identification","Sunset","Keyword 'retired'; occurrences=1; lines=6","scripts/seed-power-reliability.mjs","Unknown; inspect surrounding code and changelog","Do not reactivate without an approved documented decision","Aggregated static keyword evidence. Manual review is required."
"UNRESOLVED","Requires manual identification","Deprecated or legacy; requires review","Keyword 'legacy'; occurrences=1; lines=18","scripts/seed-recovery-fiscal-space.mjs","Unknown; inspect surrounding code and changelog","Do not reactivate without an approved documented decision","Aggregated static keyword evidence. Manual review is required."
"UNRESOLVED","Requires manual identification","Deprecated or legacy; requires review","Keyword 'legacy'; occurrences=2; lines=452;75","scripts/seed-recovery-import-hhi.mjs","Unknown; inspect surrounding code and changelog","Do not reactivate without an approved documented decision","Aggregated static keyword evidence. Manual review is required."
"UNRESOLVED","Requires manual identification","Deprecated or legacy; requires review","Keyword 'legacy'; occurrences=1; lines=171","scripts/seed-supply-chain-trade.mjs","Unknown; inspect surrounding code and changelog","Do not reactivate without an approved documented decision","Aggregated static keyword evidence. Manual review is required."
"UNRESOLVED","Requires manual identification","Deprecated or legacy; requires review","Keyword 'legacy'; occurrences=1; lines=67","scripts/shadow-score-rank.mjs","Unknown; inspect surrounding code and changelog","Do not reactivate without an approved documented decision","Aggregated static keyword evidence. Manual review is required."
"UNRESOLVED","Requires manual identification","Deprecated or legacy; requires review","Keyword 'legacy'; occurrences=3; lines=15;4;59","scripts/shadow-score-report.mjs","Unknown; inspect surrounding code and changelog","Do not reactivate without an approved documented decision","Aggregated static keyword evidence. Manual review is required."
"UNRESOLVED","Requires manual identification","Deprecated or legacy; requires review","Keyword 'legacy'; occurrences=1; lines=17","scripts/shared/acled-oauth.mjs","Unknown; inspect surrounding code and changelog","Do not reactivate without an approved documented decision","Aggregated static keyword evidence. Manual review is required."
"UNRESOLVED","Requires manual identification","Disabled; requires feature-state review","Keyword 'disabled'; occurrences=1; lines=949","scripts/shared/brief-llm-core.js","Unknown; inspect surrounding code and changelog","Do not reactivate without an approved documented decision","Aggregated static keyword evidence. Manual review is required."
"UNRESOLVED","Requires manual identification","Deprecated or legacy; requires review","Keyword 'legacy'; occurrences=2; lines=165;183","scripts/shared/brief-llm-core.js","Unknown; inspect surrounding code and changelog","Do not reactivate without an approved documented decision","Aggregated static keyword evidence. Manual review is required."
"UNRESOLVED","Requires manual identification","Deprecated or legacy; requires review","Keyword 'legacy'; occurrences=1; lines=17","scripts/shared/comtrade-strategic-products.json","Unknown; inspect surrounding code and changelog","Do not reactivate without an approved documented decision","Aggregated static keyword evidence. Manual review is required."
"UNRESOLVED","Requires manual identification","Deprecated or legacy; requires review","Keyword 'legacy'; occurrences=3; lines=11;24;6","scripts/shared/correlation-runtime-mode.js","Unknown; inspect surrounding code and changelog","Do not reactivate without an approved documented decision","Aggregated static keyword evidence. Manual review is required."
"UNRESOLVED","Requires manual identification","Deprecated or legacy; requires review","Keyword 'legacy'; occurrences=16; lines=113;139;142;144;152;160;163;165;175;183;188;197;206;209;222;226","scripts/shared/giving-published-estimate-claims.json","Unknown; inspect surrounding code and changelog","Do not reactivate without an approved documented decision","Aggregated static keyword evidence. Manual review is required."
"UNRESOLVED","Requires manual identification","Disabled; requires feature-state review","Keyword 'disabled'; occurrences=9; lines=100;150;151;33;34;39;63;66","scripts/shared/notification-dedup.cjs","Unknown; inspect surrounding code and changelog","Do not reactivate without an approved documented decision","Aggregated static keyword evidence. Manual review is required."
"UNRESOLVED","Requires manual identification","Deprecated or legacy; requires review","Keyword 'legacy'; occurrences=1; lines=352","scripts/shared/story-identity.js","Unknown; inspect surrounding code and changelog","Do not reactivate without an approved documented decision","Aggregated static keyword evidence. Manual review is required."
"UNRESOLVED","Requires manual identification","Deprecated or legacy; requires review","Keyword 'legacy'; occurrences=1; lines=63","scripts/sync-locale-keys.mjs","Unknown; inspect surrounding code and changelog","Do not reactivate without an approved documented decision","Aggregated static keyword evidence. Manual review is required."
"UNRESOLVED","Requires manual identification","Deprecated or legacy; requires review","Keyword 'legacy'; occurrences=1; lines=126","scripts/validate-resilience-backtest.mjs","Unknown; inspect surrounding code and changelog","Do not reactivate without an approved documented decision","Aggregated static keyword evidence. Manual review is required."
"UNRESOLVED","Requires manual identification","Disabled; requires feature-state review","Keyword 'disabled'; occurrences=1; lines=71","SECURITY.md","Unknown; inspect surrounding code and changelog","Do not reactivate without an approved documented decision","Aggregated static keyword evidence. Manual review is required."
"UNRESOLVED","Requires manual identification","Deprecated","Keyword 'deprecated'; occurrences=1; lines=49","SELF_HOSTING.md","Unknown; inspect surrounding code and changelog","Do not reactivate without an approved documented decision","Aggregated static keyword evidence. Manual review is required."
"UNRESOLVED","Requires manual identification","Deprecated or legacy; requires review","Keyword 'legacy'; occurrences=2; lines=141;20","server/__tests__/direct-llm-quota.test.ts","Unknown; inspect surrounding code and changelog","Do not reactivate without an approved documented decision","Aggregated static keyword evidence. Manual review is required."
"UNRESOLVED","Requires manual identification","Deprecated or legacy; requires review","Keyword 'legacy'; occurrences=3; lines=1207;1210;613","server/__tests__/entitlement-check.test.ts","Unknown; inspect surrounding code and changelog","Do not reactivate without an approved documented decision","Aggregated static keyword evidence. Manual review is required."
"UNRESOLVED","Requires manual identification","Deprecated or legacy; requires review","Keyword 'legacy'; occurrences=2; lines=360;370","server/__tests__/gateway-user-key-apiaccess.test.ts","Unknown; inspect surrounding code and changelog","Do not reactivate without an approved documented decision","Aggregated static keyword evidence. Manual review is required."
"UNRESOLVED","Requires manual identification","Disabled; requires feature-state review","Keyword 'disabled'; occurrences=6; lines=101;103;91;93;96;98","server/__tests__/idempotency.test.ts","Unknown; inspect surrounding code and changelog","Do not reactivate without an approved documented decision","Aggregated static keyword evidence. Manual review is required."
"UNRESOLVED","Requires manual identification","Sunset","Keyword 'retired'; occurrences=2; lines=76;92","server/__tests__/summarize-article-cache-readonly.test.ts","Unknown; inspect surrounding code and changelog","Do not reactivate without an approved documented decision","Aggregated static keyword evidence. Manual review is required."
"UNRESOLVED","Requires manual identification","Deprecated or legacy; requires review","Keyword 'legacy'; occurrences=2; lines=113;6","server/__tests__/widget-agent-billing-denial.test.ts","Unknown; inspect surrounding code and changelog","Do not reactivate without an approved documented decision","Aggregated static keyword evidence. Manual review is required."
"UNRESOLVED","Requires manual identification","Deprecated or legacy; requires review","Keyword 'legacy'; occurrences=2; lines=164;226","server/_shared/acled-auth.ts","Unknown; inspect surrounding code and changelog","Do not reactivate without an approved documented decision","Aggregated static keyword evidence. Manual review is required."
"UNRESOLVED","Requires manual identification","Deprecated or legacy; requires review","Keyword 'legacy'; occurrences=2; lines=211;237","server/_shared/api-key-rate-limit.ts","Unknown; inspect surrounding code and changelog","Do not reactivate without an approved documented decision","Aggregated static keyword evidence. Manual review is required."
"UNRESOLVED","Requires manual identification","Deprecated or legacy; requires review","Keyword 'legacy'; occurrences=2; lines=120;150","server/_shared/brief-share-url.ts","Unknown; inspect surrounding code and changelog","Do not reactivate without an approved documented decision","Aggregated static keyword evidence. Manual review is required."
"UNRESOLVED","Requires manual identification","Deprecated or legacy; requires review","Keyword 'legacy'; occurrences=4; lines=137;138;160;177","server/_shared/brief-url.ts","Unknown; inspect surrounding code and changelog","Do not reactivate without an approved documented decision","Aggregated static keyword evidence. Manual review is required."
"UNRESOLVED","Requires manual identification","Deprecated or legacy; requires review","Keyword 'legacy'; occurrences=3; lines=42;43;44","server/_shared/cache-keys.ts","Unknown; inspect surrounding code and changelog","Do not reactivate without an approved documented decision","Aggregated static keyword evidence. Manual review is required."
"UNRESOLVED","Requires manual identification","Deprecated or legacy; requires review","Keyword 'legacy'; occurrences=1; lines=42","server/_shared/direct-llm-quota.ts","Unknown; inspect surrounding code and changelog","Do not reactivate without an approved documented decision","Aggregated static keyword evidence. Manual review is required."
"UNRESOLVED","Requires manual identification","Disabled; requires feature-state review","Keyword 'disabled'; occurrences=3; lines=182;189;197","server/_shared/entitlement-check.ts","Unknown; inspect surrounding code and changelog","Do not reactivate without an approved documented decision","Aggregated static keyword evidence. Manual review is required."
"UNRESOLVED","Requires manual identification","Deprecated or legacy; requires review","Keyword 'legacy'; occurrences=9; lines=143;144;52;523;548;63;79;849;850","server/_shared/entitlement-check.ts","Unknown; inspect surrounding code and changelog","Do not reactivate without an approved documented decision","Aggregated static keyword evidence. Manual review is required."
"UNRESOLVED","Requires manual identification","Disabled; requires feature-state review","Keyword 'disabled'; occurrences=10; lines=210;290;293;296;324;335;340;355;75;78","server/_shared/idempotency.ts","Unknown; inspect surrounding code and changelog","Do not reactivate without an approved documented decision","Aggregated static keyword evidence. Manual review is required."
"UNRESOLVED","Requires manual identification","Disabled; requires feature-state review","Keyword 'disabled'; occurrences=2; lines=40;49","server/_shared/intel-history-client.ts","Unknown; inspect surrounding code and changelog","Do not reactivate without an approved documented decision","Aggregated static keyword evidence. Manual review is required."
"UNRESOLVED","Requires manual identification","Disabled; requires feature-state review","Keyword 'disabled'; occurrences=1; lines=71","server/_shared/intel-history-contract.ts","Unknown; inspect surrounding code and changelog","Do not reactivate without an approved documented decision","Aggregated static keyword evidence. Manual review is required."
"UNRESOLVED","Requires manual identification","Disabled; requires feature-state review","Keyword 'disabled'; occurrences=1; lines=119","server/_shared/intel-history-embed.ts","Unknown; inspect surrounding code and changelog","Do not reactivate without an approved documented decision","Aggregated static keyword evidence. Manual review is required."
"UNRESOLVED","Requires manual identification","Deprecated","Keyword 'deprecated'; occurrences=2; lines=115;20","server/_shared/ip-address-classification.ts","Unknown; inspect surrounding code and changelog","Do not reactivate without an approved documented decision","Aggregated static keyword evidence. Manual review is required."
"UNRESOLVED","Requires manual identification","Disabled; requires feature-state review","Keyword 'disabled'; occurrences=1; lines=319","server/_shared/llm.ts","Unknown; inspect surrounding code and changelog","Do not reactivate without an approved documented decision","Aggregated static keyword evidence. Manual review is required."
"UNRESOLVED","Requires manual identification","Deprecated or legacy; requires review","Keyword 'legacy'; occurrences=1; lines=2","server/_shared/opinion-classifier.d.ts","Unknown; inspect surrounding code and changelog","Do not reactivate without an approved documented decision","Aggregated static keyword evidence. Manual review is required."
"UNRESOLVED","Requires manual identification","Deprecated or legacy; requires review","Keyword 'legacy'; occurrences=2; lines=118;124","server/_shared/opinion-classifier.js","Unknown; inspect surrounding code and changelog","Do not reactivate without an approved documented decision","Aggregated static keyword evidence. Manual review is required."
"UNRESOLVED","Requires manual identification","Deprecated or legacy; requires review","Keyword 'legacy'; occurrences=1; lines=357","server/_shared/premium-check.ts","Unknown; inspect surrounding code and changelog","Do not reactivate without an approved documented decision","Aggregated static keyword evidence. Manual review is required."
"UNRESOLVED","Requires manual identification","Deprecated or legacy; requires review","Keyword 'legacy'; occurrences=1; lines=5","server/_shared/pro-entitlement.ts","Unknown; inspect surrounding code and changelog","Do not reactivate without an approved documented decision","Aggregated static keyword evidence. Manual review is required."
"UNRESOLVED","Requires manual identification","Deprecated or legacy; requires review","Keyword 'legacy'; occurrences=1; lines=327","server/_shared/pro-mcp-token.ts","Unknown; inspect surrounding code and changelog","Do not reactivate without an approved documented decision","Aggregated static keyword evidence. Manual review is required."
"UNRESOLVED","Requires manual identification","Deprecated or legacy; requires review","Keyword 'legacy'; occurrences=5; lines=101;116;264;275;280","server/_shared/rate-limit.ts","Unknown; inspect surrounding code and changelog","Do not reactivate without an approved documented decision","Aggregated static keyword evidence. Manual review is required."
"UNRESOLVED","Requires manual identification","Disabled; requires feature-state review","Keyword 'disabled'; occurrences=2; lines=407;698","server/_shared/redis.ts","Unknown; inspect surrounding code and changelog","Do not reactivate without an approved documented decision","Aggregated static keyword evidence. Manual review is required."
"UNRESOLVED","Requires manual identification","Deprecated or legacy; requires review","Keyword 'legacy'; occurrences=3; lines=149;532;99","server/_shared/redis.ts","Unknown; inspect surrounding code and changelog","Do not reactivate without an approved documented decision","Aggregated static keyword evidence. Manual review is required."
"UNRESOLVED","Requires manual identification","Deprecated or legacy; requires review","Keyword 'legacy'; occurrences=1; lines=59","server/_shared/response-headers.ts","Unknown; inspect surrounding code and changelog","Do not reactivate without an approved documented decision","Aggregated static keyword evidence. Manual review is required."
"UNRESOLVED","Requires manual identification","Deprecated or legacy; requires review","Keyword 'legacy'; occurrences=1; lines=2","server/alias-rewrite.ts","Unknown; inspect surrounding code and changelog","Do not reactivate without an approved documented decision","Aggregated static keyword evidence. Manual review is required."
"UNRESOLVED","Requires manual identification","Disabled; requires feature-state review","Keyword 'disabled'; occurrences=2; lines=1664;1911","server/gateway.ts","Unknown; inspect surrounding code and changelog","Do not reactivate without an approved documented decision","Aggregated static keyword evidence. Manual review is required."
"UNRESOLVED","Requires manual identification","Deprecated or legacy; requires review","Keyword 'legacy'; occurrences=14; lines=1143;1318;1398;1425;1437;1447;1593;1848;381;564;778;893;969;985","server/gateway.ts","Unknown; inspect surrounding code and changelog","Do not reactivate without an approved documented decision","Aggregated static keyword evidence. Manual review is required."
"UNRESOLVED","Requires manual identification","Disabled; requires feature-state review","Keyword 'disabled'; occurrences=1; lines=61","server/worldmonitor/aviation/v1/_avstack-budget.ts","Unknown; inspect surrounding code and changelog","Do not reactivate without an approved documented decision","Aggregated static keyword evidence. Manual review is required."
"UNRESOLVED","Requires manual identification","Deprecated or legacy; requires review","Keyword 'legacy'; occurrences=1; lines=19","server/worldmonitor/aviation/v1/_avstack-budget.ts","Unknown; inspect surrounding code and changelog","Do not reactivate without an approved documented decision","Aggregated static keyword evidence. Manual review is required."
"UNRESOLVED","Requires manual identification","Deprecated or legacy; requires review","Keyword 'legacy'; occurrences=1; lines=8","server/worldmonitor/conflict/v1/handler.ts","Unknown; inspect surrounding code and changelog","Do not reactivate without an approved documented decision","Aggregated static keyword evidence. Manual review is required."
"UNRESOLVED","Requires manual identification","Sunset","Keyword 'sunset'; occurrences=1; lines=11","server/worldmonitor/conflict/v1/list-iran-events.ts","Unknown; inspect surrounding code and changelog","Do not reactivate without an approved documented decision","Aggregated static keyword evidence. Manual review is required."
"UNRESOLVED","Requires manual identification","Deprecated or legacy; requires review","Keyword 'legacy'; occurrences=1; lines=125","server/worldmonitor/cyber/v1/_shared.ts","Unknown; inspect surrounding code and changelog","Do not reactivate without an approved documented decision","Aggregated static keyword evidence. Manual review is required."
"UNRESOLVED","Requires manual identification","Deprecated or legacy; requires review","Keyword 'legacy'; occurrences=1; lines=485","server/worldmonitor/economic/v1/get-china-activity-nowcast.ts","Unknown; inspect surrounding code and changelog","Do not reactivate without an approved documented decision","Aggregated static keyword evidence. Manual review is required."
"UNRESOLVED","Requires manual identification","Deprecated or legacy; requires review","Keyword 'legacy'; occurrences=1; lines=13","server/worldmonitor/economic/v1/get-eu-fsi.ts","Unknown; inspect surrounding code and changelog","Do not reactivate without an approved documented decision","Aggregated static keyword evidence. Manual review is required."
"UNRESOLVED","Requires manual identification","Disabled; requires feature-state review","Keyword 'disabled'; occurrences=1; lines=107","server/worldmonitor/economic/v1/list-global-tenders.ts","Unknown; inspect surrounding code and changelog","Do not reactivate without an approved documented decision","Aggregated static keyword evidence. Manual review is required."
"UNRESOLVED","Requires manual identification","Deprecated or legacy; requires review","Keyword 'legacy'; occurrences=1; lines=36","server/worldmonitor/giving/v1/published-estimates.ts","Unknown; inspect surrounding code and changelog","Do not reactivate without an approved documented decision","Aggregated static keyword evidence. Manual review is required."
"UNRESOLVED","Requires manual identification","Deprecated or legacy; requires review","Keyword 'legacy'; occurrences=3; lines=139;140;141","server/worldmonitor/imagery/v1/search-imagery.ts","Unknown; inspect surrounding code and changelog","Do not reactivate without an approved documented decision","Aggregated static keyword evidence. Manual review is required."
"UNRESOLVED","Requires manual identification","Sunset","Keyword 'sunset'; occurrences=2; lines=10;27","server/worldmonitor/infrastructure/v1/get-bootstrap-data.ts","Unknown; inspect surrounding code and changelog","Do not reactivate without an approved documented decision","Aggregated static keyword evidence. Manual review is required."
"UNRESOLVED","Requires manual identification","Deprecated or legacy; requires review","Keyword 'legacy'; occurrences=1; lines=5","server/worldmonitor/intelligence/v1/brief-why-matters-prompt.ts","Unknown; inspect surrounding code and changelog","Do not reactivate without an approved documented decision","Aggregated static keyword evidence. Manual review is required."
"UNRESOLVED","Requires manual identification","Deprecated","Keyword 'deprecated'; occurrences=1; lines=45","server/worldmonitor/intelligence/v1/get-company-enrichment.ts","Unknown; inspect surrounding code and changelog","Do not reactivate without an approved documented decision","Aggregated static keyword evidence. Manual review is required."
"UNRESOLVED","Requires manual identification","Disabled; requires feature-state review","Keyword 'disabled'; occurrences=2; lines=12;44","server/worldmonitor/intelligence/v1/get-company-enrichment.ts","Unknown; inspect surrounding code and changelog","Do not reactivate without an approved documented decision","Aggregated static keyword evidence. Manual review is required."
"UNRESOLVED","Requires manual identification","Deprecated or legacy; requires review","Keyword 'legacy'; occurrences=6; lines=65;66;68;69;70;71","server/worldmonitor/intelligence/v1/get-country-intel-brief.ts","Unknown; inspect surrounding code and changelog","Do not reactivate without an approved documented decision","Aggregated static keyword evidence. Manual review is required."
"UNRESOLVED","Requires manual identification","Sunset","Keyword 'sunset'; occurrences=1; lines=720","server/worldmonitor/intelligence/v1/get-risk-scores.ts","Unknown; inspect surrounding code and changelog","Do not reactivate without an approved documented decision","Aggregated static keyword evidence. Manual review is required."
"UNRESOLVED","Requires manual identification","Deprecated","Keyword 'deprecated'; occurrences=1; lines=60","server/worldmonitor/intelligence/v1/list-company-signals.ts","Unknown; inspect surrounding code and changelog","Do not reactivate without an approved documented decision","Aggregated static keyword evidence. Manual review is required."
"UNRESOLVED","Requires manual identification","Disabled; requires feature-state review","Keyword 'disabled'; occurrences=1; lines=59","server/worldmonitor/intelligence/v1/list-company-signals.ts","Unknown; inspect surrounding code and changelog","Do not reactivate without an approved documented decision","Aggregated static keyword evidence. Manual review is required."
"UNRESOLVED","Requires manual identification","Deprecated or legacy; requires review","Keyword 'legacy'; occurrences=4; lines=77;78;79","server/worldmonitor/intelligence/v1/list-gps-interference.ts","Unknown; inspect surrounding code and changelog","Do not reactivate without an approved documented decision","Aggregated static keyword evidence. Manual review is required."
"UNRESOLVED","Requires manual identification","Deprecated or legacy; requires review","Keyword 'legacy'; occurrences=2; lines=101;29","server/worldmonitor/leads/v1/register-interest.ts","Unknown; inspect surrounding code and changelog","Do not reactivate without an approved documented decision","Aggregated static keyword evidence. Manual review is required."
"UNRESOLVED","Requires manual identification","Deprecated or legacy; requires review","Keyword 'legacy'; occurrences=6; lines=1511;1597;1628;1632;1863;1916","server/worldmonitor/market/v1/analyze-stock.ts","Unknown; inspect surrounding code and changelog","Do not reactivate without an approved documented decision","Aggregated static keyword evidence. Manual review is required."
"UNRESOLVED","Requires manual identification","Deprecated or legacy; requires review","Keyword 'legacy'; occurrences=2; lines=145;50","server/worldmonitor/market/v1/get-gold-intelligence.ts","Unknown; inspect surrounding code and changelog","Do not reactivate without an approved documented decision","Aggregated static keyword evidence. Manual review is required."
"UNRESOLVED","Requires manual identification","Deprecated or legacy; requires review","Keyword 'legacy'; occurrences=2; lines=198;339","server/worldmonitor/military/v1/list-military-flights.ts","Unknown; inspect surrounding code and changelog","Do not reactivate without an approved documented decision","Aggregated static keyword evidence. Manual review is required."
"UNRESOLVED","Requires manual identification","Sunset","Keyword 'retired'; occurrences=2; lines=14;45","server/worldmonitor/news/v1/get-summarize-article-cache.ts","Unknown; inspect surrounding code and changelog","Do not reactivate without an approved documented decision","Aggregated static keyword evidence. Manual review is required."
"UNRESOLVED","Requires manual identification","Deprecated or legacy; requires review","Keyword 'legacy'; occurrences=3; lines=1152;1163;192","server/worldmonitor/news/v1/list-feed-digest.ts","Unknown; inspect surrounding code and changelog","Do not reactivate without an approved documented decision","Aggregated static keyword evidence. Manual review is required."
"UNRESOLVED","Requires manual identification","Deprecated or legacy; requires review","Keyword 'legacy'; occurrences=1; lines=281","server/worldmonitor/resilience/v1/_dimension-freshness.ts","Unknown; inspect surrounding code and changelog","Do not reactivate without an approved documented decision","Aggregated static keyword evidence. Manual review is required."
"UNRESOLVED","Requires manual identification","Deprecated or legacy; requires review","Keyword 'legacy'; occurrences=8; lines=1028;1749;1818;1871;1934;2096;2676;372","server/worldmonitor/resilience/v1/_dimension-scorers.ts","Unknown; inspect surrounding code and changelog","Do not reactivate without an approved documented decision","Aggregated static keyword evidence. Manual review is required."
"UNRESOLVED","Requires manual identification","Sunset","Keyword 'retired'; occurrences=23; lines=1438;161;170;2344;2372;2631;2658;2659;2664;2672;2675;2693;2740;2749;297;32;470;489;493;539;...+3 more","server/worldmonitor/resilience/v1/_dimension-scorers.ts","Unknown; inspect surrounding code and changelog","Do not reactivate without an approved documented decision","Aggregated static keyword evidence. Manual review is required."
"UNRESOLVED","Requires manual identification","Deprecated or legacy; requires review","Keyword 'legacy'; occurrences=11; lines=1169;1176;1364;43;552;559;574;589;604;651;690","server/worldmonitor/resilience/v1/_indicator-registry.ts","Unknown; inspect surrounding code and changelog","Do not reactivate without an approved documented decision","Aggregated static keyword evidence. Manual review is required."
"UNRESOLVED","Requires manual identification","Sunset","Keyword 'retired'; occurrences=8; lines=1168;1176;1190;1347;1364;574;589;651","server/worldmonitor/resilience/v1/_indicator-registry.ts","Unknown; inspect surrounding code and changelog","Do not reactivate without an approved documented decision","Aggregated static keyword evidence. Manual review is required."
"UNRESOLVED","Requires manual identification","Deprecated or legacy; requires review","Keyword 'legacy'; occurrences=17; lines=100;1075;1087;221;444;447;48;52;608;730;773;80;83;93;94;993","server/worldmonitor/resilience/v1/_shared.ts","Unknown; inspect surrounding code and changelog","Do not reactivate without an approved documented decision","Aggregated static keyword evidence. Manual review is required."
"UNRESOLVED","Requires manual identification","Sunset","Keyword 'retired'; occurrences=7; lines=1113;1115;525;676;684;704;99","server/worldmonitor/resilience/v1/_shared.ts","Unknown; inspect surrounding code and changelog","Do not reactivate without an approved documented decision","Aggregated static keyword evidence. Manual review is required."
"UNRESOLVED","Requires manual identification","Sunset","Keyword 'retired'; occurrences=1; lines=105","server/worldmonitor/resilience/v1/_source-failure.ts","Unknown; inspect surrounding code and changelog","Do not reactivate without an approved documented decision","Aggregated static keyword evidence. Manual review is required."
"UNRESOLVED","Requires manual identification","Deprecated or legacy; requires review","Keyword 'legacy'; occurrences=2; lines=33;35","server/worldmonitor/resilience/v1/get-resilience-runtime-manifest.ts","Unknown; inspect surrounding code and changelog","Do not reactivate without an approved documented decision","Aggregated static keyword evidence. Manual review is required."
"UNRESOLVED","Requires manual identification","Deprecated or legacy; requires review","Keyword 'legacy'; occurrences=1; lines=155","server/worldmonitor/sanctions/v1/lookup-entity.ts","Unknown; inspect surrounding code and changelog","Do not reactivate without an approved documented decision","Aggregated static keyword evidence. Manual review is required."
"UNRESOLVED","Requires manual identification","Deprecated or legacy; requires review","Keyword 'legacy'; occurrences=2; lines=70;77","server/worldmonitor/scenario/v1/run-scenario.ts","Unknown; inspect surrounding code and changelog","Do not reactivate without an approved documented decision","Aggregated static keyword evidence. Manual review is required."
"UNRESOLVED","Requires manual identification","Deprecated or legacy; requires review","Keyword 'legacy'; occurrences=2; lines=38;71","server/worldmonitor/shipping/v2/register-webhook.ts","Unknown; inspect surrounding code and changelog","Do not reactivate without an approved documented decision","Aggregated static keyword evidence. Manual review is required."
"UNRESOLVED","Requires manual identification","Deprecated or legacy; requires review","Keyword 'legacy'; occurrences=1; lines=876","server/worldmonitor/supply-chain/v1/china-corridor-source-adapters.ts","Unknown; inspect surrounding code and changelog","Do not reactivate without an approved documented decision","Aggregated static keyword evidence. Manual review is required."
"UNRESOLVED","Requires manual identification","Deprecated or legacy; requires review","Keyword 'legacy'; occurrences=1; lines=24","server/worldmonitor/supply-chain/v1/get-country-products.ts","Unknown; inspect surrounding code and changelog","Do not reactivate without an approved documented decision","Aggregated static keyword evidence. Manual review is required."
"UNRESOLVED","Requires manual identification","Deprecated or legacy; requires review","Keyword 'legacy'; occurrences=1; lines=74","server/worldmonitor/supply-chain/v1/get-multi-sector-cost-shock.ts","Unknown; inspect surrounding code and changelog","Do not reactivate without an approved documented decision","Aggregated static keyword evidence. Manual review is required."
"UNRESOLVED","Requires manual identification","Deprecated or legacy; requires review","Keyword 'legacy'; occurrences=1; lines=64","server/worldmonitor/supply-chain/v1/list-energy-disruptions.ts","Unknown; inspect surrounding code and changelog","Do not reactivate without an approved documented decision","Aggregated static keyword evidence. Manual review is required."
"UNRESOLVED","Requires manual identification","Sunset","Keyword 'sunset'; occurrences=1; lines=222","shared/bootstrap-tier-keys.js","Unknown; inspect surrounding code and changelog","Do not reactivate without an approved documented decision","Aggregated static keyword evidence. Manual review is required."
"UNRESOLVED","Requires manual identification","Deprecated or legacy; requires review","Keyword 'legacy'; occurrences=1; lines=185","shared/brief-filter.d.ts","Unknown; inspect surrounding code and changelog","Do not reactivate without an approved documented decision","Aggregated static keyword evidence. Manual review is required."
"UNRESOLVED","Requires manual identification","Deprecated or legacy; requires review","Keyword 'legacy'; occurrences=2; lines=184;258","shared/brief-filter.js","Unknown; inspect surrounding code and changelog","Do not reactivate without an approved documented decision","Aggregated static keyword evidence. Manual review is required."
"UNRESOLVED","Requires manual identification","Disabled; requires feature-state review","Keyword 'disabled'; occurrences=1; lines=949","shared/brief-llm-core.js","Unknown; inspect surrounding code and changelog","Do not reactivate without an approved documented decision","Aggregated static keyword evidence. Manual review is required."
"UNRESOLVED","Requires manual identification","Deprecated or legacy; requires review","Keyword 'legacy'; occurrences=2; lines=165;183","shared/brief-llm-core.js","Unknown; inspect surrounding code and changelog","Do not reactivate without an approved documented decision","Aggregated static keyword evidence. Manual review is required."
"UNRESOLVED","Requires manual identification","Deprecated or legacy; requires review","Keyword 'legacy'; occurrences=1; lines=1","shared/correlation-runtime-mode.d.ts","Unknown; inspect surrounding code and changelog","Do not reactivate without an approved documented decision","Aggregated static keyword evidence. Manual review is required."
"UNRESOLVED","Requires manual identification","Deprecated or legacy; requires review","Keyword 'legacy'; occurrences=3; lines=11;24;6","shared/correlation-runtime-mode.js","Unknown; inspect surrounding code and changelog","Do not reactivate without an approved documented decision","Aggregated static keyword evidence. Manual review is required."
"UNRESOLVED","Requires manual identification","Deprecated or legacy; requires review","Keyword 'legacy'; occurrences=1; lines=352","shared/story-identity.js","Unknown; inspect surrounding code and changelog","Do not reactivate without an approved documented decision","Aggregated static keyword evidence. Manual review is required."
"UNRESOLVED","Requires manual identification","Disabled; requires feature-state review","Keyword 'disabled'; occurrences=21; lines=1005;1011;1101;1691;2098;2185;2188;2189;2197;2203;2204;2206;2207;2208;2297;2302;2305;2334;2355;374","src/App.ts","Unknown; inspect surrounding code and changelog","Do not reactivate without an approved documented decision","Aggregated static keyword evidence. Manual review is required."
"UNRESOLVED","Requires manual identification","Deprecated or legacy; requires review","Keyword 'legacy'; occurrences=3; lines=2106;2231;319","src/App.ts","Unknown; inspect surrounding code and changelog","Do not reactivate without an approved documented decision","Aggregated static keyword evidence. Manual review is required."
"UNRESOLVED","Requires manual identification","Sunset","Keyword 'sunset'; occurrences=1; lines=66","src/app/country-intel.ts","Unknown; inspect surrounding code and changelog","Do not reactivate without an approved documented decision","Aggregated static keyword evidence. Manual review is required."
"UNRESOLVED","Requires manual identification","Disabled; requires feature-state review","Keyword 'disabled'; occurrences=4; lines=1583;1769;1941;2799","src/app/data-loader.ts","Unknown; inspect surrounding code and changelog","Do not reactivate without an approved documented decision","Aggregated static keyword evidence. Manual review is required."
"UNRESOLVED","Requires manual identification","Sunset","Keyword 'sunset'; occurrences=1; lines=257","src/app/data-loader.ts","Unknown; inspect surrounding code and changelog","Do not reactivate without an approved documented decision","Aggregated static keyword evidence. Manual review is required."
"UNRESOLVED","Requires manual identification","Deprecated or legacy; requires review","Keyword 'legacy'; occurrences=1; lines=188","src/app/desktop-updater.ts","Unknown; inspect surrounding code and changelog","Do not reactivate without an approved documented decision","Aggregated static keyword evidence. Manual review is required."
"UNRESOLVED","Requires manual identification","Disabled; requires feature-state review","Keyword 'disabled'; occurrences=2; lines=1613;642","src/app/event-handlers.ts","Unknown; inspect surrounding code and changelog","Do not reactivate without an approved documented decision","Aggregated static keyword evidence. Manual review is required."
"UNRESOLVED","Requires manual identification","Deprecated or legacy; requires review","Keyword 'legacy'; occurrences=2; lines=1413;2280","src/app/event-handlers.ts","Unknown; inspect surrounding code and changelog","Do not reactivate without an approved documented decision","Aggregated static keyword evidence. Manual review is required."
"UNRESOLVED","Requires manual identification","Disabled; requires feature-state review","Keyword 'disabled'; occurrences=2; lines=78;80","src/app/free-tier-gate.ts","Unknown; inspect surrounding code and changelog","Do not reactivate without an approved documented decision","Aggregated static keyword evidence. Manual review is required."
"UNRESOLVED","Requires manual identification","Deprecated or legacy; requires review","Keyword 'legacy'; occurrences=3; lines=136;8;87","src/app/free-tier-gate.ts","Unknown; inspect surrounding code and changelog","Do not reactivate without an approved documented decision","Aggregated static keyword evidence. Manual review is required."
"UNRESOLVED","Requires manual identification","Disabled; requires feature-state review","Keyword 'disabled'; occurrences=1; lines=70","src/app/news-loader-sequencing.ts","Unknown; inspect surrounding code and changelog","Do not reactivate without an approved documented decision","Aggregated static keyword evidence. Manual review is required."
"UNRESOLVED","Requires manual identification","Disabled; requires feature-state review","Keyword 'disabled'; occurrences=2; lines=1208;1478","src/app/panel-layout.ts","Unknown; inspect surrounding code and changelog","Do not reactivate without an approved documented decision","Aggregated static keyword evidence. Manual review is required."
"UNRESOLVED","Requires manual identification","Deprecated or legacy; requires review","Keyword 'legacy'; occurrences=7; lines=1105;1530;3133;3134;3135;533;541","src/app/panel-layout.ts","Unknown; inspect surrounding code and changelog","Do not reactivate without an approved documented decision","Aggregated static keyword evidence. Manual review is required."
"UNRESOLVED","Requires manual identification","Disabled; requires feature-state review","Keyword 'disabled'; occurrences=1; lines=84","src/app/pro-activation-controller.ts","Unknown; inspect surrounding code and changelog","Do not reactivate without an approved documented decision","Aggregated static keyword evidence. Manual review is required."
"UNRESOLVED","Requires manual identification","Disabled; requires feature-state review","Keyword 'disabled'; occurrences=5; lines=218;45;561;800;814","src/app/search-manager.ts","Unknown; inspect surrounding code and changelog","Do not reactivate without an approved documented decision","Aggregated static keyword evidence. Manual review is required."
"UNRESOLVED","Requires manual identification","Disabled; requires feature-state review","Keyword 'disabled'; occurrences=2; lines=154;90","src/bootstrap/sentry-init.ts","Unknown; inspect surrounding code and changelog","Do not reactivate without an approved documented decision","Aggregated static keyword evidence. Manual review is required."
"UNRESOLVED","Requires manual identification","Disabled; requires feature-state review","Keyword 'disabled'; occurrences=1; lines=28","src/bootstrap/sw-update.ts","Unknown; inspect surrounding code and changelog","Do not reactivate without an approved documented decision","Aggregated static keyword evidence. Manual review is required."
"UNRESOLVED","Requires manual identification","Deprecated or legacy; requires review","Keyword 'legacy'; occurrences=1; lines=204","src/bootstrap/sw-update.ts","Unknown; inspect surrounding code and changelog","Do not reactivate without an approved documented decision","Aggregated static keyword evidence. Manual review is required."
"UNRESOLVED","Requires manual identification","Deprecated or legacy; requires review","Keyword 'legacy'; occurrences=1; lines=252","src/components/AAIISentimentPanel.ts","Unknown; inspect surrounding code and changelog","Do not reactivate without an approved documented decision","Aggregated static keyword evidence. Manual review is required."
"UNRESOLVED","Requires manual identification","Deprecated or legacy; requires review","Keyword 'legacy'; occurrences=15; lines=373;391;404;410;424;430;440;455;482;495;502;508;516;580;627","src/components/AirlineIntelPanel.ts","Unknown; inspect surrounding code and changelog","Do not reactivate without an approved documented decision","Aggregated static keyword evidence. Manual review is required."
"UNRESOLVED","Requires manual identification","Deprecated or legacy; requires review","Keyword 'legacy'; occurrences=2; lines=52;66","src/components/AuthHeaderWidget.ts","Unknown; inspect surrounding code and changelog","Do not reactivate without an approved documented decision","Aggregated static keyword evidence. Manual review is required."
"UNRESOLVED","Requires manual identification","Deprecated or legacy; requires review","Keyword 'legacy'; occurrences=8; lines=329;374;379;381;400;403;421;424","src/components/AviationCommandBar.ts","Unknown; inspect surrounding code and changelog","Do not reactivate without an approved documented decision","Aggregated static keyword evidence. Manual review is required."
"UNRESOLVED","Requires manual identification","Deprecated or legacy; requires review","Keyword 'legacy'; occurrences=1; lines=102","src/components/BigMacPanel.ts","Unknown; inspect surrounding code and changelog","Do not reactivate without an approved documented decision","Aggregated static keyword evidence. Manual review is required."
"UNRESOLVED","Requires manual identification","Deprecated or legacy; requires review","Keyword 'legacy'; occurrences=3; lines=38;50;66","src/components/BreakthroughsTickerPanel.ts","Unknown; inspect surrounding code and changelog","Do not reactivate without an approved documented decision","Aggregated static keyword evidence. Manual review is required."
"UNRESOLVED","Requires manual identification","Disabled; requires feature-state review","Keyword 'disabled'; occurrences=5; lines=112;131;132;148;150","src/components/BusinessSeatsSection.ts","Unknown; inspect surrounding code and changelog","Do not reactivate without an approved documented decision","Aggregated static keyword evidence. Manual review is required."
"UNRESOLVED","Requires manual identification","Deprecated or legacy; requires review","Keyword 'legacy'; occurrences=1; lines=73","src/components/BusinessSeatsSection.ts","Unknown; inspect surrounding code and changelog","Do not reactivate without an approved documented decision","Aggregated static keyword evidence. Manual review is required."
"UNRESOLVED","Requires manual identification","Disabled; requires feature-state review","Keyword 'disabled'; occurrences=2; lines=122;126","src/components/CascadePanel.ts","Unknown; inspect surrounding code and changelog","Do not reactivate without an approved documented decision","Aggregated static keyword evidence. Manual review is required."
"UNRESOLVED","Requires manual identification","Deprecated or legacy; requires review","Keyword 'legacy'; occurrences=1; lines=203","src/components/CascadePanel.ts","Unknown; inspect surrounding code and changelog","Do not reactivate without an approved documented decision","Aggregated static keyword evidence. Manual review is required."
"UNRESOLVED","Requires manual identification","Disabled; requires feature-state review","Keyword 'disabled'; occurrences=6; lines=334;504;506;507","src/components/ChatAnalystPanel.ts","Unknown; inspect surrounding code and changelog","Do not reactivate without an approved documented decision","Aggregated static keyword evidence. Manual review is required."
"UNRESOLVED","Requires manual identification","Disabled; requires feature-state review","Keyword 'disabled'; occurrences=2; lines=111;91","src/components/checkout-failure-banner.ts","Unknown; inspect surrounding code and changelog","Do not reactivate without an approved documented decision","Aggregated static keyword evidence. Manual review is required."
"UNRESOLVED","Requires manual identification","Deprecated or legacy; requires review","Keyword 'legacy'; occurrences=1; lines=78","src/components/checkout-failure-banner.ts","Unknown; inspect surrounding code and changelog","Do not reactivate without an approved documented decision","Aggregated static keyword evidence. Manual review is required."
"UNRESOLVED","Requires manual identification","Deprecated or legacy; requires review","Keyword 'legacy'; occurrences=1; lines=124","src/components/CIIPanel.ts","Unknown; inspect surrounding code and changelog","Do not reactivate without an approved documented decision","Aggregated static keyword evidence. Manual review is required."
"UNRESOLVED","Requires manual identification","Deprecated or legacy; requires review","Keyword 'legacy'; occurrences=1; lines=20","src/components/CommunityWidget.ts","Unknown; inspect surrounding code and changelog","Do not reactivate without an approved documented decision","Aggregated static keyword evidence. Manual review is required."
"UNRESOLVED","Requires manual identification","Deprecated or legacy; requires review","Keyword 'legacy'; occurrences=4; lines=331;343;362;393","src/components/ConsumerPricesPanel.ts","Unknown; inspect surrounding code and changelog","Do not reactivate without an approved documented decision","Aggregated static keyword evidence. Manual review is required."
"UNRESOLVED","Requires manual identification","Deprecated or legacy; requires review","Keyword 'legacy'; occurrences=1; lines=104","src/components/CotPositioningPanel.ts","Unknown; inspect surrounding code and changelog","Do not reactivate without an approved documented decision","Aggregated static keyword evidence. Manual review is required."
"UNRESOLVED","Requires manual identification","Deprecated or legacy; requires review","Keyword 'legacy'; occurrences=11; lines=111;112;327;507;522;538;546;565;582;612;663","src/components/CountryBriefPage.ts","Unknown; inspect surrounding code and changelog","Do not reactivate without an approved documented decision","Aggregated static keyword evidence. Manual review is required."
"UNRESOLVED","Requires manual identification","Disabled; requires feature-state review","Keyword 'disabled'; occurrences=4; lines=1567;1595;3079;3081","src/components/CountryDeepDivePanel.ts","Unknown; inspect surrounding code and changelog","Do not reactivate without an approved documented decision","Aggregated static keyword evidence. Manual review is required."
"UNRESOLVED","Requires manual identification","Deprecated or legacy; requires review","Keyword 'legacy'; occurrences=14; lines=1970;1976;1978;1982;1984;2391;2402;2408;2412;2451;2466;2485;2491;2492","src/components/CountryDeepDivePanel.ts","Unknown; inspect surrounding code and changelog","Do not reactivate without an approved documented decision","Aggregated static keyword evidence. Manual review is required."
"UNRESOLVED","Requires manual identification","Deprecated or legacy; requires review","Keyword 'legacy'; occurrences=1; lines=262","src/components/CountryTimeline.ts","Unknown; inspect surrounding code and changelog","Do not reactivate without an approved documented decision","Aggregated static keyword evidence. Manual review is required."
"UNRESOLVED","Requires manual identification","Deprecated or legacy; requires review","Keyword 'legacy'; occurrences=2; lines=170;191","src/components/CrossSourceSignalsPanel.ts","Unknown; inspect surrounding code and changelog","Do not reactivate without an approved documented decision","Aggregated static keyword evidence. Manual review is required."
"UNRESOLVED","Requires manual identification","Deprecated or legacy; requires review","Keyword 'legacy'; occurrences=2; lines=58;60","src/components/CustomWidgetPanel.ts","Unknown; inspect surrounding code and changelog","Do not reactivate without an approved documented decision","Aggregated static keyword evidence. Manual review is required."
"UNRESOLVED","Requires manual identification","Deprecated or legacy; requires review","Keyword 'legacy'; occurrences=1; lines=110","src/components/DailyMarketBriefPanel.ts","Unknown; inspect surrounding code and changelog","Do not reactivate without an approved documented decision","Aggregated static keyword evidence. Manual review is required."
"UNRESOLVED","Requires manual identification","Disabled; requires feature-state review","Keyword 'disabled'; occurrences=6; lines=3514;5307;5323;5467;5518;6091","src/components/DeckGLMap.ts","Unknown; inspect surrounding code and changelog","Do not reactivate without an approved documented decision","Aggregated static keyword evidence. Manual review is required."
"UNRESOLVED","Requires manual identification","Deprecated or legacy; requires review","Keyword 'legacy'; occurrences=12; lines=1014;1051;1086;1839;5378;5417;5475;5611;5785;5900;5915;7902","src/components/DeckGLMap.ts","Unknown; inspect surrounding code and changelog","Do not reactivate without an approved documented decision","Aggregated static keyword evidence. Manual review is required."
"UNRESOLVED","Requires manual identification","Sunset","Keyword 'retired'; occurrences=1; lines=1842","src/components/DeckGLMap.ts","Unknown; inspect surrounding code and changelog","Do not reactivate without an approved documented decision","Aggregated static keyword evidence. Manual review is required."
"UNRESOLVED","Requires manual identification","Disabled; requires feature-state review","Keyword 'disabled'; occurrences=3; lines=242;286;99","src/components/DeductionPanel.ts","Unknown; inspect surrounding code and changelog","Do not reactivate without an approved documented decision","Aggregated static keyword evidence. Manual review is required."
"UNRESOLVED","Requires manual identification","Deprecated or legacy; requires review","Keyword 'legacy'; occurrences=3; lines=192;249;271","src/components/DeductionPanel.ts","Unknown; inspect surrounding code and changelog","Do not reactivate without an approved documented decision","Aggregated static keyword evidence. Manual review is required."
"UNRESOLVED","Requires manual identification","Disabled; requires feature-state review","Keyword 'disabled'; occurrences=1; lines=99","src/components/DiseaseOutbreaksPanel.ts","Unknown; inspect surrounding code and changelog","Do not reactivate without an approved documented decision","Aggregated static keyword evidence. Manual review is required."
"UNRESOLVED","Requires manual identification","Deprecated or legacy; requires review","Keyword 'legacy'; occurrences=2; lines=215;86","src/components/DiseaseOutbreaksPanel.ts","Unknown; inspect surrounding code and changelog","Do not reactivate without an approved documented decision","Aggregated static keyword evidence. Manual review is required."
"UNRESOLVED","Requires manual identification","Deprecated or legacy; requires review","Keyword 'legacy'; occurrences=2; lines=197;62","src/components/DisplacementPanel.ts","Unknown; inspect surrounding code and changelog","Do not reactivate without an approved documented decision","Aggregated static keyword evidence. Manual review is required."
"UNRESOLVED","Requires manual identification","Deprecated or legacy; requires review","Keyword 'legacy'; occurrences=1; lines=182","src/components/EarningsCalendarPanel.ts","Unknown; inspect surrounding code and changelog","Do not reactivate without an approved documented decision","Aggregated static keyword evidence. Manual review is required."
"UNRESOLVED","Requires manual identification","Deprecated or legacy; requires review","Keyword 'legacy'; occurrences=1; lines=234","src/components/EconomicCalendarPanel.ts","Unknown; inspect surrounding code and changelog","Do not reactivate without an approved documented decision","Aggregated static keyword evidence. Manual review is required."
"UNRESOLVED","Requires manual identification","Deprecated or legacy; requires review","Keyword 'legacy'; occurrences=1; lines=276","src/components/EconomicPanel.ts","Unknown; inspect surrounding code and changelog","Do not reactivate without an approved documented decision","Aggregated static keyword evidence. Manual review is required."
"UNRESOLVED","Requires manual identification","Deprecated or legacy; requires review","Keyword 'legacy'; occurrences=2; lines=152;267","src/components/EnergyComplexPanel.ts","Unknown; inspect surrounding code and changelog","Do not reactivate without an approved documented decision","Aggregated static keyword evidence. Manual review is required."
"UNRESOLVED","Requires manual identification","Deprecated or legacy; requires review","Keyword 'legacy'; occurrences=2; lines=113;181","src/components/EnergyCrisisPanel.ts","Unknown; inspect surrounding code and changelog","Do not reactivate without an approved documented decision","Aggregated static keyword evidence. Manual review is required."
"UNRESOLVED","Requires manual identification","Deprecated or legacy; requires review","Keyword 'legacy'; occurrences=1; lines=253","src/components/EnergyDisruptionsPanel.ts","Unknown; inspect surrounding code and changelog","Do not reactivate without an approved documented decision","Aggregated static keyword evidence. Manual review is required."
"UNRESOLVED","Requires manual identification","Deprecated or legacy; requires review","Keyword 'legacy'; occurrences=1; lines=147","src/components/EnergyRiskOverviewPanel.ts","Unknown; inspect surrounding code and changelog","Do not reactivate without an approved documented decision","Aggregated static keyword evidence. Manual review is required."
"UNRESOLVED","Requires manual identification","Deprecated or legacy; requires review","Keyword 'legacy'; occurrences=2; lines=143;89","src/components/ETFFlowsPanel.ts","Unknown; inspect surrounding code and changelog","Do not reactivate without an approved documented decision","Aggregated static keyword evidence. Manual review is required."
"UNRESOLVED","Requires manual identification","Deprecated or legacy; requires review","Keyword 'legacy'; occurrences=1; lines=155","src/components/FaoFoodPriceIndexPanel.ts","Unknown; inspect surrounding code and changelog","Do not reactivate without an approved documented decision","Aggregated static keyword evidence. Manual review is required."
"UNRESOLVED","Requires manual identification","Deprecated or legacy; requires review","Keyword 'legacy'; occurrences=1; lines=296","src/components/FearGreedPanel.ts","Unknown; inspect surrounding code and changelog","Do not reactivate without an approved documented decision","Aggregated static keyword evidence. Manual review is required."
"UNRESOLVED","Requires manual identification","Deprecated or legacy; requires review","Keyword 'legacy'; occurrences=2; lines=484;506","src/components/ForecastPanel.ts","Unknown; inspect surrounding code and changelog","Do not reactivate without an approved documented decision","Aggregated static keyword evidence. Manual review is required."
"UNRESOLVED","Requires manual identification","Deprecated or legacy; requires review","Keyword 'legacy'; occurrences=2; lines=127;35","src/components/FrameworkSelector.ts","Unknown; inspect surrounding code and changelog","Do not reactivate without an approved documented decision","Aggregated static keyword evidence. Manual review is required."
"UNRESOLVED","Requires manual identification","Deprecated or legacy; requires review","Keyword 'legacy'; occurrences=2; lines=213;67","src/components/FSIPanel.ts","Unknown; inspect surrounding code and changelog","Do not reactivate without an approved documented decision","Aggregated static keyword evidence. Manual review is required."
"UNRESOLVED","Requires manual identification","Deprecated or legacy; requires review","Keyword 'legacy'; occurrences=1; lines=100","src/components/FuelPricesPanel.ts","Unknown; inspect surrounding code and changelog","Do not reactivate without an approved documented decision","Aggregated static keyword evidence. Manual review is required."
"UNRESOLVED","Requires manual identification","Deprecated or legacy; requires review","Keyword 'legacy'; occurrences=1; lines=308","src/components/FuelShortagePanel.ts","Unknown; inspect surrounding code and changelog","Do not reactivate without an approved documented decision","Aggregated static keyword evidence. Manual review is required."
"UNRESOLVED","Requires manual identification","Deprecated or legacy; requires review","Keyword 'legacy'; occurrences=2; lines=110;116","src/components/GdeltIntelPanel.ts","Unknown; inspect surrounding code and changelog","Do not reactivate without an approved documented decision","Aggregated static keyword evidence. Manual review is required."
"UNRESOLVED","Requires manual identification","Deprecated or legacy; requires review","Keyword 'legacy'; occurrences=1; lines=108","src/components/GeoHubsPanel.ts","Unknown; inspect surrounding code and changelog","Do not reactivate without an approved documented decision","Aggregated static keyword evidence. Manual review is required."
"UNRESOLVED","Requires manual identification","Deprecated or legacy; requires review","Keyword 'legacy'; occurrences=2; lines=15","src/components/giving-renderer.ts","Unknown; inspect surrounding code and changelog","Do not reactivate without an approved documented decision","Aggregated static keyword evidence. Manual review is required."
"UNRESOLVED","Requires manual identification","Disabled; requires feature-state review","Keyword 'disabled'; occurrences=4; lines=175;200;203;204","src/components/GlobalProcurementPanel.ts","Unknown; inspect surrounding code and changelog","Do not reactivate without an approved documented decision","Aggregated static keyword evidence. Manual review is required."
"UNRESOLVED","Requires manual identification","Disabled; requires feature-state review","Keyword 'disabled'; occurrences=2; lines=1772;1788","src/components/GlobeMap.ts","Unknown; inspect surrounding code and changelog","Do not reactivate without an approved documented decision","Aggregated static keyword evidence. Manual review is required."
"UNRESOLVED","Requires manual identification","Deprecated or legacy; requires review","Keyword 'legacy'; occurrences=52; lines=1049;1061;1069;1089;1099;1106;1118;1126;1134;1138;1141;1144;1148;1152;1160;1167;1170;1175;1179;1182;...+32 more","src/components/GlobeMap.ts","Unknown; inspect surrounding code and changelog","Do not reactivate without an approved documented decision","Aggregated static keyword evidence. Manual review is required."
"UNRESOLVED","Requires manual identification","Deprecated or legacy; requires review","Keyword 'legacy'; occurrences=1; lines=423","src/components/GoldIntelligencePanel.ts","Unknown; inspect surrounding code and changelog","Do not reactivate without an approved documented decision","Aggregated static keyword evidence. Manual review is required."
"UNRESOLVED","Requires manual identification","Deprecated or legacy; requires review","Keyword 'legacy'; occurrences=4; lines=23;40;46;64","src/components/GoodThingsDigestPanel.ts","Unknown; inspect surrounding code and changelog","Do not reactivate without an approved documented decision","Aggregated static keyword evidence. Manual review is required."
"UNRESOLVED","Requires manual identification","Deprecated or legacy; requires review","Keyword 'legacy'; occurrences=1; lines=111","src/components/GroceryBasketPanel.ts","Unknown; inspect surrounding code and changelog","Do not reactivate without an approved documented decision","Aggregated static keyword evidence. Manual review is required."
"UNRESOLVED","Requires manual identification","Deprecated or legacy; requires review","Keyword 'legacy'; occurrences=1; lines=76","src/components/GulfEconomiesPanel.ts","Unknown; inspect surrounding code and changelog","Do not reactivate without an approved documented decision","Aggregated static keyword evidence. Manual review is required."
"UNRESOLVED","Requires manual identification","Deprecated or legacy; requires review","Keyword 'legacy'; occurrences=3; lines=23;31;63","src/components/HeroSpotlightPanel.ts","Unknown; inspect surrounding code and changelog","Do not reactivate without an approved documented decision","Aggregated static keyword evidence. Manual review is required."
"UNRESOLVED","Requires manual identification","Deprecated or legacy; requires review","Keyword 'legacy'; occurrences=1; lines=137","src/components/HormuzPanel.ts","Unknown; inspect surrounding code and changelog","Do not reactivate without an approved documented decision","Aggregated static keyword evidence. Manual review is required."
"UNRESOLVED","Requires manual identification","Disabled; requires feature-state review","Keyword 'disabled'; occurrences=5; lines=344;943;944;945;946","src/components/InsightsPanel.ts","Unknown; inspect surrounding code and changelog","Do not reactivate without an approved documented decision","Aggregated static keyword evidence. Manual review is required."
"UNRESOLVED","Requires manual identification","Deprecated or legacy; requires review","Keyword 'legacy'; occurrences=8; lines=221;249;256;422;49;538;584;948","src/components/InsightsPanel.ts","Unknown; inspect surrounding code and changelog","Do not reactivate without an approved documented decision","Aggregated static keyword evidence. Manual review is required."
"UNRESOLVED","Requires manual identification","Deprecated or legacy; requires review","Keyword 'legacy'; occurrences=5; lines=221;391;442;548;82","src/components/IntelligenceGapBadge.ts","Unknown; inspect surrounding code and changelog","Do not reactivate without an approved documented decision","Aggregated static keyword evidence. Manual review is required."
"UNRESOLVED","Requires manual identification","Deprecated or legacy; requires review","Keyword 'legacy'; occurrences=1; lines=193","src/components/InvestmentsPanel.ts","Unknown; inspect surrounding code and changelog","Do not reactivate without an approved documented decision","Aggregated static keyword evidence. Manual review is required."
"UNRESOLVED","Requires manual identification","Disabled; requires feature-state review","Keyword 'disabled'; occurrences=4; lines=561;586;593;604","src/components/LatestBriefPanel.ts","Unknown; inspect surrounding code and changelog","Do not reactivate without an approved documented decision","Aggregated static keyword evidence. Manual review is required."
"UNRESOLVED","Requires manual identification","Deprecated or legacy; requires review","Keyword 'legacy'; occurrences=1; lines=146","src/components/LiquidityShiftsPanel.ts","Unknown; inspect surrounding code and changelog","Do not reactivate without an approved documented decision","Aggregated static keyword evidence. Manual review is required."
"UNRESOLVED","Requires manual identification","Disabled; requires feature-state review","Keyword 'disabled'; occurrences=1; lines=415","src/components/LiveNewsPanel.ts","Unknown; inspect surrounding code and changelog","Do not reactivate without an approved documented decision","Aggregated static keyword evidence. Manual review is required."
"UNRESOLVED","Requires manual identification","Deprecated or legacy; requires review","Keyword 'legacy'; occurrences=15; lines=1009;1031;1063;1178;1196;1206;1266;1314;1641;476;804;839;872;891;903","src/components/LiveNewsPanel.ts","Unknown; inspect surrounding code and changelog","Do not reactivate without an approved documented decision","Aggregated static keyword evidence. Manual review is required."
"UNRESOLVED","Requires manual identification","Disabled; requires feature-state review","Keyword 'disabled'; occurrences=2; lines=121;260","src/components/LiveWebcamsPanel.ts","Unknown; inspect surrounding code and changelog","Do not reactivate without an approved documented decision","Aggregated static keyword evidence. Manual review is required."
"UNRESOLVED","Requires manual identification","Deprecated or legacy; requires review","Keyword 'legacy'; occurrences=12; lines=166;184;247;254;406;413;643;661;681;694;715;847","src/components/LiveWebcamsPanel.ts","Unknown; inspect surrounding code and changelog","Do not reactivate without an approved documented decision","Aggregated static keyword evidence. Manual review is required."
"UNRESOLVED","Requires manual identification","Deprecated or legacy; requires review","Keyword 'legacy'; occurrences=1; lines=220","src/components/MacroSignalsPanel.ts","Unknown; inspect surrounding code and changelog","Do not reactivate without an approved documented decision","Aggregated static keyword evidence. Manual review is required."
"UNRESOLVED","Requires manual identification","Deprecated or legacy; requires review","Keyword 'legacy'; occurrences=1; lines=243","src/components/MacroTilesPanel.ts","Unknown; inspect surrounding code and changelog","Do not reactivate without an approved documented decision","Aggregated static keyword evidence. Manual review is required."
"UNRESOLVED","Requires manual identification","Disabled; requires feature-state review","Keyword 'disabled'; occurrences=7; lines=1130;1143;3317;3333;505;560;563","src/components/Map.ts","Unknown; inspect surrounding code and changelog","Do not reactivate without an approved documented decision","Aggregated static keyword evidence. Manual review is required."
"UNRESOLVED","Requires manual identification","Deprecated or legacy; requires review","Keyword 'legacy'; occurrences=9; lines=1669;1826;3540;395;432;799;844;849;859","src/components/Map.ts","Unknown; inspect surrounding code and changelog","Do not reactivate without an approved documented decision","Aggregated static keyword evidence. Manual review is required."
"UNRESOLVED","Requires manual identification","Sunset","Keyword 'sunset'; occurrences=1; lines=538","src/components/Map.ts","Unknown; inspect surrounding code and changelog","Do not reactivate without an approved documented decision","Aggregated static keyword evidence. Manual review is required."
"UNRESOLVED","Requires manual identification","Deprecated or legacy; requires review","Keyword 'legacy'; occurrences=11; lines=1084;1093;1099;1142;1149;1170;1238;1248;1260;262;454","src/components/MapPopup.ts","Unknown; inspect surrounding code and changelog","Do not reactivate without an approved documented decision","Aggregated static keyword evidence. Manual review is required."
"UNRESOLVED","Requires manual identification","Deprecated or legacy; requires review","Keyword 'legacy'; occurrences=1; lines=263","src/components/MarketBreadthPanel.ts","Unknown; inspect surrounding code and changelog","Do not reactivate without an approved documented decision","Aggregated static keyword evidence. Manual review is required."
"UNRESOLVED","Requires manual identification","Disabled; requires feature-state review","Keyword 'disabled'; occurrences=4; lines=10;11;12;8","src/components/market-chart-interactions.ts","Unknown; inspect surrounding code and changelog","Do not reactivate without an approved documented decision","Aggregated static keyword evidence. Manual review is required."
"UNRESOLVED","Requires manual identification","Deprecated or legacy; requires review","Keyword 'legacy'; occurrences=2; lines=122;130","src/components/MarketImplicationsPanel.ts","Unknown; inspect surrounding code and changelog","Do not reactivate without an approved documented decision","Aggregated static keyword evidence. Manual review is required."
"UNRESOLVED","Requires manual identification","Deprecated or legacy; requires review","Keyword 'legacy'; occurrences=10; lines=159;163;513;518;535;549;582;612;641;83","src/components/MarketPanel.ts","Unknown; inspect surrounding code and changelog","Do not reactivate without an approved documented decision","Aggregated static keyword evidence. Manual review is required."
"UNRESOLVED","Requires manual identification","Disabled; requires feature-state review","Keyword 'disabled'; occurrences=6; lines=157;317;332;379;391;416","src/components/McpConnectModal.ts","Unknown; inspect surrounding code and changelog","Do not reactivate without an approved documented decision","Aggregated static keyword evidence. Manual review is required."
"UNRESOLVED","Requires manual identification","Deprecated or legacy; requires review","Keyword 'legacy'; occurrences=5; lines=159;319;331;350;360","src/components/McpConnectModal.ts","Unknown; inspect surrounding code and changelog","Do not reactivate without an approved documented decision","Aggregated static keyword evidence. Manual review is required."
"UNRESOLVED","Requires manual identification","Deprecated or legacy; requires review","Keyword 'legacy'; occurrences=5; lines=136;150;182;236;252","src/components/McpDataPanel.ts","Unknown; inspect surrounding code and changelog","Do not reactivate without an approved documented decision","Aggregated static keyword evidence. Manual review is required."
"UNRESOLVED","Requires manual identification","Deprecated or legacy; requires review","Keyword 'legacy'; occurrences=1; lines=35","src/components/MobileWarningModal.ts","Unknown; inspect surrounding code and changelog","Do not reactivate without an approved documented decision","Aggregated static keyword evidence. Manual review is required."
"UNRESOLVED","Requires manual identification","Deprecated or legacy; requires review","Keyword 'legacy'; occurrences=2; lines=258;341","src/components/NationalDebtPanel.ts","Unknown; inspect surrounding code and changelog","Do not reactivate without an approved documented decision","Aggregated static keyword evidence. Manual review is required."
"UNRESOLVED","Requires manual identification","Disabled; requires feature-state review","Keyword 'disabled'; occurrences=1; lines=41","src/components/news/source-coverage.ts","Unknown; inspect surrounding code and changelog","Do not reactivate without an approved documented decision","Aggregated static keyword evidence. Manual review is required."
"UNRESOLVED","Requires manual identification","Disabled; requires feature-state review","Keyword 'disabled'; occurrences=2; lines=273;307","src/components/NewsPanel.ts","Unknown; inspect surrounding code and changelog","Do not reactivate without an approved documented decision","Aggregated static keyword evidence. Manual review is required."
"UNRESOLVED","Requires manual identification","Deprecated or legacy; requires review","Keyword 'legacy'; occurrences=16; lines=218;241;272;275;296;301;306;322;331;335;341;357;364;497;565;649","src/components/NewsPanel.ts","Unknown; inspect surrounding code and changelog","Do not reactivate without an approved documented decision","Aggregated static keyword evidence. Manual review is required."
"UNRESOLVED","Requires manual identification","Deprecated or legacy; requires review","Keyword 'legacy'; occurrences=1; lines=281","src/components/OilInventoriesPanel.ts","Unknown; inspect surrounding code and changelog","Do not reactivate without an approved documented decision","Aggregated static keyword evidence. Manual review is required."
"UNRESOLVED","Requires manual identification","Disabled; requires feature-state review","Keyword 'disabled'; occurrences=2; lines=1159;730","src/components/Panel.ts","Unknown; inspect surrounding code and changelog","Do not reactivate without an approved documented decision","Aggregated static keyword evidence. Manual review is required."
"UNRESOLVED","Requires manual identification","Deprecated or legacy; requires review","Keyword 'legacy'; occurrences=4; lines=1051;1075;1242;942","src/components/Panel.ts","Unknown; inspect surrounding code and changelog","Do not reactivate without an approved documented decision","Aggregated static keyword evidence. Manual review is required."
"UNRESOLVED","Requires manual identification","Deprecated or legacy; requires review","Keyword 'legacy'; occurrences=1; lines=114","src/components/payment-failure-banner.ts","Unknown; inspect surrounding code and changelog","Do not reactivate without an approved documented decision","Aggregated static keyword evidence. Manual review is required."
"UNRESOLVED","Requires manual identification","Deprecated or legacy; requires review","Keyword 'legacy'; occurrences=1; lines=397","src/components/PipelineStatusPanel.ts","Unknown; inspect surrounding code and changelog","Do not reactivate without an approved documented decision","Aggregated static keyword evidence. Manual review is required."
"UNRESOLVED","Requires manual identification","Deprecated or legacy; requires review","Keyword 'legacy'; occurrences=1; lines=37","src/components/PlaybackControl.ts","Unknown; inspect surrounding code and changelog","Do not reactivate without an approved documented decision","Aggregated static keyword evidence. Manual review is required."
"UNRESOLVED","Requires manual identification","Deprecated or legacy; requires review","Keyword 'legacy'; occurrences=2; lines=259;275","src/components/PositioningPanel.ts","Unknown; inspect surrounding code and changelog","Do not reactivate without an approved documented decision","Aggregated static keyword evidence. Manual review is required."
"UNRESOLVED","Requires manual identification","Deprecated or legacy; requires review","Keyword 'legacy'; occurrences=2; lines=111;115","src/components/PositiveNewsFeedPanel.ts","Unknown; inspect surrounding code and changelog","Do not reactivate without an approved documented decision","Aggregated static keyword evidence. Manual review is required."
"UNRESOLVED","Requires manual identification","Deprecated or legacy; requires review","Keyword 'legacy'; occurrences=1; lines=83","src/components/PredictionPanel.ts","Unknown; inspect surrounding code and changelog","Do not reactivate without an approved documented decision","Aggregated static keyword evidence. Manual review is required."
"UNRESOLVED","Requires manual identification","Disabled; requires feature-state review","Keyword 'disabled'; occurrences=1; lines=47","src/components/premium-layer-gate.ts","Unknown; inspect surrounding code and changelog","Do not reactivate without an approved documented decision","Aggregated static keyword evidence. Manual review is required."
"UNRESOLVED","Requires manual identification","Disabled; requires feature-state review","Keyword 'disabled'; occurrences=1; lines=77","src/components/ProActivationChip.ts","Unknown; inspect surrounding code and changelog","Do not reactivate without an approved documented decision","Aggregated static keyword evidence. Manual review is required."
"UNRESOLVED","Requires manual identification","Disabled; requires feature-state review","Keyword 'disabled'; occurrences=3; lines=432;558","src/components/ProActivationInterstitial.ts","Unknown; inspect surrounding code and changelog","Do not reactivate without an approved documented decision","Aggregated static keyword evidence. Manual review is required."
"UNRESOLVED","Requires manual identification","Deprecated or legacy; requires review","Keyword 'legacy'; occurrences=3; lines=282;44;76","src/components/ProBanner.ts","Unknown; inspect surrounding code and changelog","Do not reactivate without an approved documented decision","Aggregated static keyword evidence. Manual review is required."
"UNRESOLVED","Requires manual identification","Deprecated or legacy; requires review","Keyword 'legacy'; occurrences=1; lines=58","src/components/ProgressChartsPanel.ts","Unknown; inspect surrounding code and changelog","Do not reactivate without an approved documented decision","Aggregated static keyword evidence. Manual review is required."
"UNRESOLVED","Requires manual identification","Deprecated or legacy; requires review","Keyword 'legacy'; occurrences=2; lines=136;53","src/components/RadiationWatchPanel.ts","Unknown; inspect surrounding code and changelog","Do not reactivate without an approved documented decision","Aggregated static keyword evidence. Manual review is required."
"UNRESOLVED","Requires manual identification","Deprecated or legacy; requires review","Keyword 'legacy'; occurrences=4; lines=301;305;309;342","src/components/RegionalIntelligenceBoard.ts","Unknown; inspect surrounding code and changelog","Do not reactivate without an approved documented decision","Aggregated static keyword evidence. Manual review is required."
"UNRESOLVED","Requires manual identification","Deprecated or legacy; requires review","Keyword 'legacy'; occurrences=1; lines=39","src/components/RegulationPanel.ts","Unknown; inspect surrounding code and changelog","Do not reactivate without an approved documented decision","Aggregated static keyword evidence. Manual review is required."
"UNRESOLVED","Requires manual identification","Sunset","Keyword 'retired'; occurrences=7; lines=322;330;34;470;58;7","src/components/resilience-widget-utils.ts","Unknown; inspect surrounding code and changelog","Do not reactivate without an approved documented decision","Aggregated static keyword evidence. Manual review is required."
"UNRESOLVED","Requires manual identification","Deprecated or legacy; requires review","Keyword 'legacy'; occurrences=9; lines=156;55;59;63;67;71;75;89;95","src/components/RouteExplorer/components/LeftRail.ts","Unknown; inspect surrounding code and changelog","Do not reactivate without an approved documented decision","Aggregated static keyword evidence. Manual review is required."
"UNRESOLVED","Requires manual identification","Disabled; requires feature-state review","Keyword 'disabled'; occurrences=1; lines=39","src/components/RouteExplorer/components/RouteCard.ts","Unknown; inspect surrounding code and changelog","Do not reactivate without an approved documented decision","Aggregated static keyword evidence. Manual review is required."
"UNRESOLVED","Requires manual identification","Deprecated or legacy; requires review","Keyword 'legacy'; occurrences=1; lines=55","src/components/RouteExplorer/components/RouteCard.ts","Unknown; inspect surrounding code and changelog","Do not reactivate without an approved documented decision","Aggregated static keyword evidence. Manual review is required."
"UNRESOLVED","Requires manual identification","Deprecated or legacy; requires review","Keyword 'legacy'; occurrences=2; lines=105;87","src/components/RouteExplorer/CountryPicker.ts","Unknown; inspect surrounding code and changelog","Do not reactivate without an approved documented decision","Aggregated static keyword evidence. Manual review is required."
"UNRESOLVED","Requires manual identification","Deprecated or legacy; requires review","Keyword 'legacy'; occurrences=2; lines=102;84","src/components/RouteExplorer/Hs2Picker.ts","Unknown; inspect surrounding code and changelog","Do not reactivate without an approved documented decision","Aggregated static keyword evidence. Manual review is required."
"UNRESOLVED","Requires manual identification","Deprecated or legacy; requires review","Keyword 'legacy'; occurrences=2; lines=36;42","src/components/RouteExplorer/KeyboardHelp.ts","Unknown; inspect surrounding code and changelog","Do not reactivate without an approved documented decision","Aggregated static keyword evidence. Manual review is required."
"UNRESOLVED","Requires manual identification","Deprecated or legacy; requires review","Keyword 'legacy'; occurrences=5; lines=333;339;351;391;477","src/components/RouteExplorer/RouteExplorer.ts","Unknown; inspect surrounding code and changelog","Do not reactivate without an approved documented decision","Aggregated static keyword evidence. Manual review is required."
"UNRESOLVED","Requires manual identification","Deprecated or legacy; requires review","Keyword 'legacy'; occurrences=4; lines=51;55;59;63","src/components/RouteExplorer/tabs/AlternativesTab.ts","Unknown; inspect surrounding code and changelog","Do not reactivate without an approved documented decision","Aggregated static keyword evidence. Manual review is required."
"UNRESOLVED","Requires manual identification","Deprecated or legacy; requires review","Keyword 'legacy'; occurrences=6; lines=101;123;130;79;86;93","src/components/RouteExplorer/tabs/CountryImpactTab.ts","Unknown; inspect surrounding code and changelog","Do not reactivate without an approved documented decision","Aggregated static keyword evidence. Manual review is required."
"UNRESOLVED","Requires manual identification","Deprecated or legacy; requires review","Keyword 'legacy'; occurrences=3; lines=49;57;63","src/components/RouteExplorer/tabs/CurrentRouteTab.ts","Unknown; inspect surrounding code and changelog","Do not reactivate without an approved documented decision","Aggregated static keyword evidence. Manual review is required."
"UNRESOLVED","Requires manual identification","Deprecated or legacy; requires review","Keyword 'legacy'; occurrences=4; lines=54;58;67;71","src/components/RouteExplorer/tabs/LandTab.ts","Unknown; inspect surrounding code and changelog","Do not reactivate without an approved documented decision","Aggregated static keyword evidence. Manual review is required."
"UNRESOLVED","Requires manual identification","Disabled; requires feature-state review","Keyword 'disabled'; occurrences=6; lines=286;329;330;332;349;545","src/components/RuntimeConfigPanel.ts","Unknown; inspect surrounding code and changelog","Do not reactivate without an approved documented decision","Aggregated static keyword evidence. Manual review is required."
"UNRESOLVED","Requires manual identification","Deprecated or legacy; requires review","Keyword 'legacy'; occurrences=4; lines=252;264;545;566","src/components/RuntimeConfigPanel.ts","Unknown; inspect surrounding code and changelog","Do not reactivate without an approved documented decision","Aggregated static keyword evidence. Manual review is required."
"UNRESOLVED","Requires manual identification","Deprecated or legacy; requires review","Keyword 'legacy'; occurrences=2; lines=29;80","src/components/SanctionsPressurePanel.ts","Unknown; inspect surrounding code and changelog","Do not reactivate without an approved documented decision","Aggregated static keyword evidence. Manual review is required."
"UNRESOLVED","Requires manual identification","Deprecated or legacy; requires review","Keyword 'legacy'; occurrences=2; lines=38;90","src/components/SatelliteFiresPanel.ts","Unknown; inspect surrounding code and changelog","Do not reactivate without an approved documented decision","Aggregated static keyword evidence. Manual review is required."
"UNRESOLVED","Requires manual identification","Disabled; requires feature-state review","Keyword 'disabled'; occurrences=2; lines=229;807","src/components/SearchModal.ts","Unknown; inspect surrounding code and changelog","Do not reactivate without an approved documented decision","Aggregated static keyword evidence. Manual review is required."
"UNRESOLVED","Requires manual identification","Deprecated or legacy; requires review","Keyword 'legacy'; occurrences=12; lines=1003;1018;1025;1042;375;426;670;767;866;902;913;983","src/components/SearchModal.ts","Unknown; inspect surrounding code and changelog","Do not reactivate without an approved documented decision","Aggregated static keyword evidence. Manual review is required."
"UNRESOLVED","Requires manual identification","Deprecated or legacy; requires review","Keyword 'legacy'; occurrences=2; lines=114;190","src/components/SecurityAdvisoriesPanel.ts","Unknown; inspect surrounding code and changelog","Do not reactivate without an approved documented decision","Aggregated static keyword evidence. Manual review is required."
"UNRESOLVED","Requires manual identification","Deprecated or legacy; requires review","Keyword 'legacy'; occurrences=1; lines=17","src/components/settings-button.ts","Unknown; inspect surrounding code and changelog","Do not reactivate without an approved documented decision","Aggregated static keyword evidence. Manual review is required."
"UNRESOLVED","Requires manual identification","Deprecated or legacy; requires review","Keyword 'legacy'; occurrences=3; lines=299;403;45","src/components/SignalModal.ts","Unknown; inspect surrounding code and changelog","Do not reactivate without an approved documented decision","Aggregated static keyword evidence. Manual review is required."
"UNRESOLVED","Requires manual identification","Deprecated or legacy; requires review","Keyword 'legacy'; occurrences=1; lines=95","src/components/SocialVelocityPanel.ts","Unknown; inspect surrounding code and changelog","Do not reactivate without an approved documented decision","Aggregated static keyword evidence. Manual review is required."
"UNRESOLVED","Requires manual identification","Disabled; requires feature-state review","Keyword 'disabled'; occurrences=5; lines=107;4;72;75;99","src/components/StatusPanel.ts","Unknown; inspect surrounding code and changelog","Do not reactivate without an approved documented decision","Aggregated static keyword evidence. Manual review is required."
"UNRESOLVED","Requires manual identification","Deprecated or legacy; requires review","Keyword 'legacy'; occurrences=1; lines=170","src/components/StockAnalysisPanel.ts","Unknown; inspect surrounding code and changelog","Do not reactivate without an approved documented decision","Aggregated static keyword evidence. Manual review is required."
"UNRESOLVED","Requires manual identification","Deprecated or legacy; requires review","Keyword 'legacy'; occurrences=1; lines=104","src/components/StockBacktestPanel.ts","Unknown; inspect surrounding code and changelog","Do not reactivate without an approved documented decision","Aggregated static keyword evidence. Manual review is required."
"UNRESOLVED","Requires manual identification","Deprecated or legacy; requires review","Keyword 'legacy'; occurrences=1; lines=379","src/components/StorageFacilityMapPanel.ts","Unknown; inspect surrounding code and changelog","Do not reactivate without an approved documented decision","Aggregated static keyword evidence. Manual review is required."
"UNRESOLVED","Requires manual identification","Deprecated or legacy; requires review","Keyword 'legacy'; occurrences=3; lines=100;61;83","src/components/StoryModal.ts","Unknown; inspect surrounding code and changelog","Do not reactivate without an approved documented decision","Aggregated static keyword evidence. Manual review is required."
"UNRESOLVED","Requires manual identification","Deprecated or legacy; requires review","Keyword 'legacy'; occurrences=4; lines=331;351;502;84","src/components/StrategicPosturePanel.ts","Unknown; inspect surrounding code and changelog","Do not reactivate without an approved documented decision","Aggregated static keyword evidence. Manual review is required."
"UNRESOLVED","Requires manual identification","Disabled; requires feature-state review","Keyword 'disabled'; occurrences=1; lines=342","src/components/StrategicRiskPanel.ts","Unknown; inspect surrounding code and changelog","Do not reactivate without an approved documented decision","Aggregated static keyword evidence. Manual review is required."
"UNRESOLVED","Requires manual identification","Deprecated or legacy; requires review","Keyword 'legacy'; occurrences=1; lines=490","src/components/StrategicRiskPanel.ts","Unknown; inspect surrounding code and changelog","Do not reactivate without an approved documented decision","Aggregated static keyword evidence. Manual review is required."
"UNRESOLVED","Requires manual identification","Disabled; requires feature-state review","Keyword 'disabled'; occurrences=6; lines=397;411;67;830;845;877","src/components/SupplyChainPanel.ts","Unknown; inspect surrounding code and changelog","Do not reactivate without an approved documented decision","Aggregated static keyword evidence. Manual review is required."
"UNRESOLVED","Requires manual identification","Deprecated or legacy; requires review","Keyword 'legacy'; occurrences=8; lines=161;286;294;306;309;312;324;795","src/components/SupplyChainPanel.ts","Unknown; inspect surrounding code and changelog","Do not reactivate without an approved documented decision","Aggregated static keyword evidence. Manual review is required."
"UNRESOLVED","Requires manual identification","Deprecated or legacy; requires review","Keyword 'legacy'; occurrences=1; lines=130","src/components/TechHubsPanel.ts","Unknown; inspect surrounding code and changelog","Do not reactivate without an approved documented decision","Aggregated static keyword evidence. Manual review is required."
"UNRESOLVED","Requires manual identification","Deprecated or legacy; requires review","Keyword 'legacy'; occurrences=4; lines=171;185;220;274","src/components/TechReadinessPanel.ts","Unknown; inspect surrounding code and changelog","Do not reactivate without an approved documented decision","Aggregated static keyword evidence. Manual review is required."
"UNRESOLVED","Requires manual identification","Disabled; requires feature-state review","Keyword 'disabled'; occurrences=1; lines=65","src/components/TelegramIntelPanel.ts","Unknown; inspect surrounding code and changelog","Do not reactivate without an approved documented decision","Aggregated static keyword evidence. Manual review is required."
"UNRESOLVED","Requires manual identification","Deprecated or legacy; requires review","Keyword 'legacy'; occurrences=2; lines=57;73","src/components/ThermalEscalationPanel.ts","Unknown; inspect surrounding code and changelog","Do not reactivate without an approved documented decision","Aggregated static keyword evidence. Manual review is required."
"UNRESOLVED","Requires manual identification","Deprecated or legacy; requires review","Keyword 'legacy'; occurrences=2; lines=138;156","src/components/ThreatTimelinePanel.ts","Unknown; inspect surrounding code and changelog","Do not reactivate without an approved documented decision","Aggregated static keyword evidence. Manual review is required."
"UNRESOLVED","Requires manual identification","Deprecated or legacy; requires review","Keyword 'legacy'; occurrences=2; lines=158;83","src/components/TradePolicyPanel.ts","Unknown; inspect surrounding code and changelog","Do not reactivate without an approved documented decision","Aggregated static keyword evidence. Manual review is required."
"UNRESOLVED","Requires manual identification","Deprecated or legacy; requires review","Keyword 'legacy'; occurrences=1; lines=162","src/components/UcdpEventsPanel.ts","Unknown; inspect surrounding code and changelog","Do not reactivate without an approved documented decision","Aggregated static keyword evidence. Manual review is required."
"UNRESOLVED","Requires manual identification","Disabled; requires feature-state review","Keyword 'disabled'; occurrences=12; lines=1040;1093;1128;1223;1226;123;1241;1243;1250;1544;1569;855","src/components/UnifiedSettings.ts","Unknown; inspect surrounding code and changelog","Do not reactivate without an approved documented decision","Aggregated static keyword evidence. Manual review is required."
"UNRESOLVED","Requires manual identification","Deprecated or legacy; requires review","Keyword 'legacy'; occurrences=17; lines=1028;1054;1215;1234;1324;1605;1612;1633;1643;1668;1789;1851;1870;1906;478;525;744","src/components/UnifiedSettings.ts","Unknown; inspect surrounding code and changelog","Do not reactivate without an approved documented decision","Aggregated static keyword evidence. Manual review is required."
"UNRESOLVED","Requires manual identification","Deprecated or legacy; requires review","Keyword 'legacy'; occurrences=3; lines=133;301;394","src/components/VirtualList.ts","Unknown; inspect surrounding code and changelog","Do not reactivate without an approved documented decision","Aggregated static keyword evidence. Manual review is required."
"UNRESOLVED","Requires manual identification","Deprecated or legacy; requires review","Keyword 'legacy'; occurrences=4; lines=215;239;252;262","src/components/WatchlistEditor.ts","Unknown; inspect surrounding code and changelog","Do not reactivate without an approved documented decision","Aggregated static keyword evidence. Manual review is required."
"UNRESOLVED","Requires manual identification","Disabled; requires feature-state review","Keyword 'disabled'; occurrences=1; lines=90","src/components/watchlist-modal.ts","Unknown; inspect surrounding code and changelog","Do not reactivate without an approved documented decision","Aggregated static keyword evidence. Manual review is required."
"UNRESOLVED","Requires manual identification","Deprecated or legacy; requires review","Keyword 'legacy'; occurrences=1; lines=63","src/components/watchlist-modal.ts","Unknown; inspect surrounding code and changelog","Do not reactivate without an approved documented decision","Aggregated static keyword evidence. Manual review is required."
"UNRESOLVED","Requires manual identification","Disabled; requires feature-state review","Keyword 'disabled'; occurrences=4; lines=135;244;246;251","src/components/WidgetChatModal.ts","Unknown; inspect surrounding code and changelog","Do not reactivate without an approved documented decision","Aggregated static keyword evidence. Manual review is required."
"UNRESOLVED","Requires manual identification","Deprecated or legacy; requires review","Keyword 'legacy'; occurrences=5; lines=137;322;431;515;544","src/components/WidgetChatModal.ts","Unknown; inspect surrounding code and changelog","Do not reactivate without an approved documented decision","Aggregated static keyword evidence. Manual review is required."
"UNRESOLVED","Requires manual identification","Deprecated or legacy; requires review","Keyword 'legacy'; occurrences=3; lines=209;288;316","src/components/WorldClockPanel.ts","Unknown; inspect surrounding code and changelog","Do not reactivate without an approved documented decision","Aggregated static keyword evidence. Manual review is required."
"UNRESOLVED","Requires manual identification","Deprecated or legacy; requires review","Keyword 'legacy'; occurrences=1; lines=155","src/components/WsbTickerScannerPanel.ts","Unknown; inspect surrounding code and changelog","Do not reactivate without an approved documented decision","Aggregated static keyword evidence. Manual review is required."
"UNRESOLVED","Requires manual identification","Deprecated or legacy; requires review","Keyword 'legacy'; occurrences=2; lines=305;341","src/components/YieldCurvePanel.ts","Unknown; inspect surrounding code and changelog","Do not reactivate without an approved documented decision","Aggregated static keyword evidence. Manual review is required."
"UNRESOLVED","Requires manual identification","Disabled; requires feature-state review","Keyword 'disabled'; occurrences=1; lines=72","src/config/feed-resolution.ts","Unknown; inspect surrounding code and changelog","Do not reactivate without an approved documented decision","Aggregated static keyword evidence. Manual review is required."
"UNRESOLVED","Requires manual identification","Deprecated","Keyword 'deprecated'; occurrences=1; lines=868","src/config/feeds.ts","Unknown; inspect surrounding code and changelog","Do not reactivate without an approved documented decision","Aggregated static keyword evidence. Manual review is required."
"UNRESOLVED","Requires manual identification","Disabled; requires feature-state review","Keyword 'disabled'; occurrences=6; lines=1062;1438;1478;1484;1485;1486","src/config/feeds.ts","Unknown; inspect surrounding code and changelog","Do not reactivate without an approved documented decision","Aggregated static keyword evidence. Manual review is required."
"UNRESOLVED","Requires manual identification","Disabled; requires feature-state review","Keyword 'disabled'; occurrences=3; lines=221;402;407","src/config/map-layer-definitions.ts","Unknown; inspect surrounding code and changelog","Do not reactivate without an approved documented decision","Aggregated static keyword evidence. Manual review is required."
"UNRESOLVED","Requires manual identification","Sunset","Keyword 'sunset'; occurrences=2; lines=337;347","src/config/map-layer-definitions.ts","Unknown; inspect surrounding code and changelog","Do not reactivate without an approved documented decision","Aggregated static keyword evidence. Manual review is required."
"UNRESOLVED","Requires manual identification","Disabled; requires feature-state review","Keyword 'disabled'; occurrences=32; lines=1014;1026;1258;1260;13;1306;1591;167;173;189;232;238;254;346;363;408;425;456;541;564;...+12 more","src/config/panels.ts","Unknown; inspect surrounding code and changelog","Do not reactivate without an approved documented decision","Aggregated static keyword evidence. Manual review is required."
"UNRESOLVED","Requires manual identification","Sunset","Keyword 'sunset'; occurrences=1; lines=12","src/config/panels.ts","Unknown; inspect surrounding code and changelog","Do not reactivate without an approved documented decision","Aggregated static keyword evidence. Manual review is required."
"UNRESOLVED","Requires manual identification","Disabled; requires feature-state review","Keyword 'disabled'; occurrences=5; lines=153;154;5;7;9","src/config/theater-presets.ts","Unknown; inspect surrounding code and changelog","Do not reactivate without an approved documented decision","Aggregated static keyword evidence. Manual review is required."
"UNRESOLVED","Requires manual identification","Disabled; requires feature-state review","Keyword 'disabled'; occurrences=3; lines=103;107;111","src/config/variants/base.ts","Unknown; inspect surrounding code and changelog","Do not reactivate without an approved documented decision","Aggregated static keyword evidence. Manual review is required."
"UNRESOLVED","Requires manual identification","Disabled; requires feature-state review","Keyword 'disabled'; occurrences=2; lines=138;64","src/config/variants/commodity.ts","Unknown; inspect surrounding code and changelog","Do not reactivate without an approved documented decision","Aggregated static keyword evidence. Manual review is required."
"UNRESOLVED","Requires manual identification","Disabled; requires feature-state review","Keyword 'disabled'; occurrences=2; lines=131;66","src/config/variants/energy.ts","Unknown; inspect surrounding code and changelog","Do not reactivate without an approved documented decision","Aggregated static keyword evidence. Manual review is required."
"UNRESOLVED","Requires manual identification","Disabled; requires feature-state review","Keyword 'disabled'; occurrences=4; lines=210;233;272;295","src/config/variants/finance.ts","Unknown; inspect surrounding code and changelog","Do not reactivate without an approved documented decision","Aggregated static keyword evidence. Manual review is required."
"UNRESOLVED","Requires manual identification","Disabled; requires feature-state review","Keyword 'disabled'; occurrences=6; lines=111;150;156;173;88;94","src/config/variants/full.ts","Unknown; inspect surrounding code and changelog","Do not reactivate without an approved documented decision","Aggregated static keyword evidence. Manual review is required."
"UNRESOLVED","Requires manual identification","Disabled; requires feature-state review","Keyword 'disabled'; occurrences=7; lines=116;122;139;21;53;59;76","src/config/variants/happy.ts","Unknown; inspect surrounding code and changelog","Do not reactivate without an approved documented decision","Aggregated static keyword evidence. Manual review is required."
"UNRESOLVED","Requires manual identification","Disabled; requires feature-state review","Keyword 'disabled'; occurrences=4; lines=251;268;313;330","src/config/variants/tech.ts","Unknown; inspect surrounding code and changelog","Do not reactivate without an approved documented decision","Aggregated static keyword evidence. Manual review is required."
"UNRESOLVED","Requires manual identification","Disabled; requires feature-state review","Keyword 'disabled'; occurrences=4; lines=563;581;613;630","src/live-channels-window.ts","Unknown; inspect surrounding code and changelog","Do not reactivate without an approved documented decision","Aggregated static keyword evidence. Manual review is required."
"UNRESOLVED","Requires manual identification","Deprecated or legacy; requires review","Keyword 'legacy'; occurrences=5; lines=173;255;341;368;491","src/live-channels-window.ts","Unknown; inspect surrounding code and changelog","Do not reactivate without an approved documented decision","Aggregated static keyword evidence. Manual review is required."
"UNRESOLVED","Requires manual identification","Disabled; requires feature-state review","Keyword 'disabled'; occurrences=2; lines=1558;2552","src/locales/ar.json","Unknown; inspect surrounding code and changelog","Do not reactivate without an approved documented decision","Aggregated static keyword evidence. Manual review is required."
"UNRESOLVED","Requires manual identification","Deprecated or legacy; requires review","Keyword 'legacy'; occurrences=1; lines=1799","src/locales/ar.json","Unknown; inspect surrounding code and changelog","Do not reactivate without an approved documented decision","Aggregated static keyword evidence. Manual review is required."
"UNRESOLVED","Requires manual identification","Disabled; requires feature-state review","Keyword 'disabled'; occurrences=2; lines=1682;2480","src/locales/bg.json","Unknown; inspect surrounding code and changelog","Do not reactivate without an approved documented decision","Aggregated static keyword evidence. Manual review is required."
"UNRESOLVED","Requires manual identification","Deprecated or legacy; requires review","Keyword 'legacy'; occurrences=1; lines=1570","src/locales/bg.json","Unknown; inspect surrounding code and changelog","Do not reactivate without an approved documented decision","Aggregated static keyword evidence. Manual review is required."
"UNRESOLVED","Requires manual identification","Disabled; requires feature-state review","Keyword 'disabled'; occurrences=2; lines=1667;2516","src/locales/cs.json","Unknown; inspect surrounding code and changelog","Do not reactivate without an approved documented decision","Aggregated static keyword evidence. Manual review is required."
"UNRESOLVED","Requires manual identification","Deprecated or legacy; requires review","Keyword 'legacy'; occurrences=1; lines=1555","src/locales/cs.json","Unknown; inspect surrounding code and changelog","Do not reactivate without an approved documented decision","Aggregated static keyword evidence. Manual review is required."
"UNRESOLVED","Requires manual identification","Disabled; requires feature-state review","Keyword 'disabled'; occurrences=2; lines=1493;2480","src/locales/de.json","Unknown; inspect surrounding code and changelog","Do not reactivate without an approved documented decision","Aggregated static keyword evidence. Manual review is required."
"UNRESOLVED","Requires manual identification","Deprecated or legacy; requires review","Keyword 'legacy'; occurrences=2; lines=1432","src/locales/de.json","Unknown; inspect surrounding code and changelog","Do not reactivate without an approved documented decision","Aggregated static keyword evidence. Manual review is required."
"UNRESOLVED","Requires manual identification","Disabled; requires feature-state review","Keyword 'disabled'; occurrences=2; lines=1682;2480","src/locales/el.json","Unknown; inspect surrounding code and changelog","Do not reactivate without an approved documented decision","Aggregated static keyword evidence. Manual review is required."
"UNRESOLVED","Requires manual identification","Deprecated or legacy; requires review","Keyword 'legacy'; occurrences=1; lines=1570","src/locales/el.json","Unknown; inspect surrounding code and changelog","Do not reactivate without an approved documented decision","Aggregated static keyword evidence. Manual review is required."
"UNRESOLVED","Requires manual identification","Disabled; requires feature-state review","Keyword 'disabled'; occurrences=6; lines=1451;1826;2565;3247;3248","src/locales/en.json","Unknown; inspect surrounding code and changelog","Do not reactivate without an approved documented decision","Aggregated static keyword evidence. Manual review is required."
"UNRESOLVED","Requires manual identification","Deprecated or legacy; requires review","Keyword 'legacy'; occurrences=2; lines=1685","src/locales/en.json","Unknown; inspect surrounding code and changelog","Do not reactivate without an approved documented decision","Aggregated static keyword evidence. Manual review is required."
"UNRESOLVED","Requires manual identification","Disabled; requires feature-state review","Keyword 'disabled'; occurrences=2; lines=229;230","src/locales/en.shell.json","Unknown; inspect surrounding code and changelog","Do not reactivate without an approved documented decision","Aggregated static keyword evidence. Manual review is required."
"UNRESOLVED","Requires manual identification","Disabled; requires feature-state review","Keyword 'disabled'; occurrences=2; lines=1495;2498","src/locales/es.json","Unknown; inspect surrounding code and changelog","Do not reactivate without an approved documented decision","Aggregated static keyword evidence. Manual review is required."
"UNRESOLVED","Requires manual identification","Deprecated or legacy; requires review","Keyword 'legacy'; occurrences=1; lines=1434","src/locales/es.json","Unknown; inspect surrounding code and changelog","Do not reactivate without an approved documented decision","Aggregated static keyword evidence. Manual review is required."
"UNRESOLVED","Requires manual identification","Disabled; requires feature-state review","Keyword 'disabled'; occurrences=5; lines=1451;1826;2549;3221;3222","src/locales/fa.json","Unknown; inspect surrounding code and changelog","Do not reactivate without an approved documented decision","Aggregated static keyword evidence. Manual review is required."
"UNRESOLVED","Requires manual identification","Deprecated or legacy; requires review","Keyword 'legacy'; occurrences=1; lines=1711","src/locales/fa.json","Unknown; inspect surrounding code and changelog","Do not reactivate without an approved documented decision","Aggregated static keyword evidence. Manual review is required."
"UNRESOLVED","Requires manual identification","Disabled; requires feature-state review","Keyword 'disabled'; occurrences=2; lines=1594;2498","src/locales/fr.json","Unknown; inspect surrounding code and changelog","Do not reactivate without an approved documented decision","Aggregated static keyword evidence. Manual review is required."
"UNRESOLVED","Requires manual identification","Deprecated or legacy; requires review","Keyword 'legacy'; occurrences=1; lines=1799","src/locales/fr.json","Unknown; inspect surrounding code and changelog","Do not reactivate without an approved documented decision","Aggregated static keyword evidence. Manual review is required."
"UNRESOLVED","Requires manual identification","Disabled; requires feature-state review","Keyword 'disabled'; occurrences=2; lines=1823;2549","src/locales/hi.json","Unknown; inspect surrounding code and changelog","Do not reactivate without an approved documented decision","Aggregated static keyword evidence. Manual review is required."
"UNRESOLVED","Requires manual identification","Deprecated or legacy; requires review","Keyword 'legacy'; occurrences=1; lines=1711","src/locales/hi.json","Unknown; inspect surrounding code and changelog","Do not reactivate without an approved documented decision","Aggregated static keyword evidence. Manual review is required."
"UNRESOLVED","Requires manual identification","Disabled; requires feature-state review","Keyword 'disabled'; occurrences=2; lines=1977;2735","src/locales/hr.json","Unknown; inspect surrounding code and changelog","Do not reactivate without an approved documented decision","Aggregated static keyword evidence. Manual review is required."
"UNRESOLVED","Requires manual identification","Deprecated or legacy; requires review","Keyword 'legacy'; occurrences=1; lines=1857","src/locales/hr.json","Unknown; inspect surrounding code and changelog","Do not reactivate without an approved documented decision","Aggregated static keyword evidence. Manual review is required."
"UNRESOLVED","Requires manual identification","Disabled; requires feature-state review","Keyword 'disabled'; occurrences=2; lines=1823;2549","src/locales/hu.json","Unknown; inspect surrounding code and changelog","Do not reactivate without an approved documented decision","Aggregated static keyword evidence. Manual review is required."
"UNRESOLVED","Requires manual identification","Deprecated or legacy; requires review","Keyword 'legacy'; occurrences=1; lines=1711","src/locales/hu.json","Unknown; inspect surrounding code and changelog","Do not reactivate without an approved documented decision","Aggregated static keyword evidence. Manual review is required."
"UNRESOLVED","Requires manual identification","Disabled; requires feature-state review","Keyword 'disabled'; occurrences=2; lines=1495;2498","src/locales/it.json","Unknown; inspect surrounding code and changelog","Do not reactivate without an approved documented decision","Aggregated static keyword evidence. Manual review is required."
"UNRESOLVED","Requires manual identification","Deprecated or legacy; requires review","Keyword 'legacy'; occurrences=2; lines=1434","src/locales/it.json","Unknown; inspect surrounding code and changelog","Do not reactivate without an approved documented decision","Aggregated static keyword evidence. Manual review is required."
"UNRESOLVED","Requires manual identification","Disabled; requires feature-state review","Keyword 'disabled'; occurrences=2; lines=1682;2480","src/locales/ja.json","Unknown; inspect surrounding code and changelog","Do not reactivate without an approved documented decision","Aggregated static keyword evidence. Manual review is required."
"UNRESOLVED","Requires manual identification","Deprecated or legacy; requires review","Keyword 'legacy'; occurrences=1; lines=1570","src/locales/ja.json","Unknown; inspect surrounding code and changelog","Do not reactivate without an approved documented decision","Aggregated static keyword evidence. Manual review is required."
"UNRESOLVED","Requires manual identification","Disabled; requires feature-state review","Keyword 'disabled'; occurrences=2; lines=1682;2480","src/locales/ko.json","Unknown; inspect surrounding code and changelog","Do not reactivate without an approved documented decision","Aggregated static keyword evidence. Manual review is required."
"UNRESOLVED","Requires manual identification","Deprecated or legacy; requires review","Keyword 'legacy'; occurrences=1; lines=1570","src/locales/ko.json","Unknown; inspect surrounding code and changelog","Do not reactivate without an approved documented decision","Aggregated static keyword evidence. Manual review is required."
"UNRESOLVED","Requires manual identification","Disabled; requires feature-state review","Keyword 'disabled'; occurrences=2; lines=1099;2220","src/locales/nl.json","Unknown; inspect surrounding code and changelog","Do not reactivate without an approved documented decision","Aggregated static keyword evidence. Manual review is required."
"UNRESOLVED","Requires manual identification","Deprecated or legacy; requires review","Keyword 'legacy'; occurrences=1; lines=1527","src/locales/nl.json","Unknown; inspect surrounding code and changelog","Do not reactivate without an approved documented decision","Aggregated static keyword evidence. Manual review is required."
"UNRESOLVED","Requires manual identification","Disabled; requires feature-state review","Keyword 'disabled'; occurrences=2; lines=1414;2516","src/locales/pl.json","Unknown; inspect surrounding code and changelog","Do not reactivate without an approved documented decision","Aggregated static keyword evidence. Manual review is required."
"UNRESOLVED","Requires manual identification","Deprecated or legacy; requires review","Keyword 'legacy'; occurrences=1; lines=1793","src/locales/pl.json","Unknown; inspect surrounding code and changelog","Do not reactivate without an approved documented decision","Aggregated static keyword evidence. Manual review is required."
"UNRESOLVED","Requires manual identification","Disabled; requires feature-state review","Keyword 'disabled'; occurrences=2; lines=1099;2236","src/locales/pt.json","Unknown; inspect surrounding code and changelog","Do not reactivate without an approved documented decision","Aggregated static keyword evidence. Manual review is required."
"UNRESOLVED","Requires manual identification","Deprecated or legacy; requires review","Keyword 'legacy'; occurrences=1; lines=1528","src/locales/pt.json","Unknown; inspect surrounding code and changelog","Do not reactivate without an approved documented decision","Aggregated static keyword evidence. Manual review is required."
"UNRESOLVED","Requires manual identification","Disabled; requires feature-state review","Keyword 'disabled'; occurrences=2; lines=1685;2498","src/locales/ro.json","Unknown; inspect surrounding code and changelog","Do not reactivate without an approved documented decision","Aggregated static keyword evidence. Manual review is required."
"UNRESOLVED","Requires manual identification","Deprecated or legacy; requires review","Keyword 'legacy'; occurrences=1; lines=1573","src/locales/ro.json","Unknown; inspect surrounding code and changelog","Do not reactivate without an approved documented decision","Aggregated static keyword evidence. Manual review is required."
"UNRESOLVED","Requires manual identification","Disabled; requires feature-state review","Keyword 'disabled'; occurrences=2; lines=1688;2516","src/locales/ru.json","Unknown; inspect surrounding code and changelog","Do not reactivate without an approved documented decision","Aggregated static keyword evidence. Manual review is required."
"UNRESOLVED","Requires manual identification","Deprecated or legacy; requires review","Keyword 'legacy'; occurrences=1; lines=1576","src/locales/ru.json","Unknown; inspect surrounding code and changelog","Do not reactivate without an approved documented decision","Aggregated static keyword evidence. Manual review is required."
"UNRESOLVED","Requires manual identification","Disabled; requires feature-state review","Keyword 'disabled'; occurrences=2; lines=1099;2220","src/locales/sv.json","Unknown; inspect surrounding code and changelog","Do not reactivate without an approved documented decision","Aggregated static keyword evidence. Manual review is required."
"UNRESOLVED","Requires manual identification","Deprecated or legacy; requires review","Keyword 'legacy'; occurrences=1; lines=1527","src/locales/sv.json","Unknown; inspect surrounding code and changelog","Do not reactivate without an approved documented decision","Aggregated static keyword evidence. Manual review is required."
"UNRESOLVED","Requires manual identification","Disabled; requires feature-state review","Keyword 'disabled'; occurrences=2; lines=1682;2480","src/locales/th.json","Unknown; inspect surrounding code and changelog","Do not reactivate without an approved documented decision","Aggregated static keyword evidence. Manual review is required."
"UNRESOLVED","Requires manual identification","Deprecated or legacy; requires review","Keyword 'legacy'; occurrences=1; lines=1570","src/locales/th.json","Unknown; inspect surrounding code and changelog","Do not reactivate without an approved documented decision","Aggregated static keyword evidence. Manual review is required."
"UNRESOLVED","Requires manual identification","Disabled; requires feature-state review","Keyword 'disabled'; occurrences=2; lines=1682;2480","src/locales/tr.json","Unknown; inspect surrounding code and changelog","Do not reactivate without an approved documented decision","Aggregated static keyword evidence. Manual review is required."
"UNRESOLVED","Requires manual identification","Deprecated or legacy; requires review","Keyword 'legacy'; occurrences=1; lines=1570","src/locales/tr.json","Unknown; inspect surrounding code and changelog","Do not reactivate without an approved documented decision","Aggregated static keyword evidence. Manual review is required."
"UNRESOLVED","Requires manual identification","Disabled; requires feature-state review","Keyword 'disabled'; occurrences=6; lines=1451;1826;2565;3221;3222","src/locales/uk.json","Unknown; inspect surrounding code and changelog","Do not reactivate without an approved documented decision","Aggregated static keyword evidence. Manual review is required."
"UNRESOLVED","Requires manual identification","Deprecated or legacy; requires review","Keyword 'legacy'; occurrences=2; lines=1685","src/locales/uk.json","Unknown; inspect surrounding code and changelog","Do not reactivate without an approved documented decision","Aggregated static keyword evidence. Manual review is required."
"UNRESOLVED","Requires manual identification","Disabled; requires feature-state review","Keyword 'disabled'; occurrences=2; lines=1682;2480","src/locales/vi.json","Unknown; inspect surrounding code and changelog","Do not reactivate without an approved documented decision","Aggregated static keyword evidence. Manual review is required."
"UNRESOLVED","Requires manual identification","Deprecated or legacy; requires review","Keyword 'legacy'; occurrences=1; lines=1570","src/locales/vi.json","Unknown; inspect surrounding code and changelog","Do not reactivate without an approved documented decision","Aggregated static keyword evidence. Manual review is required."
"UNRESOLVED","Requires manual identification","Disabled; requires feature-state review","Keyword 'disabled'; occurrences=2; lines=1682;2480","src/locales/zh.json","Unknown; inspect surrounding code and changelog","Do not reactivate without an approved documented decision","Aggregated static keyword evidence. Manual review is required."
"UNRESOLVED","Requires manual identification","Deprecated or legacy; requires review","Keyword 'legacy'; occurrences=1; lines=1570","src/locales/zh.json","Unknown; inspect surrounding code and changelog","Do not reactivate without an approved documented decision","Aggregated static keyword evidence. Manual review is required."
"UNRESOLVED","Requires manual identification","Deprecated or legacy; requires review","Keyword 'legacy'; occurrences=1; lines=227","src/main.ts","Unknown; inspect surrounding code and changelog","Do not reactivate without an approved documented decision","Aggregated static keyword evidence. Manual review is required."
"UNRESOLVED","Requires manual identification","Disabled; requires feature-state review","Keyword 'disabled'; occurrences=2; lines=233;237","src/mcp-grant-main.ts","Unknown; inspect surrounding code and changelog","Do not reactivate without an approved documented decision","Aggregated static keyword evidence. Manual review is required."
"UNRESOLVED","Requires manual identification","Deprecated or legacy; requires review","Keyword 'legacy'; occurrences=2; lines=16;29","src/services/_billing-error.ts","Unknown; inspect surrounding code and changelog","Do not reactivate without an approved documented decision","Aggregated static keyword evidence. Manual review is required."
"UNRESOLVED","Requires manual identification","Deprecated or legacy; requires review","Keyword 'legacy'; occurrences=2; lines=39;74","src/services/analysis-worker.ts","Unknown; inspect surrounding code and changelog","Do not reactivate without an approved documented decision","Aggregated static keyword evidence. Manual review is required."
"UNRESOLVED","Requires manual identification","Disabled; requires feature-state review","Keyword 'disabled'; occurrences=2; lines=44;695","src/services/analytics.ts","Unknown; inspect surrounding code and changelog","Do not reactivate without an approved documented decision","Aggregated static keyword evidence. Manual review is required."
"UNRESOLVED","Requires manual identification","Deprecated or legacy; requires review","Keyword 'legacy'; occurrences=1; lines=897","src/services/analytics.ts","Unknown; inspect surrounding code and changelog","Do not reactivate without an approved documented decision","Aggregated static keyword evidence. Manual review is required."
"UNRESOLVED","Requires manual identification","Deprecated or legacy; requires review","Keyword 'legacy'; occurrences=1; lines=228","src/services/bootstrap.ts","Unknown; inspect surrounding code and changelog","Do not reactivate without an approved documented decision","Aggregated static keyword evidence. Manual review is required."
"UNRESOLVED","Requires manual identification","Deprecated or legacy; requires review","Keyword 'legacy'; occurrences=2; lines=14;53","src/services/cached-risk-scores.ts","Unknown; inspect surrounding code and changelog","Do not reactivate without an approved documented decision","Aggregated static keyword evidence. Manual review is required."
"UNRESOLVED","Requires manual identification","Deprecated or legacy; requires review","Keyword 'legacy'; occurrences=2; lines=12;23","src/services/cached-theater-posture.ts","Unknown; inspect surrounding code and changelog","Do not reactivate without an approved documented decision","Aggregated static keyword evidence. Manual review is required."
"UNRESOLVED","Requires manual identification","Disabled; requires feature-state review","Keyword 'disabled'; occurrences=1; lines=99","src/services/checkout.ts","Unknown; inspect surrounding code and changelog","Do not reactivate without an approved documented decision","Aggregated static keyword evidence. Manual review is required."
"UNRESOLVED","Requires manual identification","Deprecated or legacy; requires review","Keyword 'legacy'; occurrences=1; lines=680","src/services/checkout.ts","Unknown; inspect surrounding code and changelog","Do not reactivate without an approved documented decision","Aggregated static keyword evidence. Manual review is required."
"UNRESOLVED","Requires manual identification","Disabled; requires feature-state review","Keyword 'disabled'; occurrences=1; lines=52","src/services/checkout-attempt.ts","Unknown; inspect surrounding code and changelog","Do not reactivate without an approved documented decision","Aggregated static keyword evidence. Manual review is required."
"UNRESOLVED","Requires manual identification","Sunset","Keyword 'retired'; occurrences=1; lines=80","src/services/checkout-attempt.ts","Unknown; inspect surrounding code and changelog","Do not reactivate without an approved documented decision","Aggregated static keyword evidence. Manual review is required."
"UNRESOLVED","Requires manual identification","Disabled; requires feature-state review","Keyword 'disabled'; occurrences=2; lines=235;445","src/services/clerk.ts","Unknown; inspect surrounding code and changelog","Do not reactivate without an approved documented decision","Aggregated static keyword evidence. Manual review is required."
"UNRESOLVED","Requires manual identification","Deprecated or legacy; requires review","Keyword 'legacy'; occurrences=4; lines=516;695;736;761","src/services/clerk.ts","Unknown; inspect surrounding code and changelog","Do not reactivate without an approved documented decision","Aggregated static keyword evidence. Manual review is required."
"UNRESOLVED","Requires manual identification","Deprecated or legacy; requires review","Keyword 'legacy'; occurrences=2; lines=13;15","src/services/climate/index.ts","Unknown; inspect surrounding code and changelog","Do not reactivate without an approved documented decision","Aggregated static keyword evidence. Manual review is required."
"UNRESOLVED","Requires manual identification","Deprecated or legacy; requires review","Keyword 'legacy'; occurrences=5; lines=103;129;172;35;75","src/services/conflict/index.ts","Unknown; inspect surrounding code and changelog","Do not reactivate without an approved documented decision","Aggregated static keyword evidence. Manual review is required."
"UNRESOLVED","Requires manual identification","Deprecated or legacy; requires review","Keyword 'legacy'; occurrences=1; lines=62","src/services/correlation-engine/engine.test.ts","Unknown; inspect surrounding code and changelog","Do not reactivate without an approved documented decision","Aggregated static keyword evidence. Manual review is required."
"UNRESOLVED","Requires manual identification","Deprecated or legacy; requires review","Keyword 'legacy'; occurrences=2; lines=39;65","src/services/correlation-engine/engine.ts","Unknown; inspect surrounding code and changelog","Do not reactivate without an approved documented decision","Aggregated static keyword evidence. Manual review is required."
"UNRESOLVED","Requires manual identification","Deprecated or legacy; requires review","Keyword 'legacy'; occurrences=5; lines=29;45;47;51;52","src/services/correlation-runtime-mode.ts","Unknown; inspect surrounding code and changelog","Do not reactivate without an approved documented decision","Aggregated static keyword evidence. Manual review is required."
"UNRESOLVED","Requires manual identification","Deprecated","Keyword 'deprecated'; occurrences=4; lines=1074;1111;1119;158","src/services/country-instability.ts","Unknown; inspect surrounding code and changelog","Do not reactivate without an approved documented decision","Aggregated static keyword evidence. Manual review is required."
"UNRESOLVED","Requires manual identification","Deprecated or legacy; requires review","Keyword 'legacy'; occurrences=5; lines=1075;1112;1120;159;38","src/services/country-instability.ts","Unknown; inspect surrounding code and changelog","Do not reactivate without an approved documented decision","Aggregated static keyword evidence. Manual review is required."
"UNRESOLVED","Requires manual identification","Deprecated or legacy; requires review","Keyword 'legacy'; occurrences=2; lines=21;51","src/services/cyber/index.ts","Unknown; inspect surrounding code and changelog","Do not reactivate without an approved documented decision","Aggregated static keyword evidence. Manual review is required."
"UNRESOLVED","Requires manual identification","Disabled; requires feature-state review","Keyword 'disabled'; occurrences=14; lines=13;149;185;205;258;265;271;283;294;315;405;454;520;532","src/services/data-freshness.ts","Unknown; inspect surrounding code and changelog","Do not reactivate without an approved documented decision","Aggregated static keyword evidence. Manual review is required."
"UNRESOLVED","Requires manual identification","Disabled; requires feature-state review","Keyword 'disabled'; occurrences=1; lines=77","src/services/desktop-readiness.ts","Unknown; inspect surrounding code and changelog","Do not reactivate without an approved documented decision","Aggregated static keyword evidence. Manual review is required."
"UNRESOLVED","Requires manual identification","Deprecated or legacy; requires review","Keyword 'legacy'; occurrences=4; lines=121;145;55;7","src/services/displacement/index.ts","Unknown; inspect surrounding code and changelog","Do not reactivate without an approved documented decision","Aggregated static keyword evidence. Manual review is required."
"UNRESOLVED","Requires manual identification","Deprecated or legacy; requires review","Keyword 'legacy'; occurrences=1; lines=2","src/services/economic/index.ts","Unknown; inspect surrounding code and changelog","Do not reactivate without an approved documented decision","Aggregated static keyword evidence. Manual review is required."
"UNRESOLVED","Requires manual identification","Deprecated or legacy; requires review","Keyword 'legacy'; occurrences=3; lines=248;35;47","src/services/entitlements.ts","Unknown; inspect surrounding code and changelog","Do not reactivate without an approved documented decision","Aggregated static keyword evidence. Manual review is required."
"UNRESOLVED","Requires manual identification","Deprecated","Keyword 'deprecated'; occurrences=1; lines=33","src/services/feed-date.ts","Unknown; inspect surrounding code and changelog","Do not reactivate without an approved documented decision","Aggregated static keyword evidence. Manual review is required."
"UNRESOLVED","Requires manual identification","Deprecated or legacy; requires review","Keyword 'legacy'; occurrences=1; lines=7","src/services/feed-date.ts","Unknown; inspect surrounding code and changelog","Do not reactivate without an approved documented decision","Aggregated static keyword evidence. Manual review is required."
"UNRESOLVED","Requires manual identification","Disabled; requires feature-state review","Keyword 'disabled'; occurrences=4; lines=1107;1253;82;960","src/services/followed-countries.ts","Unknown; inspect surrounding code and changelog","Do not reactivate without an approved documented decision","Aggregated static keyword evidence. Manual review is required."
"UNRESOLVED","Requires manual identification","Deprecated or legacy; requires review","Keyword 'legacy'; occurrences=2; lines=1167;1185","src/services/followed-countries.ts","Unknown; inspect surrounding code and changelog","Do not reactivate without an approved documented decision","Aggregated static keyword evidence. Manual review is required."
"UNRESOLVED","Requires manual identification","Deprecated or legacy; requires review","Keyword 'legacy'; occurrences=4; lines=108;160;57;63","src/services/gates/export-resolver.ts","Unknown; inspect surrounding code and changelog","Do not reactivate without an approved documented decision","Aggregated static keyword evidence. Manual review is required."
"UNRESOLVED","Requires manual identification","Deprecated or legacy; requires review","Keyword 'legacy'; occurrences=14; lines=113;14;17;175;285;301;417;426;428;478;504;531;537;94","src/services/giving/model.ts","Unknown; inspect surrounding code and changelog","Do not reactivate without an approved documented decision","Aggregated static keyword evidence. Manual review is required."
"UNRESOLVED","Requires manual identification","Disabled; requires feature-state review","Keyword 'disabled'; occurrences=4; lines=14;19;20;23","src/services/globe-render-settings.ts","Unknown; inspect surrounding code and changelog","Do not reactivate without an approved documented decision","Aggregated static keyword evidence. Manual review is required."
"UNRESOLVED","Requires manual identification","Disabled; requires feature-state review","Keyword 'disabled'; occurrences=1; lines=13","src/services/i18n.ts","Unknown; inspect surrounding code and changelog","Do not reactivate without an approved documented decision","Aggregated static keyword evidence. Manual review is required."
"UNRESOLVED","Requires manual identification","Deprecated or legacy; requires review","Keyword 'legacy'; occurrences=1; lines=156","src/services/i18n.ts","Unknown; inspect surrounding code and changelog","Do not reactivate without an approved documented decision","Aggregated static keyword evidence. Manual review is required."
"UNRESOLVED","Requires manual identification","Deprecated","Keyword 'deprecated'; occurrences=1; lines=28","src/services/imf-country-data.ts","Unknown; inspect surrounding code and changelog","Do not reactivate without an approved documented decision","Aggregated static keyword evidence. Manual review is required."
"UNRESOLVED","Requires manual identification","Deprecated or legacy; requires review","Keyword 'legacy'; occurrences=3; lines=2;30;47","src/services/infrastructure/index.ts","Unknown; inspect surrounding code and changelog","Do not reactivate without an approved documented decision","Aggregated static keyword evidence. Manual review is required."
"UNRESOLVED","Requires manual identification","Deprecated or legacy; requires review","Keyword 'legacy'; occurrences=1; lines=4","src/services/intelligence/index.ts","Unknown; inspect surrounding code and changelog","Do not reactivate without an approved documented decision","Aggregated static keyword evidence. Manual review is required."
"UNRESOLVED","Requires manual identification","Deprecated","Keyword 'deprecated'; occurrences=1; lines=31","src/services/live-news.ts","Unknown; inspect surrounding code and changelog","Do not reactivate without an approved documented decision","Aggregated static keyword evidence. Manual review is required."
"UNRESOLVED","Requires manual identification","Deprecated or legacy; requires review","Keyword 'legacy'; occurrences=1; lines=27","src/services/maritime/index.ts","Unknown; inspect surrounding code and changelog","Do not reactivate without an approved documented decision","Aggregated static keyword evidence. Manual review is required."
"UNRESOLVED","Requires manual identification","Deprecated or legacy; requires review","Keyword 'legacy'; occurrences=3; lines=2;38;62","src/services/market/index.ts","Unknown; inspect surrounding code and changelog","Do not reactivate without an approved documented decision","Aggregated static keyword evidence. Manual review is required."
"UNRESOLVED","Requires manual identification","Disabled; requires feature-state review","Keyword 'disabled'; occurrences=1; lines=147","src/services/mcp-grant-denial.ts","Unknown; inspect surrounding code and changelog","Do not reactivate without an approved documented decision","Aggregated static keyword evidence. Manual review is required."
"UNRESOLVED","Requires manual identification","Deprecated or legacy; requires review","Keyword 'legacy'; occurrences=1; lines=4","src/services/military/index.ts","Unknown; inspect surrounding code and changelog","Do not reactivate without an approved documented decision","Aggregated static keyword evidence. Manual review is required."
"UNRESOLVED","Requires manual identification","Disabled; requires feature-state review","Keyword 'disabled'; occurrences=1; lines=641","src/services/military-vessels.ts","Unknown; inspect surrounding code and changelog","Do not reactivate without an approved documented decision","Aggregated static keyword evidence. Manual review is required."
"UNRESOLVED","Requires manual identification","Disabled; requires feature-state review","Keyword 'disabled'; occurrences=2; lines=62;83","src/services/military-vessels-lazy.ts","Unknown; inspect surrounding code and changelog","Do not reactivate without an approved documented decision","Aggregated static keyword evidence. Manual review is required."
"UNRESOLVED","Requires manual identification","Deprecated or legacy; requires review","Keyword 'legacy'; occurrences=1; lines=6","src/services/news/index.ts","Unknown; inspect surrounding code and changelog","Do not reactivate without an approved documented decision","Aggregated static keyword evidence. Manual review is required."
"UNRESOLVED","Requires manual identification","Disabled; requires feature-state review","Keyword 'disabled'; occurrences=1; lines=276","src/services/notification-channels.ts","Unknown; inspect surrounding code and changelog","Do not reactivate without an approved documented decision","Aggregated static keyword evidence. Manual review is required."
"UNRESOLVED","Requires manual identification","Deprecated or legacy; requires review","Keyword 'legacy'; occurrences=1; lines=517","src/services/notification-channels.ts","Unknown; inspect surrounding code and changelog","Do not reactivate without an approved documented decision","Aggregated static keyword evidence. Manual review is required."
"UNRESOLVED","Requires manual identification","Disabled; requires feature-state review","Keyword 'disabled'; occurrences=9; lines=1221;1256;487;495;501;502;892;896;900","src/services/notifications-settings.ts","Unknown; inspect surrounding code and changelog","Do not reactivate without an approved documented decision","Aggregated static keyword evidence. Manual review is required."
"UNRESOLVED","Requires manual identification","Deprecated or legacy; requires review","Keyword 'legacy'; occurrences=7; lines=1032;1059;1079;1092;1180;634;883","src/services/notifications-settings.ts","Unknown; inspect surrounding code and changelog","Do not reactivate without an approved documented decision","Aggregated static keyword evidence. Manual review is required."
"UNRESOLVED","Requires manual identification","Disabled; requires feature-state review","Keyword 'disabled'; occurrences=3; lines=15","src/services/panel-freshness-display.ts","Unknown; inspect surrounding code and changelog","Do not reactivate without an approved documented decision","Aggregated static keyword evidence. Manual review is required."
"UNRESOLVED","Requires manual identification","Deprecated or legacy; requires review","Keyword 'legacy'; occurrences=1; lines=31","src/services/pizzint.ts","Unknown; inspect surrounding code and changelog","Do not reactivate without an approved documented decision","Aggregated static keyword evidence. Manual review is required."
"UNRESOLVED","Requires manual identification","Deprecated or legacy; requires review","Keyword 'legacy'; occurrences=1; lines=9","src/services/prediction/index.ts","Unknown; inspect surrounding code and changelog","Do not reactivate without an approved documented decision","Aggregated static keyword evidence. Manual review is required."
"UNRESOLVED","Requires manual identification","Disabled; requires feature-state review","Keyword 'disabled'; occurrences=16; lines=107;472;479;480;481;51;54;547;582;59;60;664;667","src/services/preferences-content.ts","Unknown; inspect surrounding code and changelog","Do not reactivate without an approved documented decision","Aggregated static keyword evidence. Manual review is required."
"UNRESOLVED","Requires manual identification","Deprecated or legacy; requires review","Keyword 'legacy'; occurrences=3; lines=703;724;73","src/services/preferences-content.ts","Unknown; inspect surrounding code and changelog","Do not reactivate without an approved documented decision","Aggregated static keyword evidence. Manual review is required."
"UNRESOLVED","Requires manual identification","Deprecated or legacy; requires review","Keyword 'legacy'; occurrences=1; lines=239","src/services/premium-fetch.ts","Unknown; inspect surrounding code and changelog","Do not reactivate without an approved documented decision","Aggregated static keyword evidence. Manual review is required."
"UNRESOLVED","Requires manual identification","Deprecated or legacy; requires review","Keyword 'legacy'; occurrences=4; lines=157;871;886;894","src/services/pro-activation-state.ts","Unknown; inspect surrounding code and changelog","Do not reactivate without an approved documented decision","Aggregated static keyword evidence. Manual review is required."
"UNRESOLVED","Requires manual identification","Deprecated or legacy; requires review","Keyword 'legacy'; occurrences=1; lines=7","src/services/public-rpc-fetch.ts","Unknown; inspect surrounding code and changelog","Do not reactivate without an approved documented decision","Aggregated static keyword evidence. Manual review is required."
"UNRESOLVED","Requires manual identification","Disabled; requires feature-state review","Keyword 'disabled'; occurrences=2; lines=57;98","src/services/referral-capture.ts","Unknown; inspect surrounding code and changelog","Do not reactivate without an approved documented decision","Aggregated static keyword evidence. Manual review is required."
"UNRESOLVED","Requires manual identification","Disabled; requires feature-state review","Keyword 'disabled'; occurrences=1; lines=131","src/services/regional-feed-rollout.ts","Unknown; inspect surrounding code and changelog","Do not reactivate without an approved documented decision","Aggregated static keyword evidence. Manual review is required."
"UNRESOLVED","Requires manual identification","Deprecated or legacy; requires review","Keyword 'legacy'; occurrences=1; lines=80","src/services/regional-feed-rollout.ts","Unknown; inspect surrounding code and changelog","Do not reactivate without an approved documented decision","Aggregated static keyword evidence. Manual review is required."
"UNRESOLVED","Requires manual identification","Deprecated or legacy; requires review","Keyword 'legacy'; occurrences=1; lines=6","src/services/research/index.ts","Unknown; inspect surrounding code and changelog","Do not reactivate without an approved documented decision","Aggregated static keyword evidence. Manual review is required."
"UNRESOLVED","Requires manual identification","Deprecated or legacy; requires review","Keyword 'legacy'; occurrences=1; lines=469","src/services/runtime.ts","Unknown; inspect surrounding code and changelog","Do not reactivate without an approved documented decision","Aggregated static keyword evidence. Manual review is required."
"UNRESOLVED","Requires manual identification","Disabled; requires feature-state review","Keyword 'disabled'; occurrences=10; lines=166;173;187;194;201;208;223;238;259;273","src/services/runtime-config.ts","Unknown; inspect surrounding code and changelog","Do not reactivate without an approved documented decision","Aggregated static keyword evidence. Manual review is required."
"UNRESOLVED","Requires manual identification","Deprecated or legacy; requires review","Keyword 'legacy'; occurrences=2; lines=227;228","src/services/runtime-config.ts","Unknown; inspect surrounding code and changelog","Do not reactivate without an approved documented decision","Aggregated static keyword evidence. Manual review is required."
"UNRESOLVED","Requires manual identification","Deprecated","Keyword 'deprecated'; occurrences=1; lines=75","src/services/security-advisories.ts","Unknown; inspect surrounding code and changelog","Do not reactivate without an approved documented decision","Aggregated static keyword evidence. Manual review is required."
"UNRESOLVED","Requires manual identification","Disabled; requires feature-state review","Keyword 'disabled'; occurrences=20; lines=135;156;162;168;169;173;178;190;192;193;223;238;265;28;288;3;63;8","src/services/source-cap.ts","Unknown; inspect surrounding code and changelog","Do not reactivate without an approved documented decision","Aggregated static keyword evidence. Manual review is required."
"UNRESOLVED","Requires manual identification","Deprecated or legacy; requires review","Keyword 'legacy'; occurrences=1; lines=137","src/services/source-cap.ts","Unknown; inspect surrounding code and changelog","Do not reactivate without an approved documented decision","Aggregated static keyword evidence. Manual review is required."
"UNRESOLVED","Requires manual identification","Deprecated or legacy; requires review","Keyword 'legacy'; occurrences=1; lines=6","src/services/summarization.ts","Unknown; inspect surrounding code and changelog","Do not reactivate without an approved documented decision","Aggregated static keyword evidence. Manual review is required."
"UNRESOLVED","Requires manual identification","Disabled; requires feature-state review","Keyword 'disabled'; occurrences=2; lines=101;25","src/services/summarization-outcome.ts","Unknown; inspect surrounding code and changelog","Do not reactivate without an approved documented decision","Aggregated static keyword evidence. Manual review is required."
"UNRESOLVED","Requires manual identification","Deprecated or legacy; requires review","Keyword 'legacy'; occurrences=1; lines=54","src/services/supply-chain/index.ts","Unknown; inspect surrounding code and changelog","Do not reactivate without an approved documented decision","Aggregated static keyword evidence. Manual review is required."
"UNRESOLVED","Requires manual identification","Deprecated","Keyword 'deprecated'; occurrences=1; lines=8","src/services/threat-classifier.ts","Unknown; inspect surrounding code and changelog","Do not reactivate without an approved documented decision","Aggregated static keyword evidence. Manual review is required."
"UNRESOLVED","Requires manual identification","Deprecated or legacy; requires review","Keyword 'legacy'; occurrences=1; lines=53","src/services/unrest/index.ts","Unknown; inspect surrounding code and changelog","Do not reactivate without an approved documented decision","Aggregated static keyword evidence. Manual review is required."
"UNRESOLVED","Requires manual identification","Deprecated or legacy; requires review","Keyword 'legacy'; occurrences=4; lines=101;8;83;94","src/services/user-identity.ts","Unknown; inspect surrounding code and changelog","Do not reactivate without an approved documented decision","Aggregated static keyword evidence. Manual review is required."
"UNRESOLVED","Requires manual identification","Deprecated or legacy; requires review","Keyword 'legacy'; occurrences=1; lines=136","src/services/webmcp.ts","Unknown; inspect surrounding code and changelog","Do not reactivate without an approved documented decision","Aggregated static keyword evidence. Manual review is required."
"UNRESOLVED","Requires manual identification","Deprecated or legacy; requires review","Keyword 'legacy'; occurrences=4; lines=117;148;166;62","src/services/widget-store.ts","Unknown; inspect surrounding code and changelog","Do not reactivate without an approved documented decision","Aggregated static keyword evidence. Manual review is required."
"UNRESOLVED","Requires manual identification","Deprecated or legacy; requires review","Keyword 'legacy'; occurrences=2; lines=181;6","src/services/wingbits.ts","Unknown; inspect surrounding code and changelog","Do not reactivate without an approved documented decision","Aggregated static keyword evidence. Manual review is required."
"UNRESOLVED","Requires manual identification","Disabled; requires feature-state review","Keyword 'disabled'; occurrences=3; lines=349;527;560","src/settings-main.ts","Unknown; inspect surrounding code and changelog","Do not reactivate without an approved documented decision","Aggregated static keyword evidence. Manual review is required."
"UNRESOLVED","Requires manual identification","Deprecated or legacy; requires review","Keyword 'legacy'; occurrences=12; lines=138;237;317;527;563;607;700;710;712;720;788;833","src/settings-main.ts","Unknown; inspect surrounding code and changelog","Do not reactivate without an approved documented decision","Aggregated static keyword evidence. Manual review is required."
"UNRESOLVED","Requires manual identification","Disabled; requires feature-state review","Keyword 'disabled'; occurrences=2; lines=69;90","src/settings-window.ts","Unknown; inspect surrounding code and changelog","Do not reactivate without an approved documented decision","Aggregated static keyword evidence. Manual review is required."
"UNRESOLVED","Requires manual identification","Deprecated or legacy; requires review","Keyword 'legacy'; occurrences=2; lines=117;83","src/settings-window.ts","Unknown; inspect surrounding code and changelog","Do not reactivate without an approved documented decision","Aggregated static keyword evidence. Manual review is required."
"UNRESOLVED","Requires manual identification","Deprecated or legacy; requires review","Keyword 'legacy'; occurrences=1; lines=93","src/styles/happy-theme.css","Unknown; inspect surrounding code and changelog","Do not reactivate without an approved documented decision","Aggregated static keyword evidence. Manual review is required."
"UNRESOLVED","Requires manual identification","Disabled; requires feature-state review","Keyword 'disabled'; occurrences=33; lines=11438;11439;15356;15373;15377;20181;20190;20191;20200;20206;20212;2085;23419;23466;23471;23571;23598;2380;23880;24111;...+13 more","src/styles/main.css","Unknown; inspect surrounding code and changelog","Do not reactivate without an approved documented decision","Aggregated static keyword evidence. Manual review is required."
"UNRESOLVED","Requires manual identification","Deprecated or legacy; requires review","Keyword 'legacy'; occurrences=2; lines=111;20685","src/styles/main.css","Unknown; inspect surrounding code and changelog","Do not reactivate without an approved documented decision","Aggregated static keyword evidence. Manual review is required."
"UNRESOLVED","Requires manual identification","Disabled; requires feature-state review","Keyword 'disabled'; occurrences=4; lines=2876;2880;3531;3535","src/styles/panels.css","Unknown; inspect surrounding code and changelog","Do not reactivate without an approved documented decision","Aggregated static keyword evidence. Manual review is required."
"UNRESOLVED","Requires manual identification","Deprecated or legacy; requires review","Keyword 'legacy'; occurrences=1; lines=1269","src/styles/panels.css","Unknown; inspect surrounding code and changelog","Do not reactivate without an approved documented decision","Aggregated static keyword evidence. Manual review is required."
"UNRESOLVED","Requires manual identification","Disabled; requires feature-state review","Keyword 'disabled'; occurrences=1; lines=1063","src/styles/settings-window.css","Unknown; inspect surrounding code and changelog","Do not reactivate without an approved documented decision","Aggregated static keyword evidence. Manual review is required."
"UNRESOLVED","Requires manual identification","Disabled; requires feature-state review","Keyword 'disabled'; occurrences=1; lines=963","src/types/index.ts","Unknown; inspect surrounding code and changelog","Do not reactivate without an approved documented decision","Aggregated static keyword evidence. Manual review is required."
"UNRESOLVED","Requires manual identification","Disabled; requires feature-state review","Keyword 'disabled'; occurrences=1; lines=32","src/utils/circuit-breaker.ts","Unknown; inspect surrounding code and changelog","Do not reactivate without an approved documented decision","Aggregated static keyword evidence. Manual review is required."
"UNRESOLVED","Requires manual identification","Disabled; requires feature-state review","Keyword 'disabled'; occurrences=16; lines=231;244;255;270;272;311;329;336;355;373;388;454;462;478;497;499","src/utils/cloud-prefs-migrations.ts","Unknown; inspect surrounding code and changelog","Do not reactivate without an approved documented decision","Aggregated static keyword evidence. Manual review is required."
"UNRESOLVED","Requires manual identification","Deprecated or legacy; requires review","Keyword 'legacy'; occurrences=3; lines=295;327;371","src/utils/cloud-prefs-migrations.ts","Unknown; inspect surrounding code and changelog","Do not reactivate without an approved documented decision","Aggregated static keyword evidence. Manual review is required."
"UNRESOLVED","Requires manual identification","Disabled; requires feature-state review","Keyword 'disabled'; occurrences=1; lines=86","src/utils/cloud-prefs-sync.ts","Unknown; inspect surrounding code and changelog","Do not reactivate without an approved documented decision","Aggregated static keyword evidence. Manual review is required."
"UNRESOLVED","Requires manual identification","Deprecated or legacy; requires review","Keyword 'legacy'; occurrences=2; lines=100;396","src/utils/cloud-prefs-sync.ts","Unknown; inspect surrounding code and changelog","Do not reactivate without an approved documented decision","Aggregated static keyword evidence. Manual review is required."
"UNRESOLVED","Requires manual identification","Deprecated or legacy; requires review","Keyword 'legacy'; occurrences=2; lines=123;195","src/utils/country-chip-picker.ts","Unknown; inspect surrounding code and changelog","Do not reactivate without an approved documented decision","Aggregated static keyword evidence. Manual review is required."
"UNRESOLVED","Requires manual identification","Disabled; requires feature-state review","Keyword 'disabled'; occurrences=3; lines=199;205;209","src/utils/dom-utils.ts","Unknown; inspect surrounding code and changelog","Do not reactivate without an approved documented decision","Aggregated static keyword evidence. Manual review is required."
"UNRESOLVED","Requires manual identification","Disabled; requires feature-state review","Keyword 'disabled'; occurrences=3; lines=811;813;822","src/utils/export.ts","Unknown; inspect surrounding code and changelog","Do not reactivate without an approved documented decision","Aggregated static keyword evidence. Manual review is required."
"UNRESOLVED","Requires manual identification","Deprecated or legacy; requires review","Keyword 'legacy'; occurrences=1; lines=760","src/utils/export.ts","Unknown; inspect surrounding code and changelog","Do not reactivate without an approved documented decision","Aggregated static keyword evidence. Manual review is required."
"UNRESOLVED","Requires manual identification","Sunset","Keyword 'sunset'; occurrences=1; lines=12","src/utils/export.ts","Unknown; inspect surrounding code and changelog","Do not reactivate without an approved documented decision","Aggregated static keyword evidence. Manual review is required."
"UNRESOLVED","Requires manual identification","Disabled; requires feature-state review","Keyword 'disabled'; occurrences=4; lines=224;328;426;427","src/utils/follow-button.ts","Unknown; inspect surrounding code and changelog","Do not reactivate without an approved documented decision","Aggregated static keyword evidence. Manual review is required."
"UNRESOLVED","Requires manual identification","Deprecated or legacy; requires review","Keyword 'legacy'; occurrences=1; lines=308","src/utils/follow-button.ts","Unknown; inspect surrounding code and changelog","Do not reactivate without an approved documented decision","Aggregated static keyword evidence. Manual review is required."
"UNRESOLVED","Requires manual identification","Disabled; requires feature-state review","Keyword 'disabled'; occurrences=18; lines=117;130;139;144;149;15;157;16;166;173;179;18;241;242;260;263","src/utils/followed-only-chip.ts","Unknown; inspect surrounding code and changelog","Do not reactivate without an approved documented decision","Aggregated static keyword evidence. Manual review is required."
"UNRESOLVED","Requires manual identification","Deprecated or legacy; requires review","Keyword 'legacy'; occurrences=1; lines=226","src/utils/followed-only-chip.ts","Unknown; inspect surrounding code and changelog","Do not reactivate without an approved documented decision","Aggregated static keyword evidence. Manual review is required."
"UNRESOLVED","Requires manual identification","Deprecated or legacy; requires review","Keyword 'legacy'; occurrences=1; lines=34","src/utils/layer-warning.ts","Unknown; inspect surrounding code and changelog","Do not reactivate without an approved documented decision","Aggregated static keyword evidence. Manual review is required."
"UNRESOLVED","Requires manual identification","Deprecated or legacy; requires review","Keyword 'legacy'; occurrences=1; lines=192","src/utils/notify-country-link.ts","Unknown; inspect surrounding code and changelog","Do not reactivate without an approved documented decision","Aggregated static keyword evidence. Manual review is required."
"UNRESOLVED","Requires manual identification","Deprecated or legacy; requires review","Keyword 'legacy'; occurrences=1; lines=98","src/utils/panel-storage.ts","Unknown; inspect surrounding code and changelog","Do not reactivate without an approved documented decision","Aggregated static keyword evidence. Manual review is required."
"UNRESOLVED","Requires manual identification","Disabled; requires feature-state review","Keyword 'disabled'; occurrences=1; lines=5","src/utils/sync-keys.ts","Unknown; inspect surrounding code and changelog","Do not reactivate without an approved documented decision","Aggregated static keyword evidence. Manual review is required."
"UNRESOLVED","Requires manual identification","Deprecated or legacy; requires review","Keyword 'legacy'; occurrences=4; lines=135;157;176;305","src/utils/transit-chart.ts","Unknown; inspect surrounding code and changelog","Do not reactivate without an approved documented decision","Aggregated static keyword evidence. Manual review is required."
"UNRESOLVED","Requires manual identification","Deprecated","Keyword 'deprecated'; occurrences=1; lines=330","src-tauri/sidecar/local-api-server.mjs","Unknown; inspect surrounding code and changelog","Do not reactivate without an approved documented decision","Aggregated static keyword evidence. Manual review is required."
"UNRESOLVED","Requires manual identification","Disabled; requires feature-state review","Keyword 'disabled'; occurrences=2; lines=1434;799","src-tauri/sidecar/local-api-server.mjs","Unknown; inspect surrounding code and changelog","Do not reactivate without an approved documented decision","Aggregated static keyword evidence. Manual review is required."
"UNRESOLVED","Requires manual identification","Deprecated or legacy; requires review","Keyword 'legacy'; occurrences=1; lines=1534","src-tauri/sidecar/local-api-server.mjs","Unknown; inspect surrounding code and changelog","Do not reactivate without an approved documented decision","Aggregated static keyword evidence. Manual review is required."
"UNRESOLVED","Requires manual identification","Disabled; requires feature-state review","Keyword 'disabled'; occurrences=2; lines=15;1969","src-tauri/sidecar/local-api-server.test.mjs","Unknown; inspect surrounding code and changelog","Do not reactivate without an approved documented decision","Aggregated static keyword evidence. Manual review is required."
"UNRESOLVED","Requires manual identification","Deprecated","Keyword 'deprecated'; occurrences=1; lines=1618","src-tauri/src/main.rs","Unknown; inspect surrounding code and changelog","Do not reactivate without an approved documented decision","Aggregated static keyword evidence. Manual review is required."
"UNRESOLVED","Requires manual identification","Disabled; requires feature-state review","Keyword 'disabled'; occurrences=1; lines=1560","src-tauri/src/main.rs","Unknown; inspect surrounding code and changelog","Do not reactivate without an approved documented decision","Aggregated static keyword evidence. Manual review is required."
"UNRESOLVED","Requires manual identification","Deprecated or legacy; requires review","Keyword 'legacy'; occurrences=1; lines=574","vite.config.ts","Unknown; inspect surrounding code and changelog","Do not reactivate without an approved documented decision","Aggregated static keyword evidence. Manual review is required."
"UNRESOLVED","Requires manual identification","Sunset","Keyword 'retired'; occurrences=1; lines=59","workers/api-cors-preflight/index.test.mjs","Unknown; inspect surrounding code and changelog","Do not reactivate without an approved documented decision","Aggregated static keyword evidence. Manual review is required."
