"tokenOrValue","tokenType","filePath","officialMappingStatus","rtlImpact","notes"
"#4698","Hex colour","api/[...notfound].ts","Not yet mapped to approved UAE Design System token","Requires review","Static extraction only"
"#4724","Hex colour","api/[...notfound].ts","Not yet mapped to approved UAE Design System token","Requires review","Static extraction only"
"#4838","Hex colour","api/_agent-tool-suggest.ts","Not yet mapped to approved UAE Design System token","Requires review","Static extraction only"
"#3541","Hex colour","api/_api-key.js","Not yet mapped to approved UAE Design System token","Requires review","Static extraction only"
"#3554","Hex colour","api/_api-key.js","Not yet mapped to approved UAE Design System token","Requires review","Static extraction only"
"#5386","Hex colour","api/_bootstrap-tier-keys.js","Not yet mapped to approved UAE Design System token","Requires review","Static extraction only"
"#3531","Hex colour","api/_client-ip.js","Not yet mapped to approved UAE Design System token","Requires review","Static extraction only"
"#4504","Hex colour","api/_convex-error.js","Not yet mapped to approved UAE Design System token","Requires review","Static extraction only"
"#5622","Hex colour","api/_cors.js","Not yet mapped to approved UAE Design System token","Requires review","Static extraction only"
"#3646","Hex colour","api/_mcp-grant-hmac.ts","Not yet mapped to approved UAE Design System token","Requires review","Static extraction only"
"#3963","Hex colour","api/_rate-limit.js","Not yet mapped to approved UAE Design System token","Requires review","Static extraction only"
"#3531","Hex colour","api/_rate-limit.js","Not yet mapped to approved UAE Design System token","Requires review","Static extraction only"
"#3541","Hex colour","api/_session.js","Not yet mapped to approved UAE Design System token","Requires review","Static extraction only"
"#3557","Hex colour","api/_session.js","Not yet mapped to approved UAE Design System token","Requires review","Static extraction only"
"#5600","Hex colour","api/_user-api-key.js","Not yet mapped to approved UAE Design System token","Requires review","Static extraction only"
"#5866","Hex colour","api/_wildfire-dashboard.js","Not yet mapped to approved UAE Design System token","Requires review","Static extraction only"
"#4824","Hex colour","api/a2a.ts","Not yet mapped to approved UAE Design System token","Requires review","Static extraction only"
"#5386","Hex colour","api/bootstrap.js","Not yet mapped to approved UAE Design System token","Requires review","Static extraction only"
"#4499","Hex colour","api/bootstrap.js","Not yet mapped to approved UAE Design System token","Requires review","Static extraction only"
"#5259","Hex colour","api/bootstrap.js","Not yet mapped to approved UAE Design System token","Requires review","Static extraction only"
"#5287","Hex colour","api/bootstrap.js","Not yet mapped to approved UAE Design System token","Requires review","Static extraction only"
"#4770","Hex colour","api/bootstrap.js","Not yet mapped to approved UAE Design System token","Requires review","Static extraction only"
"Georgia, serif","Font family declaration","api/brief/[userId]/[issueDate].ts","Not yet mapped to approved UAE Design System token","Requires review","Static extraction only"
"#0a0a0a","Hex colour","api/brief/[userId]/[issueDate].ts","Not yet mapped to approved UAE Design System token","Requires review","Static extraction only"
"#f2ede4","Hex colour","api/brief/[userId]/[issueDate].ts","Not yet mapped to approved UAE Design System token","Requires review","Static extraction only"
"#3660","Hex colour","api/brief/carousel/[userId]/[issueDate]/[page].ts","Not yet mapped to approved UAE Design System token","Requires review","Static extraction only"
"Georgia, serif","Font family declaration","api/brief/public/[hash].ts","Not yet mapped to approved UAE Design System token","Requires review","Static extraction only"
"#0a0a0a","Hex colour","api/brief/public/[hash].ts","Not yet mapped to approved UAE Design System token","Requires review","Static extraction only"
"#f2ede4","Hex colour","api/brief/public/[hash].ts","Not yet mapped to approved UAE Design System token","Requires review","Static extraction only"
"#5600","Hex colour","api/brief/share-url.ts","Not yet mapped to approved UAE Design System token","Requires review","Static extraction only"
"#5619","Hex colour","api/chat-analyst.ts","Not yet mapped to approved UAE Design System token","Requires review","Static extraction only"
"#5608","Hex colour","api/chat-analyst.ts","Not yet mapped to approved UAE Design System token","Requires review","Static extraction only"
"#3531","Hex colour","api/chat-analyst.ts","Not yet mapped to approved UAE Design System token","Requires review","Static extraction only"
"#4438","Hex colour","api/create-checkout.ts","Not yet mapped to approved UAE Design System token","Requires review","Static extraction only"
"system-ui","Font family declaration","api/discord/oauth/callback.ts","Not yet mapped to approved UAE Design System token","Requires review","Static extraction only"
"#5600","Hex colour","api/discord/oauth/start.ts","Not yet mapped to approved UAE Design System token","Requires review","Static extraction only"
"#5300","Hex colour","api/health.js","Not yet mapped to approved UAE Design System token","Requires review","Static extraction only"
"#4920","Hex colour","api/health.js","Not yet mapped to approved UAE Design System token","Requires review","Static extraction only"
"#5695","Hex colour","api/health.js","Not yet mapped to approved UAE Design System token","Requires review","Static extraction only"
"#5736","Hex colour","api/health.js","Not yet mapped to approved UAE Design System token","Requires review","Static extraction only"
"#5554","Hex colour","api/health.js","Not yet mapped to approved UAE Design System token","Requires review","Static extraction only"
"#5875","Hex colour","api/health.js","Not yet mapped to approved UAE Design System token","Requires review","Static extraction only"
"#6060","Hex colour","api/health.js","Not yet mapped to approved UAE Design System token","Requires review","Static extraction only"
"#5099","Hex colour","api/health.js","Not yet mapped to approved UAE Design System token","Requires review","Static extraction only"
"#5233","Hex colour","api/health.js","Not yet mapped to approved UAE Design System token","Requires review","Static extraction only"
"#5525","Hex colour","api/health.js","Not yet mapped to approved UAE Design System token","Requires review","Static extraction only"
"#3613","Hex colour","api/health.js","Not yet mapped to approved UAE Design System token","Requires review","Static extraction only"
"#3669","Hex colour","api/health.js","Not yet mapped to approved UAE Design System token","Requires review","Static extraction only"
"#3764","Hex colour","api/health.js","Not yet mapped to approved UAE Design System token","Requires review","Static extraction only"
"#4927","Hex colour","api/health.js","Not yet mapped to approved UAE Design System token","Requires review","Static extraction only"
"#6070","Hex colour","api/health.js","Not yet mapped to approved UAE Design System token","Requires review","Static extraction only"
"#6059","Hex colour","api/health.js","Not yet mapped to approved UAE Design System token","Requires review","Static extraction only"
"#6022","Hex colour","api/health.js","Not yet mapped to approved UAE Design System token","Requires review","Static extraction only"
"#4867","Hex colour","api/health.js","Not yet mapped to approved UAE Design System token","Requires review","Static extraction only"
"#4856","Hex colour","api/health.js","Not yet mapped to approved UAE Design System token","Requires review","Static extraction only"
"#2699","Hex colour","api/health.js","Not yet mapped to approved UAE Design System token","Requires review","Static extraction only"
"#3845","Hex colour","api/health.js","Not yet mapped to approved UAE Design System token","Requires review","Static extraction only"
"#4907","Hex colour","api/health.js","Not yet mapped to approved UAE Design System token","Requires review","Static extraction only"
"#4944","Hex colour","api/internal/brief-why-matters.ts","Not yet mapped to approved UAE Design System token","Requires review","Static extraction only"
"#4893","Hex colour","api/internal/brief-why-matters.ts","Not yet mapped to approved UAE Design System token","Requires review","Static extraction only"
"#4983","Hex colour","api/internal/brief-why-matters.ts","Not yet mapped to approved UAE Design System token","Requires review","Static extraction only"
"#5168","Hex colour","api/internal/brief-why-matters.ts","Not yet mapped to approved UAE Design System token","Requires review","Static extraction only"
"#5622","Hex colour","api/internal/mcp-grant-context.ts","Not yet mapped to approved UAE Design System token","Requires review","Static extraction only"
"#5622","Hex colour","api/internal/mcp-grant-mint.ts","Not yet mapped to approved UAE Design System token","Requires review","Static extraction only"
"#5600","Hex colour","api/internal/mcp-grant-mint.ts","Not yet mapped to approved UAE Design System token","Requires review","Static extraction only"
"#5600","Hex colour","api/latest-brief.ts","Not yet mapped to approved UAE Design System token","Requires review","Static extraction only"
"#4944","Hex colour","api/market/v1/[rpc].ts","Not yet mapped to approved UAE Design System token","Requires review","Static extraction only"
"#3768","Hex colour","api/mcp-proxy.ts","Not yet mapped to approved UAE Design System token","Requires review","Static extraction only"
"#3805","Hex colour","api/mcp-proxy.ts","Not yet mapped to approved UAE Design System token","Requires review","Static extraction only"
"#3821","Hex colour","api/mcp-proxy.ts","Not yet mapped to approved UAE Design System token","Requires review","Static extraction only"
"#5061","Hex colour","api/mcp-proxy.ts","Not yet mapped to approved UAE Design System token","Requires review","Static extraction only"
"#3723","Hex colour","api/mcp-proxy.ts","Not yet mapped to approved UAE Design System token","Requires review","Static extraction only"
"#4859","Hex colour","api/mcp/auth.ts","Not yet mapped to approved UAE Design System token","Requires review","Static extraction only"
"#4611","Hex colour","api/mcp/auth.ts","Not yet mapped to approved UAE Design System token","Requires review","Static extraction only"
"#4860","Hex colour","api/mcp/auth.ts","Not yet mapped to approved UAE Design System token","Requires review","Static extraction only"
"#4770","Hex colour","api/mcp/billing-denial.ts","Not yet mapped to approved UAE Design System token","Requires review","Static extraction only"
"#3658","Hex colour","api/mcp/constants.ts","Not yet mapped to approved UAE Design System token","Requires review","Static extraction only"
"#3662","Hex colour","api/mcp/constants.ts","Not yet mapped to approved UAE Design System token","Requires review","Static extraction only"
"#3677","Hex colour","api/mcp/constants.ts","Not yet mapped to approved UAE Design System token","Requires review","Static extraction only"
"#3678","Hex colour","api/mcp/constants.ts","Not yet mapped to approved UAE Design System token","Requires review","Static extraction only"
"#5743","Hex colour","api/mcp/constants.ts","Not yet mapped to approved UAE Design System token","Requires review","Static extraction only"
"#6080","Hex colour","api/mcp/dispatch.ts","Not yet mapped to approved UAE Design System token","Requires review","Static extraction only"
"#3678","Hex colour","api/mcp/dispatch.ts","Not yet mapped to approved UAE Design System token","Requires review","Static extraction only"
"#4859","Hex colour","api/mcp/dispatch.ts","Not yet mapped to approved UAE Design System token","Requires review","Static extraction only"
"#4770","Hex colour","api/mcp/dispatch.ts","Not yet mapped to approved UAE Design System token","Requires review","Static extraction only"
"#3678","Hex colour","api/mcp/filters.ts","Not yet mapped to approved UAE Design System token","Requires review","Static extraction only"
"#4937","Hex colour","api/mcp/handler.ts","Not yet mapped to approved UAE Design System token","Requires review","Static extraction only"
"#4502","Hex colour","api/mcp/handler.ts","Not yet mapped to approved UAE Design System token","Requires review","Static extraction only"
"#4866","Hex colour","api/mcp/handler.ts","Not yet mapped to approved UAE Design System token","Requires review","Static extraction only"
"#4860","Hex colour","api/mcp/handler.ts","Not yet mapped to approved UAE Design System token","Requires review","Static extraction only"
"#4802","Hex colour","api/mcp/handler.ts","Not yet mapped to approved UAE Design System token","Requires review","Static extraction only"
"#4937","Hex colour","api/mcp/prompts/index.ts","Not yet mapped to approved UAE Design System token","Requires review","Static extraction only"
"#5864","Hex colour","api/mcp/registry/cache-tools.ts","Not yet mapped to approved UAE Design System token","Requires review","Static extraction only"
"#5863","Hex colour","api/mcp/registry/cache-tools.ts","Not yet mapped to approved UAE Design System token","Requires review","Static extraction only"
"#3658","Hex colour","api/mcp/registry/cache-tools.ts","Not yet mapped to approved UAE Design System token","Requires review","Static extraction only"
"#4293","Hex colour","api/mcp/registry/cache-tools.ts","Not yet mapped to approved UAE Design System token","Requires review","Static extraction only"
"#6080","Hex colour","api/mcp/registry/cache-tools.ts","Not yet mapped to approved UAE Design System token","Requires review","Static extraction only"
"#3613","Hex colour","api/mcp/registry/cache-tools.ts","Not yet mapped to approved UAE Design System token","Requires review","Static extraction only"
"#6060","Hex colour","api/mcp/registry/cache-tools.ts","Not yet mapped to approved UAE Design System token","Requires review","Static extraction only"
"#3678","Hex colour","api/mcp/registry/index.ts","Not yet mapped to approved UAE Design System token","Requires review","Static extraction only"
"#5697","Hex colour","api/mcp/registry/nlp-tools.ts","Not yet mapped to approved UAE Design System token","Requires review","Static extraction only"
"#5694","Hex colour","api/mcp/registry/rpc-tools.ts","Not yet mapped to approved UAE Design System token","Requires review","Static extraction only"
"#5743","Hex colour","api/mcp/registry/rpc-tools.ts","Not yet mapped to approved UAE Design System token","Requires review","Static extraction only"
"#4859","Hex colour","api/mcp/telemetry.ts","Not yet mapped to approved UAE Design System token","Requires review","Static extraction only"
"#4859","Hex colour","api/mcp/types.ts","Not yet mapped to approved UAE Design System token","Requires review","Static extraction only"
"#6080","Hex colour","api/mcp/types.ts","Not yet mapped to approved UAE Design System token","Requires review","Static extraction only"
"999px","Border radius","api/mcp/ui/chokepoint-monitor-app.ts","Not yet mapped to approved UAE Design System token","Requires review","Static extraction only"
"--bg","CSS custom property","api/mcp/ui/country-risk-app.ts","Not yet mapped to approved UAE Design System token","Requires review","Static extraction only"
"--fg","CSS custom property","api/mcp/ui/country-risk-app.ts","Not yet mapped to approved UAE Design System token","Requires review","Static extraction only"
"--muted","CSS custom property","api/mcp/ui/country-risk-app.ts","Not yet mapped to approved UAE Design System token","Requires review","Static extraction only"
"--card","CSS custom property","api/mcp/ui/country-risk-app.ts","Not yet mapped to approved UAE Design System token","Requires review","Static extraction only"
"--border","CSS custom property","api/mcp/ui/country-risk-app.ts","Not yet mapped to approved UAE Design System token","Requires review","Static extraction only"
"--accent","CSS custom property","api/mcp/ui/country-risk-app.ts","Not yet mapped to approved UAE Design System token","Requires review","Static extraction only"
"--low","CSS custom property","api/mcp/ui/country-risk-app.ts","Not yet mapped to approved UAE Design System token","Requires review","Static extraction only"
"--moderate","CSS custom property","api/mcp/ui/country-risk-app.ts","Not yet mapped to approved UAE Design System token","Requires review","Static extraction only"
"--high","CSS custom property","api/mcp/ui/country-risk-app.ts","Not yet mapped to approved UAE Design System token","Requires review","Static extraction only"
"--severe","CSS custom property","api/mcp/ui/country-risk-app.ts","Not yet mapped to approved UAE Design System token","Requires review","Static extraction only"
"#ffffff","Hex colour","api/mcp/ui/country-risk-app.ts","Not yet mapped to approved UAE Design System token","Requires review","Static extraction only"
"#0f172a","Hex colour","api/mcp/ui/country-risk-app.ts","Not yet mapped to approved UAE Design System token","Requires review","Static extraction only"
"#64748b","Hex colour","api/mcp/ui/country-risk-app.ts","Not yet mapped to approved UAE Design System token","Requires review","Static extraction only"
"#f8fafc","Hex colour","api/mcp/ui/country-risk-app.ts","Not yet mapped to approved UAE Design System token","Requires review","Static extraction only"
"#e2e8f0","Hex colour","api/mcp/ui/country-risk-app.ts","Not yet mapped to approved UAE Design System token","Requires review","Static extraction only"
"#2563eb","Hex colour","api/mcp/ui/country-risk-app.ts","Not yet mapped to approved UAE Design System token","Requires review","Static extraction only"
"#16a34a","Hex colour","api/mcp/ui/country-risk-app.ts","Not yet mapped to approved UAE Design System token","Requires review","Static extraction only"
"#ca8a04","Hex colour","api/mcp/ui/country-risk-app.ts","Not yet mapped to approved UAE Design System token","Requires review","Static extraction only"
"#ea580c","Hex colour","api/mcp/ui/country-risk-app.ts","Not yet mapped to approved UAE Design System token","Requires review","Static extraction only"
"#dc2626","Hex colour","api/mcp/ui/country-risk-app.ts","Not yet mapped to approved UAE Design System token","Requires review","Static extraction only"
"#0b1220","Hex colour","api/mcp/ui/country-risk-app.ts","Not yet mapped to approved UAE Design System token","Requires review","Static extraction only"
"#e5e7eb","Hex colour","api/mcp/ui/country-risk-app.ts","Not yet mapped to approved UAE Design System token","Requires review","Static extraction only"
"#94a3b8","Hex colour","api/mcp/ui/country-risk-app.ts","Not yet mapped to approved UAE Design System token","Requires review","Static extraction only"
"#131c2e","Hex colour","api/mcp/ui/country-risk-app.ts","Not yet mapped to approved UAE Design System token","Requires review","Static extraction only"
"#1e293b","Hex colour","api/mcp/ui/country-risk-app.ts","Not yet mapped to approved UAE Design System token","Requires review","Static extraction only"
"#60a5fa","Hex colour","api/mcp/ui/country-risk-app.ts","Not yet mapped to approved UAE Design System token","Requires review","Static extraction only"
"999px","Border radius","api/mcp/ui/country-risk-app.ts","Not yet mapped to approved UAE Design System token","Requires review","Static extraction only"
"999px","Border radius","api/mcp/ui/forecasts-app.ts","Not yet mapped to approved UAE Design System token","Requires review","Static extraction only"
"999px","Border radius","api/mcp/ui/market-radar-app.ts","Not yet mapped to approved UAE Design System token","Requires review","Static extraction only"
"#fff","Hex colour","api/mcp/ui/news-intelligence-app.ts","Not yet mapped to approved UAE Design System token","Requires review","Static extraction only"
"999px","Border radius","api/mcp/ui/news-intelligence-app.ts","Not yet mapped to approved UAE Design System token","Requires review","Static extraction only"
"--bg","CSS custom property","api/mcp/ui/shell.ts","Not yet mapped to approved UAE Design System token","Requires review","Static extraction only"
"--fg","CSS custom property","api/mcp/ui/shell.ts","Not yet mapped to approved UAE Design System token","Requires review","Static extraction only"
"--muted","CSS custom property","api/mcp/ui/shell.ts","Not yet mapped to approved UAE Design System token","Requires review","Static extraction only"
"--card","CSS custom property","api/mcp/ui/shell.ts","Not yet mapped to approved UAE Design System token","Requires review","Static extraction only"
"--border","CSS custom property","api/mcp/ui/shell.ts","Not yet mapped to approved UAE Design System token","Requires review","Static extraction only"
"--accent","CSS custom property","api/mcp/ui/shell.ts","Not yet mapped to approved UAE Design System token","Requires review","Static extraction only"
"--low","CSS custom property","api/mcp/ui/shell.ts","Not yet mapped to approved UAE Design System token","Requires review","Static extraction only"
"--moderate","CSS custom property","api/mcp/ui/shell.ts","Not yet mapped to approved UAE Design System token","Requires review","Static extraction only"
"--high","CSS custom property","api/mcp/ui/shell.ts","Not yet mapped to approved UAE Design System token","Requires review","Static extraction only"
"--severe","CSS custom property","api/mcp/ui/shell.ts","Not yet mapped to approved UAE Design System token","Requires review","Static extraction only"
"--up","CSS custom property","api/mcp/ui/shell.ts","Not yet mapped to approved UAE Design System token","Requires review","Static extraction only"
"--down","CSS custom property","api/mcp/ui/shell.ts","Not yet mapped to approved UAE Design System token","Requires review","Static extraction only"
"#ffffff","Hex colour","api/mcp/ui/shell.ts","Not yet mapped to approved UAE Design System token","Requires review","Static extraction only"
"#0f172a","Hex colour","api/mcp/ui/shell.ts","Not yet mapped to approved UAE Design System token","Requires review","Static extraction only"
"#64748b","Hex colour","api/mcp/ui/shell.ts","Not yet mapped to approved UAE Design System token","Requires review","Static extraction only"
"#f8fafc","Hex colour","api/mcp/ui/shell.ts","Not yet mapped to approved UAE Design System token","Requires review","Static extraction only"
"#e2e8f0","Hex colour","api/mcp/ui/shell.ts","Not yet mapped to approved UAE Design System token","Requires review","Static extraction only"
"#2563eb","Hex colour","api/mcp/ui/shell.ts","Not yet mapped to approved UAE Design System token","Requires review","Static extraction only"
"#16a34a","Hex colour","api/mcp/ui/shell.ts","Not yet mapped to approved UAE Design System token","Requires review","Static extraction only"
"#ca8a04","Hex colour","api/mcp/ui/shell.ts","Not yet mapped to approved UAE Design System token","Requires review","Static extraction only"
"#ea580c","Hex colour","api/mcp/ui/shell.ts","Not yet mapped to approved UAE Design System token","Requires review","Static extraction only"
"#dc2626","Hex colour","api/mcp/ui/shell.ts","Not yet mapped to approved UAE Design System token","Requires review","Static extraction only"
"#0b1220","Hex colour","api/mcp/ui/shell.ts","Not yet mapped to approved UAE Design System token","Requires review","Static extraction only"
"#e5e7eb","Hex colour","api/mcp/ui/shell.ts","Not yet mapped to approved UAE Design System token","Requires review","Static extraction only"
"#94a3b8","Hex colour","api/mcp/ui/shell.ts","Not yet mapped to approved UAE Design System token","Requires review","Static extraction only"
"#131c2e","Hex colour","api/mcp/ui/shell.ts","Not yet mapped to approved UAE Design System token","Requires review","Static extraction only"
"#1e293b","Hex colour","api/mcp/ui/shell.ts","Not yet mapped to approved UAE Design System token","Requires review","Static extraction only"
"#60a5fa","Hex colour","api/mcp/ui/shell.ts","Not yet mapped to approved UAE Design System token","Requires review","Static extraction only"
"999px","Border radius","api/mcp/ui/shell.ts","Not yet mapped to approved UAE Design System token","Requires review","Static extraction only"
"#4866","Hex colour","api/mcp/usage.ts","Not yet mapped to approved UAE Design System token","Requires review","Static extraction only"
"#4859","Hex colour","api/mcp/usage.ts","Not yet mapped to approved UAE Design System token","Requires review","Static extraction only"
"#4770","Hex colour","api/mcp/usage.ts","Not yet mapped to approved UAE Design System token","Requires review","Static extraction only"
"#4724","Hex colour","api/not-found.ts","Not yet mapped to approved UAE Design System token","Requires review","Static extraction only"
"#5426","Hex colour","api/notification-channels.ts","Not yet mapped to approved UAE Design System token","Requires review","Static extraction only"
"#4922","Hex colour","api/notification-channels.ts","Not yet mapped to approved UAE Design System token","Requires review","Static extraction only"
"#5622","Hex colour","api/notification-channels.ts","Not yet mapped to approved UAE Design System token","Requires review","Static extraction only"
"#5646","Hex colour","api/notification-channels.ts","Not yet mapped to approved UAE Design System token","Requires review","Static extraction only"
"#5650","Hex colour","api/notification-channels.ts","Not yet mapped to approved UAE Design System token","Requires review","Static extraction only"
"#5600","Hex colour","api/notification-channels.ts","Not yet mapped to approved UAE Design System token","Requires review","Static extraction only"
"#5600","Hex colour","api/notify.ts","Not yet mapped to approved UAE Design System token","Requires review","Static extraction only"
"ui-monospace,'SF Mono','Cascadia Code',monospace","Font family declaration","api/oauth/authorize-pro.ts","Not yet mapped to approved UAE Design System token","Requires review","Static extraction only"
"#5622","Hex colour","api/oauth/authorize-pro.ts","Not yet mapped to approved UAE Design System token","Requires review","Static extraction only"
"#0a0a0a","Hex colour","api/oauth/authorize-pro.ts","Not yet mapped to approved UAE Design System token","Requires review","Static extraction only"
"#e8e8e8","Hex colour","api/oauth/authorize-pro.ts","Not yet mapped to approved UAE Design System token","Requires review","Static extraction only"
"#2d8a6e","Hex colour","api/oauth/authorize-pro.ts","Not yet mapped to approved UAE Design System token","Requires review","Static extraction only"
"#555","Hex colour","api/oauth/authorize-pro.ts","Not yet mapped to approved UAE Design System token","Requires review","Static extraction only"
"#111","Hex colour","api/oauth/authorize-pro.ts","Not yet mapped to approved UAE Design System token","Requires review","Static extraction only"
"#1e1e1e","Hex colour","api/oauth/authorize-pro.ts","Not yet mapped to approved UAE Design System token","Requires review","Static extraction only"
"#ef4444","Hex colour","api/oauth/authorize-pro.ts","Not yet mapped to approved UAE Design System token","Requires review","Static extraction only"
"#666","Hex colour","api/oauth/authorize-pro.ts","Not yet mapped to approved UAE Design System token","Requires review","Static extraction only"
"#444","Hex colour","api/oauth/authorize-pro.ts","Not yet mapped to approved UAE Design System token","Requires review","Static extraction only"
"#888","Hex colour","api/oauth/authorize-pro.ts","Not yet mapped to approved UAE Design System token","Requires review","Static extraction only"
"#2a2a2a","Hex colour","api/oauth/authorize-pro.ts","Not yet mapped to approved UAE Design System token","Requires review","Static extraction only"
"#333","Hex colour","api/oauth/authorize-pro.ts","Not yet mapped to approved UAE Design System token","Requires review","Static extraction only"
"#8592","Hex colour","api/oauth/authorize-pro.ts","Not yet mapped to approved UAE Design System token","Requires review","Static extraction only"
"#5600","Hex colour","api/oauth/authorize-pro.ts","Not yet mapped to approved UAE Design System token","Requires review","Static extraction only"
"ui-monospace,'SF Mono','Cascadia Code',monospace","Font family declaration","api/oauth/authorize.js","Not yet mapped to approved UAE Design System token","Requires review","Static extraction only"
"inherit","Font family declaration","api/oauth/authorize.js","Not yet mapped to approved UAE Design System token","Requires review","Static extraction only"
"#0a0a0a","Hex colour","api/oauth/authorize.js","Not yet mapped to approved UAE Design System token","Requires review","Static extraction only"
"#e8e8e8","Hex colour","api/oauth/authorize.js","Not yet mapped to approved UAE Design System token","Requires review","Static extraction only"
"#2d8a6e","Hex colour","api/oauth/authorize.js","Not yet mapped to approved UAE Design System token","Requires review","Static extraction only"
"#555","Hex colour","api/oauth/authorize.js","Not yet mapped to approved UAE Design System token","Requires review","Static extraction only"
"#111","Hex colour","api/oauth/authorize.js","Not yet mapped to approved UAE Design System token","Requires review","Static extraction only"
"#1e1e1e","Hex colour","api/oauth/authorize.js","Not yet mapped to approved UAE Design System token","Requires review","Static extraction only"
"#ef4444","Hex colour","api/oauth/authorize.js","Not yet mapped to approved UAE Design System token","Requires review","Static extraction only"
"#666","Hex colour","api/oauth/authorize.js","Not yet mapped to approved UAE Design System token","Requires review","Static extraction only"
"#444","Hex colour","api/oauth/authorize.js","Not yet mapped to approved UAE Design System token","Requires review","Static extraction only"
"#888","Hex colour","api/oauth/authorize.js","Not yet mapped to approved UAE Design System token","Requires review","Static extraction only"
"#2a2a2a","Hex colour","api/oauth/authorize.js","Not yet mapped to approved UAE Design System token","Requires review","Static extraction only"
"#333","Hex colour","api/oauth/authorize.js","Not yet mapped to approved UAE Design System token","Requires review","Static extraction only"
"#8592","Hex colour","api/oauth/authorize.js","Not yet mapped to approved UAE Design System token","Requires review","Static extraction only"
"#fff","Hex colour","api/oauth/authorize.js","Not yet mapped to approved UAE Design System token","Requires review","Static extraction only"
"#2563eb","Hex colour","api/oauth/authorize.js","Not yet mapped to approved UAE Design System token","Requires review","Static extraction only"
"#1d4ed8","Hex colour","api/oauth/authorize.js","Not yet mapped to approved UAE Design System token","Requires review","Static extraction only"
"#246e58","Hex colour","api/oauth/authorize.js","Not yet mapped to approved UAE Design System token","Requires review","Static extraction only"
"#8230","Hex colour","api/oauth/authorize.js","Not yet mapped to approved UAE Design System token","Requires review","Static extraction only"
"0}","Border radius","api/oauth/authorize.js","Not yet mapped to approved UAE Design System token","Requires review","Static extraction only"
"#ef4444","Hex colour","api/og-story.js","Not yet mapped to approved UAE Design System token","Requires review","Static extraction only"
"#f97316","Hex colour","api/og-story.js","Not yet mapped to approved UAE Design System token","Requires review","Static extraction only"
"#eab308","Hex colour","api/og-story.js","Not yet mapped to approved UAE Design System token","Requires review","Static extraction only"
"#22c55e","Hex colour","api/og-story.js","Not yet mapped to approved UAE Design System token","Requires review","Static extraction only"
"#3b82f6","Hex colour","api/og-story.js","Not yet mapped to approved UAE Design System token","Requires review","Static extraction only"
"#0c0c18","Hex colour","api/og-story.js","Not yet mapped to approved UAE Design System token","Requires review","Static extraction only"
"#0a0a12","Hex colour","api/og-story.js","Not yet mapped to approved UAE Design System token","Requires review","Static extraction only"
"#fff","Hex colour","api/og-story.js","Not yet mapped to approved UAE Design System token","Requires review","Static extraction only"
"#666","Hex colour","api/og-story.js","Not yet mapped to approved UAE Design System token","Requires review","Static extraction only"
"#222","Hex colour","api/og-story.js","Not yet mapped to approved UAE Design System token","Requires review","Static extraction only"
"#ffffff","Hex colour","api/og-story.js","Not yet mapped to approved UAE Design System token","Requires review","Static extraction only"
"#aaa","Hex colour","api/og-story.js","Not yet mapped to approved UAE Design System token","Requires review","Static extraction only"
"#555","Hex colour","api/og-story.js","Not yet mapped to approved UAE Design System token","Requires review","Static extraction only"
"#777","Hex colour","api/og-story.js","Not yet mapped to approved UAE Design System token","Requires review","Static extraction only"
"#1a1a2e","Hex colour","api/og-story.js","Not yet mapped to approved UAE Design System token","Requires review","Static extraction only"
"#333","Hex colour","api/og-story.js","Not yet mapped to approved UAE Design System token","Requires review","Static extraction only"
"#888","Hex colour","api/og-story.js","Not yet mapped to approved UAE Design System token","Requires review","Static extraction only"
"#8b5cf6","Hex colour","api/og-story.js","Not yet mapped to approved UAE Design System token","Requires review","Static extraction only"
"#ddd","Hex colour","api/og-story.js","Not yet mapped to approved UAE Design System token","Requires review","Static extraction only"
"#111","Hex colour","api/og-story.js","Not yet mapped to approved UAE Design System token","Requires review","Static extraction only"
"#080810","Hex colour","api/og-story.js","Not yet mapped to approved UAE Design System token","Requires review","Static extraction only"
"#3097","Hex colour","api/product-catalog.js","Not yet mapped to approved UAE Design System token","Requires review","Static extraction only"
"#223","Hex colour","api/referral/me.ts","Not yet mapped to approved UAE Design System token","Requires review","Static extraction only"
"#3097","Hex colour","api/seed-contract-probe.ts","Not yet mapped to approved UAE Design System token","Requires review","Static extraction only"
"#3557","Hex colour","api/seed-contract-probe.ts","Not yet mapped to approved UAE Design System token","Requires review","Static extraction only"
"#3803","Hex colour","api/seed-contract-probe.ts","Not yet mapped to approved UAE Design System token","Requires review","Static extraction only"
"#3823","Hex colour","api/seed-contract-probe.ts","Not yet mapped to approved UAE Design System token","Requires review","Static extraction only"
"#6060","Hex colour","api/seed-health.js","Not yet mapped to approved UAE Design System token","Requires review","Static extraction only"
"#4920","Hex colour","api/seed-health.js","Not yet mapped to approved UAE Design System token","Requires review","Static extraction only"
"#4927","Hex colour","api/seed-health.js","Not yet mapped to approved UAE Design System token","Requires review","Static extraction only"
"#3494","Hex colour","api/seed-health.js","Not yet mapped to approved UAE Design System token","Requires review","Static extraction only"
"#5875","Hex colour","api/seed-health.js","Not yet mapped to approved UAE Design System token","Requires review","Static extraction only"
"#5863","Hex colour","api/seed-health.js","Not yet mapped to approved UAE Design System token","Requires review","Static extraction only"
"#5695","Hex colour","api/seed-health.js","Not yet mapped to approved UAE Design System token","Requires review","Static extraction only"
"#3613","Hex colour","api/seed-health.js","Not yet mapped to approved UAE Design System token","Requires review","Static extraction only"
"#5736","Hex colour","api/seed-health.js","Not yet mapped to approved UAE Design System token","Requires review","Static extraction only"
"system-ui","Font family declaration","api/slack/oauth/callback.ts","Not yet mapped to approved UAE Design System token","Requires review","Static extraction only"
"#5600","Hex colour","api/slack/oauth/start.ts","Not yet mapped to approved UAE Design System token","Requires review","Static extraction only"
"#3745","Hex colour","api/symbol-search.ts","Not yet mapped to approved UAE Design System token","Requires review","Static extraction only"
"#3207","Hex colour","api/v2/shipping/webhooks/[subscriberId].ts","Not yet mapped to approved UAE Design System token","Requires review","Static extraction only"
"#3207","Hex colour","api/v2/shipping/webhooks/[subscriberId]/[action].ts","Not yet mapped to approved UAE Design System token","Requires review","Static extraction only"
"#4771","Hex colour","api/widget-agent.ts","Not yet mapped to approved UAE Design System token","Requires review","Static extraction only"
"#5447","Hex colour","api/widget-agent.ts","Not yet mapped to approved UAE Design System token","Requires review","Static extraction only"
"#5483","Hex colour","api/widget-agent.ts","Not yet mapped to approved UAE Design System token","Requires review","Static extraction only"
"#000","Hex colour","api/youtube/embed.js","Not yet mapped to approved UAE Design System token","Requires review","Static extraction only"
"#fff","Hex colour","api/youtube/embed.js","Not yet mapped to approved UAE Design System token","Requires review","Static extraction only"
"#4960","Hex colour","blog-site/src/data/glossary.ts","Not yet mapped to approved UAE Design System token","Requires review","Static extraction only"
"#4930","Hex colour","blog-site/src/data/glossary.ts","Not yet mapped to approved UAE Design System token","Requires review","Static extraction only"
"--wm-bg","CSS custom property","blog-site/src/styles/global.css","Not yet mapped to approved UAE Design System token","Requires review","Static extraction only"
"--wm-card","CSS custom property","blog-site/src/styles/global.css","Not yet mapped to approved UAE Design System token","Requires review","Static extraction only"
"--wm-border","CSS custom property","blog-site/src/styles/global.css","Not yet mapped to approved UAE Design System token","Requires review","Static extraction only"
"--wm-green","CSS custom property","blog-site/src/styles/global.css","Not yet mapped to approved UAE Design System token","Requires review","Static extraction only"
"--wm-green-dim","CSS custom property","blog-site/src/styles/global.css","Not yet mapped to approved UAE Design System token","Requires review","Static extraction only"
"--wm-blue","CSS custom property","blog-site/src/styles/global.css","Not yet mapped to approved UAE Design System token","Requires review","Static extraction only"
"--wm-text","CSS custom property","blog-site/src/styles/global.css","Not yet mapped to approved UAE Design System token","Requires review","Static extraction only"
"--wm-muted","CSS custom property","blog-site/src/styles/global.css","Not yet mapped to approved UAE Design System token","Requires review","Static extraction only"
"--wm-glow","CSS custom property","blog-site/src/styles/global.css","Not yet mapped to approved UAE Design System token","Requires review","Static extraction only"
"--radius","CSS custom property","blog-site/src/styles/global.css","Not yet mapped to approved UAE Design System token","Requires review","Static extraction only"
"--max-width","CSS custom property","blog-site/src/styles/global.css","Not yet mapped to approved UAE Design System token","Requires review","Static extraction only"
"--font-sans","CSS custom property","blog-site/src/styles/global.css","Not yet mapped to approved UAE Design System token","Requires review","Static extraction only"
"--font-mono","CSS custom property","blog-site/src/styles/global.css","Not yet mapped to approved UAE Design System token","Requires review","Static extraction only"
"--font-display","CSS custom property","blog-site/src/styles/global.css","Not yet mapped to approved UAE Design System token","Requires review","Static extraction only"
"var(--font-sans)","Font family declaration","blog-site/src/styles/global.css","Not yet mapped to approved UAE Design System token","Requires review","Static extraction only"
"var(--font-display)","Font family declaration","blog-site/src/styles/global.css","Not yet mapped to approved UAE Design System token","Requires review","Static extraction only"
"var(--font-mono)","Font family declaration","blog-site/src/styles/global.css","Not yet mapped to approved UAE Design System token","Requires review","Static extraction only"
"#050505","Hex colour","blog-site/src/styles/global.css","Not yet mapped to approved UAE Design System token","Requires review","Static extraction only"
"#111111","Hex colour","blog-site/src/styles/global.css","Not yet mapped to approved UAE Design System token","Requires review","Static extraction only"
"#222222","Hex colour","blog-site/src/styles/global.css","Not yet mapped to approved UAE Design System token","Requires review","Static extraction only"
"#4ade80","Hex colour","blog-site/src/styles/global.css","Not yet mapped to approved UAE Design System token","Requires review","Static extraction only"
"#60a5fa","Hex colour","blog-site/src/styles/global.css","Not yet mapped to approved UAE Design System token","Requires review","Static extraction only"
"#f3f4f6","Hex colour","blog-site/src/styles/global.css","Not yet mapped to approved UAE Design System token","Requires review","Static extraction only"
"#9ca3af","Hex colour","blog-site/src/styles/global.css","Not yet mapped to approved UAE Design System token","Requires review","Static extraction only"
"#86efac","Hex colour","blog-site/src/styles/global.css","Not yet mapped to approved UAE Design System token","Requires review","Static extraction only"
"#151515","Hex colour","blog-site/src/styles/global.css","Not yet mapped to approved UAE Design System token","Requires review","Static extraction only"
"var(--radius)","Border radius","blog-site/src/styles/global.css","Not yet mapped to approved UAE Design System token","Requires review","Static extraction only"
"50%","Border radius","blog-site/src/styles/global.css","Not yet mapped to approved UAE Design System token","Requires review","Static extraction only"
"2px","Border radius","blog-site/src/styles/global.css","Not yet mapped to approved UAE Design System token","Requires review","Static extraction only"
"100px","Border radius","blog-site/src/styles/global.css","Not yet mapped to approved UAE Design System token","Requires review","Static extraction only"
"12px","Border radius","blog-site/src/styles/global.css","Not yet mapped to approved UAE Design System token","Requires review","Static extraction only"
"3px","Border radius","blog-site/src/styles/global.css","Not yet mapped to approved UAE Design System token","Requires review","Static extraction only"
"0 var(--radius) var(--radius) 0","Border radius","blog-site/src/styles/global.css","Not yet mapped to approved UAE Design System token","Requires review","Static extraction only"
"10px","Border radius","blog-site/src/styles/global.css","Not yet mapped to approved UAE Design System token","Requires review","Static extraction only"
"#1904","Hex colour","consumer-prices-core/src/adapters/exa-search.ts","Not yet mapped to approved UAE Design System token","Requires review","Static extraction only"
"#3627","Hex colour","consumer-prices-core/src/db/queries/matches.test.ts","Not yet mapped to approved UAE Design System token","Requires review","Static extraction only"
"#3627","Hex colour","consumer-prices-core/src/db/queries/matches.ts","Not yet mapped to approved UAE Design System token","Requires review","Static extraction only"
"#6059","Hex colour","consumer-prices-core/src/jobs/publish.test.ts","Not yet mapped to approved UAE Design System token","Requires review","Static extraction only"
"#6059","Hex colour","consumer-prices-core/src/jobs/publish.ts","Not yet mapped to approved UAE Design System token","Requires review","Static extraction only"
"#3633","Hex colour","consumer-prices-core/src/jobs/scrape-pin-recovery.ts","Not yet mapped to approved UAE Design System token","Requires review","Static extraction only"
"#3633","Hex colour","consumer-prices-core/src/jobs/scrape.test.ts","Not yet mapped to approved UAE Design System token","Requires review","Static extraction only"
"#3627","Hex colour","consumer-prices-core/src/jobs/scrape.ts","Not yet mapped to approved UAE Design System token","Requires review","Static extraction only"
"#6059","Hex colour","consumer-prices-core/src/ops/coverage.test.ts","Not yet mapped to approved UAE Design System token","Requires review","Static extraction only"
"#5445","Hex colour","consumer-prices-core/src/ops/coverage.ts","Not yet mapped to approved UAE Design System token","Requires review","Static extraction only"
"#5811","Hex colour","consumer-prices-core/src/ops/coverage.ts","Not yet mapped to approved UAE Design System token","Requires review","Static extraction only"
"#6059","Hex colour","consumer-prices-core/src/ops/coverage.ts","Not yet mapped to approved UAE Design System token","Requires review","Static extraction only"
"#5445","Hex colour","consumer-prices-core/src/snapshots/worldmonitor.test.ts","Not yet mapped to approved UAE Design System token","Requires review","Static extraction only"
"#5445","Hex colour","consumer-prices-core/src/snapshots/worldmonitor.ts","Not yet mapped to approved UAE Design System token","Requires review","Static extraction only"
"#2322","Hex colour","consumer-prices-core/src/snapshots/worldmonitor.ts","Not yet mapped to approved UAE Design System token","Requires review","Static extraction only"
"#4922","Hex colour","convex/__tests__/alertRules-tickers.test.ts","Not yet mapped to approved UAE Design System token","Requires review","Static extraction only"
"#4634","Hex colour","convex/__tests__/apiPlanLimitUsage.test.ts","Not yet mapped to approved UAE Design System token","Requires review","Static extraction only"
"#4634","Hex colour","convex/__tests__/billing.test.ts","Not yet mapped to approved UAE Design System token","Requires review","Static extraction only"
"#4635","Hex colour","convex/__tests__/billing.test.ts","Not yet mapped to approved UAE Design System token","Requires review","Static extraction only"
"#4946","Hex colour","convex/__tests__/billing.test.ts","Not yet mapped to approved UAE Design System token","Requires review","Static extraction only"
"#4438","Hex colour","convex/__tests__/billing.test.ts","Not yet mapped to approved UAE Design System token","Requires review","Static extraction only"
"#4770","Hex colour","convex/__tests__/billing.test.ts","Not yet mapped to approved UAE Design System token","Requires review","Static extraction only"
"#4771","Hex colour","convex/__tests__/billing.test.ts","Not yet mapped to approved UAE Design System token","Requires review","Static extraction only"
"#5617","Hex colour","convex/__tests__/billing.test.ts","Not yet mapped to approved UAE Design System token","Requires review","Static extraction only"
"#5621","Hex colour","convex/__tests__/billing.test.ts","Not yet mapped to approved UAE Design System token","Requires review","Static extraction only"
"#5600","Hex colour","convex/__tests__/billing.test.ts","Not yet mapped to approved UAE Design System token","Requires review","Static extraction only"
"#5626","Hex colour","convex/__tests__/billing.test.ts","Not yet mapped to approved UAE Design System token","Requires review","Static extraction only"
"#4634","Hex colour","convex/__tests__/businessSeats.test.ts","Not yet mapped to approved UAE Design System token","Requires review","Static extraction only"
"#4635","Hex colour","convex/__tests__/businessSeats.test.ts","Not yet mapped to approved UAE Design System token","Requires review","Static extraction only"
"#4438","Hex colour","convex/__tests__/checkout.test.ts","Not yet mapped to approved UAE Design System token","Requires review","Static extraction only"
"#6027","Hex colour","convex/__tests__/checkoutRateLimit.test.ts","Not yet mapped to approved UAE Design System token","Requires review","Static extraction only"
"#4932","Hex colour","convex/__tests__/dunningEmails.test.ts","Not yet mapped to approved UAE Design System token","Requires review","Static extraction only"
"#4935","Hex colour","convex/__tests__/dunningEmails.test.ts","Not yet mapped to approved UAE Design System token","Requires review","Static extraction only"
"#5743","Hex colour","convex/__tests__/intelHistory.test.ts","Not yet mapped to approved UAE Design System token","Requires review","Static extraction only"
"#5600","Hex colour","convex/__tests__/internal-entitlements.test.ts","Not yet mapped to approved UAE Design System token","Requires review","Static extraction only"
"#3473","Hex colour","convex/__tests__/rampRunner.test.ts","Not yet mapped to approved UAE Design System token","Requires review","Static extraction only"
"#3476","Hex colour","convex/__tests__/rampRunner.test.ts","Not yet mapped to approved UAE Design System token","Requires review","Static extraction only"
"#4678","Hex colour","convex/__tests__/resendWebhookHandler.test.ts","Not yet mapped to approved UAE Design System token","Requires review","Static extraction only"
"#3767","Hex colour","convex/__tests__/telegramWebhook.test.ts","Not yet mapped to approved UAE Design System token","Requires review","Static extraction only"
"#5380","Hex colour","convex/__tests__/webhook-rollback-boundaries.test.ts","Not yet mapped to approved UAE Design System token","Requires review","Static extraction only"
"#4634","Hex colour","convex/__tests__/webhook.test.ts","Not yet mapped to approved UAE Design System token","Requires review","Static extraction only"
"#5056","Hex colour","convex/__tests__/webhook.test.ts","Not yet mapped to approved UAE Design System token","Requires review","Static extraction only"
"#4436","Hex colour","convex/__tests__/webhook.test.ts","Not yet mapped to approved UAE Design System token","Requires review","Static extraction only"
"#4438","Hex colour","convex/__tests__/webhook.test.ts","Not yet mapped to approved UAE Design System token","Requires review","Static extraction only"
"#4439","Hex colour","convex/__tests__/webhook.test.ts","Not yet mapped to approved UAE Design System token","Requires review","Static extraction only"
"#4922","Hex colour","convex/alertRules.ts","Not yet mapped to approved UAE Design System token","Requires review","Static extraction only"
"#3461","Hex colour","convex/alertRules.ts","Not yet mapped to approved UAE Design System token","Requires review","Static extraction only"
"-apple-system, BlinkMacSystemFont, 'Segoe UI', sans-serif","Font family declaration","convex/apiPlanLimitEmails.ts","Not yet mapped to approved UAE Design System token","Requires review","Static extraction only"
"#0a0a0a","Hex colour","convex/apiPlanLimitEmails.ts","Not yet mapped to approved UAE Design System token","Requires review","Static extraction only"
"#e0e0e0","Hex colour","convex/apiPlanLimitEmails.ts","Not yet mapped to approved UAE Design System token","Requires review","Static extraction only"
"#facc15","Hex colour","convex/apiPlanLimitEmails.ts","Not yet mapped to approved UAE Design System token","Requires review","Static extraction only"
"#fff","Hex colour","convex/apiPlanLimitEmails.ts","Not yet mapped to approved UAE Design System token","Requires review","Static extraction only"
"#bbb","Hex colour","convex/apiPlanLimitEmails.ts","Not yet mapped to approved UAE Design System token","Requires review","Static extraction only"
"#111","Hex colour","convex/apiPlanLimitEmails.ts","Not yet mapped to approved UAE Design System token","Requires review","Static extraction only"
"#242424","Hex colour","convex/apiPlanLimitEmails.ts","Not yet mapped to approved UAE Design System token","Requires review","Static extraction only"
"#777","Hex colour","convex/apiPlanLimitEmails.ts","Not yet mapped to approved UAE Design System token","Requires review","Static extraction only"
"#4634","Hex colour","convex/apiPlanLimitUsage.ts","Not yet mapped to approved UAE Design System token","Requires review","Static extraction only"
"#3199","Hex colour","convex/apiPlanLimitUsage.ts","Not yet mapped to approved UAE Design System token","Requires review","Static extraction only"
"#3431","Hex colour","convex/broadcast/_resendContacts.ts","Not yet mapped to approved UAE Design System token","Requires review","Static extraction only"
"#3424","Hex colour","convex/broadcast/audienceExport.ts","Not yet mapped to approved UAE Design System token","Requires review","Static extraction only"
"-apple-system,BlinkMacSystemFont,'Segoe UI',Roboto,Helvetica,Arial,sans-serif","Font family declaration","convex/broadcast/proLaunchEmailContent.ts","Not yet mapped to approved UAE Design System token","Requires review","Static extraction only"
"#ffffff","Hex colour","convex/broadcast/proLaunchEmailContent.ts","Not yet mapped to approved UAE Design System token","Requires review","Static extraction only"
"#111","Hex colour","convex/broadcast/proLaunchEmailContent.ts","Not yet mapped to approved UAE Design System token","Requires review","Static extraction only"
"#0066cc","Hex colour","convex/broadcast/proLaunchEmailContent.ts","Not yet mapped to approved UAE Design System token","Requires review","Static extraction only"
"#ddd","Hex colour","convex/broadcast/proLaunchEmailContent.ts","Not yet mapped to approved UAE Design System token","Requires review","Static extraction only"
"#777","Hex colour","convex/broadcast/proLaunchEmailContent.ts","Not yet mapped to approved UAE Design System token","Requires review","Static extraction only"
"6px","Border radius","convex/broadcast/proLaunchEmailContent.ts","Not yet mapped to approved UAE Design System token","Requires review","Static extraction only"
"#3473","Hex colour","convex/broadcast/rampRunner.ts","Not yet mapped to approved UAE Design System token","Requires review","Static extraction only"
"#3643","Hex colour","convex/broadcast/waveRuns.ts","Not yet mapped to approved UAE Design System token","Requires review","Static extraction only"
"#3199","Hex colour","convex/config/productCatalog.ts","Not yet mapped to approved UAE Design System token","Requires review","Static extraction only"
"#4974","Hex colour","convex/config/productCatalog.ts","Not yet mapped to approved UAE Design System token","Requires review","Static extraction only"
"#5604","Hex colour","convex/config/productCatalog.ts","Not yet mapped to approved UAE Design System token","Requires review","Static extraction only"
"#4945","Hex colour","convex/config/productCatalog.ts","Not yet mapped to approved UAE Design System token","Requires review","Static extraction only"
"#4634","Hex colour","convex/config/productCatalog.ts","Not yet mapped to approved UAE Design System token","Requires review","Static extraction only"
"#4672","Hex colour","convex/config/productCatalog.ts","Not yet mapped to approved UAE Design System token","Requires review","Static extraction only"
"#5694","Hex colour","convex/crons.ts","Not yet mapped to approved UAE Design System token","Requires review","Static extraction only"
"#5743","Hex colour","convex/crons.ts","Not yet mapped to approved UAE Design System token","Requires review","Static extraction only"
"#4932","Hex colour","convex/crons.ts","Not yet mapped to approved UAE Design System token","Requires review","Static extraction only"
"#4765","Hex colour","convex/crons.ts","Not yet mapped to approved UAE Design System token","Requires review","Static extraction only"
"#4634","Hex colour","convex/crons.ts","Not yet mapped to approved UAE Design System token","Requires review","Static extraction only"
"#4635","Hex colour","convex/crons.ts","Not yet mapped to approved UAE Design System token","Requires review","Static extraction only"
"#5600","Hex colour","convex/http.ts","Not yet mapped to approved UAE Design System token","Requires review","Static extraction only"
"#4922","Hex colour","convex/http.ts","Not yet mapped to approved UAE Design System token","Requires review","Static extraction only"
"#223","Hex colour","convex/http.ts","Not yet mapped to approved UAE Design System token","Requires review","Static extraction only"
"#4438","Hex colour","convex/http.ts","Not yet mapped to approved UAE Design System token","Requires review","Static extraction only"
"#5694","Hex colour","convex/http.ts","Not yet mapped to approved UAE Design System token","Requires review","Static extraction only"
"#5743","Hex colour","convex/http.ts","Not yet mapped to approved UAE Design System token","Requires review","Static extraction only"
"#5694","Hex colour","convex/intelHistory.ts","Not yet mapped to approved UAE Design System token","Requires review","Static extraction only"
"#5743","Hex colour","convex/intelHistory.ts","Not yet mapped to approved UAE Design System token","Requires review","Static extraction only"
"#6027","Hex colour","convex/lib/dodo.ts","Not yet mapped to approved UAE Design System token","Requires review","Static extraction only"
"#4634","Hex colour","convex/lib/identitySigning.ts","Not yet mapped to approved UAE Design System token","Requires review","Static extraction only"
"#4635","Hex colour","convex/lib/identitySigning.ts","Not yet mapped to approved UAE Design System token","Requires review","Static extraction only"
"system-ui, -apple-system, BlinkMacSystemFont, 'Segoe UI', sans-serif","Font family declaration","convex/payments/billing.ts","Not yet mapped to approved UAE Design System token","Requires review","Static extraction only"
"#4770","Hex colour","convex/payments/billing.ts","Not yet mapped to approved UAE Design System token","Requires review","Static extraction only"
"#5380","Hex colour","convex/payments/billing.ts","Not yet mapped to approved UAE Design System token","Requires review","Static extraction only"
"#5621","Hex colour","convex/payments/billing.ts","Not yet mapped to approved UAE Design System token","Requires review","Static extraction only"
"#5600","Hex colour","convex/payments/billing.ts","Not yet mapped to approved UAE Design System token","Requires review","Static extraction only"
"#4771","Hex colour","convex/payments/billing.ts","Not yet mapped to approved UAE Design System token","Requires review","Static extraction only"
"#5617","Hex colour","convex/payments/billing.ts","Not yet mapped to approved UAE Design System token","Requires review","Static extraction only"
"#5582","Hex colour","convex/payments/billing.ts","Not yet mapped to approved UAE Design System token","Requires review","Static extraction only"
"#4935","Hex colour","convex/payments/billing.ts","Not yet mapped to approved UAE Design System token","Requires review","Static extraction only"
"#4634","Hex colour","convex/payments/billing.ts","Not yet mapped to approved UAE Design System token","Requires review","Static extraction only"
"#4946","Hex colour","convex/payments/billing.ts","Not yet mapped to approved UAE Design System token","Requires review","Static extraction only"
"#4438","Hex colour","convex/payments/billing.ts","Not yet mapped to approved UAE Design System token","Requires review","Static extraction only"
"#111","Hex colour","convex/payments/billing.ts","Not yet mapped to approved UAE Design System token","Requires review","Static extraction only"
"#fff","Hex colour","convex/payments/billing.ts","Not yet mapped to approved UAE Design System token","Requires review","Static extraction only"
"#4794","Hex colour","convex/payments/billing.ts","Not yet mapped to approved UAE Design System token","Requires review","Static extraction only"
"-apple-system, BlinkMacSystemFont, 'Segoe UI', sans-serif","Font family declaration","convex/payments/businessSeats.ts","Not yet mapped to approved UAE Design System token","Requires review","Static extraction only"
"#4634","Hex colour","convex/payments/businessSeats.ts","Not yet mapped to approved UAE Design System token","Requires review","Static extraction only"
"#4635","Hex colour","convex/payments/businessSeats.ts","Not yet mapped to approved UAE Design System token","Requires review","Static extraction only"
"#0a0a0a","Hex colour","convex/payments/businessSeats.ts","Not yet mapped to approved UAE Design System token","Requires review","Static extraction only"
"#e0e0e0","Hex colour","convex/payments/businessSeats.ts","Not yet mapped to approved UAE Design System token","Requires review","Static extraction only"
"#ef4444","Hex colour","convex/payments/businessSeats.ts","Not yet mapped to approved UAE Design System token","Requires review","Static extraction only"
"#fff","Hex colour","convex/payments/businessSeats.ts","Not yet mapped to approved UAE Design System token","Requires review","Static extraction only"
"#999","Hex colour","convex/payments/businessSeats.ts","Not yet mapped to approved UAE Design System token","Requires review","Static extraction only"
"#666","Hex colour","convex/payments/businessSeats.ts","Not yet mapped to approved UAE Design System token","Requires review","Static extraction only"
"#4ade80","Hex colour","convex/payments/businessSeats.ts","Not yet mapped to approved UAE Design System token","Requires review","Static extraction only"
"2px","Border radius","convex/payments/businessSeats.ts","Not yet mapped to approved UAE Design System token","Requires review","Static extraction only"
"#3199","Hex colour","convex/payments/cacheActions.ts","Not yet mapped to approved UAE Design System token","Requires review","Static extraction only"
"#4770","Hex colour","convex/payments/cacheActions.ts","Not yet mapped to approved UAE Design System token","Requires review","Static extraction only"
"#4438","Hex colour","convex/payments/checkout.ts","Not yet mapped to approved UAE Design System token","Requires review","Static extraction only"
"#6027","Hex colour","convex/payments/checkout.ts","Not yet mapped to approved UAE Design System token","Requires review","Static extraction only"
"#6027","Hex colour","convex/payments/checkoutRateLimit.ts","Not yet mapped to approved UAE Design System token","Requires review","Static extraction only"
"-apple-system, BlinkMacSystemFont, 'Segoe UI', sans-serif","Font family declaration","convex/payments/subscriptionEmails.ts","Not yet mapped to approved UAE Design System token","Requires review","Static extraction only"
"monospace","Font family declaration","convex/payments/subscriptionEmails.ts","Not yet mapped to approved UAE Design System token","Requires review","Static extraction only"
"#111","Hex colour","convex/payments/subscriptionEmails.ts","Not yet mapped to approved UAE Design System token","Requires review","Static extraction only"
"#1a1a1a","Hex colour","convex/payments/subscriptionEmails.ts","Not yet mapped to approved UAE Design System token","Requires review","Static extraction only"
"#128273","Hex colour","convex/payments/subscriptionEmails.ts","Not yet mapped to approved UAE Design System token","Requires review","Static extraction only"
"#fff","Hex colour","convex/payments/subscriptionEmails.ts","Not yet mapped to approved UAE Design System token","Requires review","Static extraction only"
"#888","Hex colour","convex/payments/subscriptionEmails.ts","Not yet mapped to approved UAE Design System token","Requires review","Static extraction only"
"#9889","Hex colour","convex/payments/subscriptionEmails.ts","Not yet mapped to approved UAE Design System token","Requires review","Static extraction only"
"#129504","Hex colour","convex/payments/subscriptionEmails.ts","Not yet mapped to approved UAE Design System token","Requires review","Static extraction only"
"#128232","Hex colour","convex/payments/subscriptionEmails.ts","Not yet mapped to approved UAE Design System token","Requires review","Static extraction only"
"#129302","Hex colour","convex/payments/subscriptionEmails.ts","Not yet mapped to approved UAE Design System token","Requires review","Static extraction only"
"#129513","Hex colour","convex/payments/subscriptionEmails.ts","Not yet mapped to approved UAE Design System token","Requires review","Static extraction only"
"#128268","Hex colour","convex/payments/subscriptionEmails.ts","Not yet mapped to approved UAE Design System token","Requires review","Static extraction only"
"#9728","Hex colour","convex/payments/subscriptionEmails.ts","Not yet mapped to approved UAE Design System token","Requires review","Static extraction only"
"#65039","Hex colour","convex/payments/subscriptionEmails.ts","Not yet mapped to approved UAE Design System token","Requires review","Static extraction only"
"#128236","Hex colour","convex/payments/subscriptionEmails.ts","Not yet mapped to approved UAE Design System token","Requires review","Static extraction only"
"#128208","Hex colour","convex/payments/subscriptionEmails.ts","Not yet mapped to approved UAE Design System token","Requires review","Static extraction only"
"#223","Hex colour","convex/payments/subscriptionEmails.ts","Not yet mapped to approved UAE Design System token","Requires review","Static extraction only"
"#666","Hex colour","convex/payments/subscriptionEmails.ts","Not yet mapped to approved UAE Design System token","Requires review","Static extraction only"
"#4ade80","Hex colour","convex/payments/subscriptionEmails.ts","Not yet mapped to approved UAE Design System token","Requires review","Static extraction only"
"#0a0a0a","Hex colour","convex/payments/subscriptionEmails.ts","Not yet mapped to approved UAE Design System token","Requires review","Static extraction only"
"#e0e0e0","Hex colour","convex/payments/subscriptionEmails.ts","Not yet mapped to approved UAE Design System token","Requires review","Static extraction only"
"#999","Hex colour","convex/payments/subscriptionEmails.ts","Not yet mapped to approved UAE Design System token","Requires review","Static extraction only"
"#444","Hex colour","convex/payments/subscriptionEmails.ts","Not yet mapped to approved UAE Design System token","Requires review","Static extraction only"
"#4932","Hex colour","convex/payments/subscriptionEmails.ts","Not yet mapped to approved UAE Design System token","Requires review","Static extraction only"
"#4935","Hex colour","convex/payments/subscriptionEmails.ts","Not yet mapped to approved UAE Design System token","Requires review","Static extraction only"
"#f59e0b","Hex colour","convex/payments/subscriptionEmails.ts","Not yet mapped to approved UAE Design System token","Requires review","Static extraction only"
"50%","Border radius","convex/payments/subscriptionEmails.ts","Not yet mapped to approved UAE Design System token","Requires review","Static extraction only"
"2px","Border radius","convex/payments/subscriptionEmails.ts","Not yet mapped to approved UAE Design System token","Requires review","Static extraction only"
"#4436","Hex colour","convex/payments/subscriptionHelpers.ts","Not yet mapped to approved UAE Design System token","Requires review","Static extraction only"
"#4770","Hex colour","convex/payments/subscriptionHelpers.ts","Not yet mapped to approved UAE Design System token","Requires review","Static extraction only"
"#3470","Hex colour","convex/payments/subscriptionHelpers.ts","Not yet mapped to approved UAE Design System token","Requires review","Static extraction only"
"#3642","Hex colour","convex/payments/subscriptionHelpers.ts","Not yet mapped to approved UAE Design System token","Requires review","Static extraction only"
"#223","Hex colour","convex/payments/subscriptionHelpers.ts","Not yet mapped to approved UAE Design System token","Requires review","Static extraction only"
"#4932","Hex colour","convex/payments/subscriptionHelpers.ts","Not yet mapped to approved UAE Design System token","Requires review","Static extraction only"
"#4935","Hex colour","convex/payments/subscriptionHelpers.ts","Not yet mapped to approved UAE Design System token","Requires review","Static extraction only"
"#4438","Hex colour","convex/payments/subscriptionHelpers.ts","Not yet mapped to approved UAE Design System token","Requires review","Static extraction only"
"#4439","Hex colour","convex/payments/subscriptionHelpers.ts","Not yet mapped to approved UAE Design System token","Requires review","Static extraction only"
"#4438","Hex colour","convex/payments/webhookMutations.ts","Not yet mapped to approved UAE Design System token","Requires review","Static extraction only"
"#4439","Hex colour","convex/payments/webhookMutations.ts","Not yet mapped to approved UAE Design System token","Requires review","Static extraction only"
"#223","Hex colour","convex/registerInterest.ts","Not yet mapped to approved UAE Design System token","Requires review","Static extraction only"
"#4438","Hex colour","convex/schema.ts","Not yet mapped to approved UAE Design System token","Requires review","Static extraction only"
"#4439","Hex colour","convex/schema.ts","Not yet mapped to approved UAE Design System token","Requires review","Static extraction only"
"#4922","Hex colour","convex/schema.ts","Not yet mapped to approved UAE Design System token","Requires review","Static extraction only"
"#223","Hex colour","convex/schema.ts","Not yet mapped to approved UAE Design System token","Requires review","Static extraction only"
"#4932","Hex colour","convex/schema.ts","Not yet mapped to approved UAE Design System token","Requires review","Static extraction only"
"#4770","Hex colour","convex/schema.ts","Not yet mapped to approved UAE Design System token","Requires review","Static extraction only"
"#4935","Hex colour","convex/schema.ts","Not yet mapped to approved UAE Design System token","Requires review","Static extraction only"
"#5621","Hex colour","convex/schema.ts","Not yet mapped to approved UAE Design System token","Requires review","Static extraction only"
"#5600","Hex colour","convex/schema.ts","Not yet mapped to approved UAE Design System token","Requires review","Static extraction only"
"#5582","Hex colour","convex/schema.ts","Not yet mapped to approved UAE Design System token","Requires review","Static extraction only"
"#5617","Hex colour","convex/schema.ts","Not yet mapped to approved UAE Design System token","Requires review","Static extraction only"
"#3199","Hex colour","convex/schema.ts","Not yet mapped to approved UAE Design System token","Requires review","Static extraction only"
"#4634","Hex colour","convex/schema.ts","Not yet mapped to approved UAE Design System token","Requires review","Static extraction only"
"#4635","Hex colour","convex/schema.ts","Not yet mapped to approved UAE Design System token","Requires review","Static extraction only"
"#5694","Hex colour","convex/schema.ts","Not yet mapped to approved UAE Design System token","Requires review","Static extraction only"
"#5743","Hex colour","convex/schema.ts","Not yet mapped to approved UAE Design System token","Requires review","Static extraction only"
"#3466","Hex colour","convex/userPreferences.ts","Not yet mapped to approved UAE Design System token","Requires review","Static extraction only"
"--bg","CSS custom property","docs/dev-artifacts/brief-palette-playground.html","Not yet mapped to approved UAE Design System token","Requires review","Static extraction only"
"--ink-text","CSS custom property","docs/dev-artifacts/brief-palette-playground.html","Not yet mapped to approved UAE Design System token","Requires review","Static extraction only"
"--accent","CSS custom property","docs/dev-artifacts/brief-palette-playground.html","Not yet mapped to approved UAE Design System token","Requires review","Static extraction only"
"--accent-muted","CSS custom property","docs/dev-artifacts/brief-palette-playground.html","Not yet mapped to approved UAE Design System token","Requires review","Static extraction only"
"'IBM Plex Mono', monospace","Font family declaration","docs/dev-artifacts/brief-palette-playground.html","Not yet mapped to approved UAE Design System token","Requires review","Static extraction only"
"'Source Serif 4', Georgia, serif","Font family declaration","docs/dev-artifacts/brief-palette-playground.html","Not yet mapped to approved UAE Design System token","Requires review","Static extraction only"
"'Playfair Display', serif","Font family declaration","docs/dev-artifacts/brief-palette-playground.html","Not yet mapped to approved UAE Design System token","Requires review","Static extraction only"
"'Source Serif 4', serif","Font family declaration","docs/dev-artifacts/brief-palette-playground.html","Not yet mapped to approved UAE Design System token","Requires review","Static extraction only"
"#111","Hex colour","docs/dev-artifacts/brief-palette-playground.html","Not yet mapped to approved UAE Design System token","Requires review","Static extraction only"
"#e8e8e8","Hex colour","docs/dev-artifacts/brief-palette-playground.html","Not yet mapped to approved UAE Design System token","Requires review","Static extraction only"
"#888","Hex colour","docs/dev-artifacts/brief-palette-playground.html","Not yet mapped to approved UAE Design System token","Requires review","Static extraction only"
"#2a2a2a","Hex colour","docs/dev-artifacts/brief-palette-playground.html","Not yet mapped to approved UAE Design System token","Requires review","Static extraction only"
"#aaa","Hex colour","docs/dev-artifacts/brief-palette-playground.html","Not yet mapped to approved UAE Design System token","Requires review","Static extraction only"
"#1a1a1a","Hex colour","docs/dev-artifacts/brief-palette-playground.html","Not yet mapped to approved UAE Design System token","Requires review","Static extraction only"
"#f1e9d8","Hex colour","docs/dev-artifacts/brief-palette-playground.html","Not yet mapped to approved UAE Design System token","Requires review","Static extraction only"
"#1a1612","Hex colour","docs/dev-artifacts/brief-palette-playground.html","Not yet mapped to approved UAE Design System token","Requires review","Static extraction only"
"#8b3a1f","Hex colour","docs/dev-artifacts/brief-palette-playground.html","Not yet mapped to approved UAE Design System token","Requires review","Static extraction only"
"#0a0a0a","Hex colour","docs/dev-artifacts/brief-palette-playground.html","Not yet mapped to approved UAE Design System token","Requires review","Static extraction only"
"#f2ede4","Hex colour","docs/dev-artifacts/brief-palette-playground.html","Not yet mapped to approved UAE Design System token","Requires review","Static extraction only"
"#fafafa","Hex colour","docs/dev-artifacts/brief-palette-playground.html","Not yet mapped to approved UAE Design System token","Requires review","Static extraction only"
"#4ade80","Hex colour","docs/dev-artifacts/brief-palette-playground.html","Not yet mapped to approved UAE Design System token","Requires review","Static extraction only"
"#1f7a3f","Hex colour","docs/dev-artifacts/brief-palette-playground.html","Not yet mapped to approved UAE Design System token","Requires review","Static extraction only"
"#f5f5f3","Hex colour","docs/dev-artifacts/brief-palette-playground.html","Not yet mapped to approved UAE Design System token","Requires review","Static extraction only"
"#5d8b6a","Hex colour","docs/dev-artifacts/brief-palette-playground.html","Not yet mapped to approved UAE Design System token","Requires review","Static extraction only"
"#7fc48f","Hex colour","docs/dev-artifacts/brief-palette-playground.html","Not yet mapped to approved UAE Design System token","Requires review","Static extraction only"
"#666","Hex colour","docs/dev-artifacts/brief-palette-playground.html","Not yet mapped to approved UAE Design System token","Requires review","Static extraction only"
"3px","Border radius","docs/dev-artifacts/brief-palette-playground.html","Not yet mapped to approved UAE Design System token","Requires review","Static extraction only"
"2px","Border radius","docs/dev-artifacts/brief-palette-playground.html","Not yet mapped to approved UAE Design System token","Requires review","Static extraction only"
"4px","Border radius","docs/dev-artifacts/brief-palette-playground.html","Not yet mapped to approved UAE Design System token","Requires review","Static extraction only"
"#4373","Hex colour","e2e/a11y-landmarks-tablist.spec.ts","Not yet mapped to approved UAE Design System token","Requires review","Static extraction only"
"#5159","Hex colour","e2e/collapsed-map-first-paint.spec.ts","Not yet mapped to approved UAE Design System token","Requires review","Static extraction only"
"#5205","Hex colour","e2e/collapsed-map-first-paint.spec.ts","Not yet mapped to approved UAE Design System token","Requires review","Static extraction only"
"#5209","Hex colour","e2e/collapsed-map-first-paint.spec.ts","Not yet mapped to approved UAE Design System token","Requires review","Static extraction only"
"#4346","Hex colour","e2e/country-deep-dive-visibility.spec.ts","Not yet mapped to approved UAE Design System token","Requires review","Static extraction only"
"#4580","Hex colour","e2e/country-deep-dive-visibility.spec.ts","Not yet mapped to approved UAE Design System token","Requires review","Static extraction only"
"#5376","Hex colour","e2e/dashboard-news-request-budget.spec.ts","Not yet mapped to approved UAE Design System token","Requires review","Static extraction only"
"#5873","Hex colour","e2e/dashboard-news-request-budget.spec.ts","Not yet mapped to approved UAE Design System token","Requires review","Static extraction only"
"#3687","Hex colour","e2e/dashboard-news-request-budget.spec.ts","Not yet mapped to approved UAE Design System token","Requires review","Static extraction only"
"#5877","Hex colour","e2e/dashboard-news-request-budget.spec.ts","Not yet mapped to approved UAE Design System token","Requires review","Static extraction only"
"#5876","Hex colour","e2e/dashboard-news-request-budget.spec.ts","Not yet mapped to approved UAE Design System token","Requires review","Static extraction only"
"sans-serif"">","Font family declaration","e2e/embed.spec.ts","Not yet mapped to approved UAE Design System token","Requires review","Static extraction only"
"#5386","Hex colour","e2e/embed.spec.ts","Not yet mapped to approved UAE Design System token","Requires review","Static extraction only"
"#f7f7f7","Hex colour","e2e/embed.spec.ts","Not yet mapped to approved UAE Design System token","Requires review","Static extraction only"
"#5504","Hex colour","e2e/giving-provenance.spec.ts","Not yet mapped to approved UAE Design System token","Requires review","Static extraction only"
"#5654","Hex colour","e2e/mcp-grant-consent.spec.ts","Not yet mapped to approved UAE Design System token","Requires review","Static extraction only"
"#5622","Hex colour","e2e/mcp-grant-consent.spec.ts","Not yet mapped to approved UAE Design System token","Requires review","Static extraction only"
"#5201","Hex colour","e2e/mobile-bottom-navigation.spec.ts","Not yet mapped to approved UAE Design System token","Requires review","Static extraction only"
"#5617","Hex colour","e2e/pro-activation.spec.ts","Not yet mapped to approved UAE Design System token","Requires review","Static extraction only"
"#5607","Hex colour","e2e/pro-activation.spec.ts","Not yet mapped to approved UAE Design System token","Requires review","Static extraction only"
"#5584","Hex colour","e2e/pro-activation.spec.ts","Not yet mapped to approved UAE Design System token","Requires review","Static extraction only"
"#5590","Hex colour","e2e/pro-activation.spec.ts","Not yet mapped to approved UAE Design System token","Requires review","Static extraction only"
"#5621","Hex colour","e2e/pro-activation.spec.ts","Not yet mapped to approved UAE Design System token","Requires review","Static extraction only"
"#5600","Hex colour","e2e/pro-activation.spec.ts","Not yet mapped to approved UAE Design System token","Requires review","Static extraction only"
"#5609","Hex colour","e2e/pro-activation.spec.ts","Not yet mapped to approved UAE Design System token","Requires review","Static extraction only"
"#5622","Hex colour","e2e/pro-activation.spec.ts","Not yet mapped to approved UAE Design System token","Requires review","Static extraction only"
"#FAFAF5","Hex colour","e2e/theme-toggle.spec.ts","Not yet mapped to approved UAE Design System token","Requires review","Static extraction only"
"#1A2332","Hex colour","e2e/theme-toggle.spec.ts","Not yet mapped to approved UAE Design System token","Requires review","Static extraction only"
"#E8E4DC","Hex colour","e2e/theme-toggle.spec.ts","Not yet mapped to approved UAE Design System token","Requires review","Static extraction only"
"#FFFFFF","Hex colour","e2e/theme-toggle.spec.ts","Not yet mapped to approved UAE Design System token","Requires review","Static extraction only"
"#222E3E","Hex colour","e2e/theme-toggle.spec.ts","Not yet mapped to approved UAE Design System token","Requires review","Static extraction only"
"#ff4444","Hex colour","e2e/widget-builder.spec.ts","Not yet mapped to approved UAE Design System token","Requires review","Static extraction only"
"#fff","Hex colour","e2e/widget-builder.spec.ts","Not yet mapped to approved UAE Design System token","Requires review","Static extraction only"
"#e0e0e0","Hex colour","e2e/widget-builder.spec.ts","Not yet mapped to approved UAE Design System token","Requires review","Static extraction only"
"10px","Border radius","e2e/widget-builder.spec.ts","Not yet mapped to approved UAE Design System token","Requires review","Static extraction only"
"#0a0f0a","Hex colour","embed.html","Not yet mapped to approved UAE Design System token","Requires review","Static extraction only"
"--wm-pro-banner-slot-height","CSS custom property","index.html","Not yet mapped to approved UAE Design System token","Requires review","Static extraction only"
"--dashboard-panel-row-min","CSS custom property","index.html","Not yet mapped to approved UAE Design System token","Requires review","Static extraction only"
"--dashboard-panel-row-max","CSS custom property","index.html","Not yet mapped to approved UAE Design System token","Requires review","Static extraction only"
"--dashboard-grid-gap","CSS custom property","index.html","Not yet mapped to approved UAE Design System token","Requires review","Static extraction only"
"--dashboard-first-grid-reservation","CSS custom property","index.html","Not yet mapped to approved UAE Design System token","Requires review","Static extraction only"
"'SF Mono','Monaco','Cascadia Code','Fira Code','DejaVu Sans Mono','Liberation Mono',monospace","Font family declaration","index.html","Not yet mapped to approved UAE Design System token","Requires review","Static extraction only"
"'Nunito',system-ui,sans-serif}","Font family declaration","index.html","Not yet mapped to approved UAE Design System token","Requires review","Static extraction only"
"#0a0f0a","Hex colour","index.html","Not yet mapped to approved UAE Design System token","Requires review","Static extraction only"
"#4183","Hex colour","index.html","Not yet mapped to approved UAE Design System token","Requires review","Static extraction only"
"#0a0a0a","Hex colour","index.html","Not yet mapped to approved UAE Design System token","Requires review","Static extraction only"
"#141414","Hex colour","index.html","Not yet mapped to approved UAE Design System token","Requires review","Static extraction only"
"#2a2a2a","Hex colour","index.html","Not yet mapped to approved UAE Design System token","Requires review","Static extraction only"
"#fff","Hex colour","index.html","Not yet mapped to approved UAE Design System token","Requires review","Static extraction only"
"#d4d4d4","Hex colour","index.html","Not yet mapped to approved UAE Design System token","Requires review","Static extraction only"
"#DDD9CF","Hex colour","index.html","Not yet mapped to approved UAE Design System token","Requires review","Static extraction only"
"#222E3E","Hex colour","index.html","Not yet mapped to approved UAE Design System token","Requires review","Static extraction only"
"#344050","Hex colour","index.html","Not yet mapped to approved UAE Design System token","Requires review","Static extraction only"
"#e5e7eb","Hex colour","index.html","Not yet mapped to approved UAE Design System token","Requires review","Static extraction only"
"#f9fafb","Hex colour","index.html","Not yet mapped to approved UAE Design System token","Requires review","Static extraction only"
"#d1d5db","Hex colour","index.html","Not yet mapped to approved UAE Design System token","Requires review","Static extraction only"
"#4ade80","Hex colour","index.html","Not yet mapped to approved UAE Design System token","Requires review","Static extraction only"
"#f5f5f5","Hex colour","index.html","Not yet mapped to approved UAE Design System token","Requires review","Static extraction only"
"#2f8f68","Hex colour","index.html","Not yet mapped to approved UAE Design System token","Requires review","Static extraction only"
"#9ca3af","Hex colour","index.html","Not yet mapped to approved UAE Design System token","Requires review","Static extraction only"
"#181818","Hex colour","index.html","Not yet mapped to approved UAE Design System token","Requires review","Static extraction only"
"#86efac","Hex colour","index.html","Not yet mapped to approved UAE Design System token","Requires review","Static extraction only"
"#14532d","Hex colour","index.html","Not yet mapped to approved UAE Design System token","Requires review","Static extraction only"
"#062317","Hex colour","index.html","Not yet mapped to approved UAE Design System token","Requires review","Static extraction only"
"#1e1e1e","Hex colour","index.html","Not yet mapped to approved UAE Design System token","Requires review","Static extraction only"
"#0f5040","Hex colour","index.html","Not yet mapped to approved UAE Design System token","Requires review","Static extraction only"
"#020a08","Hex colour","index.html","Not yet mapped to approved UAE Design System token","Requires review","Static extraction only"
"#0a2a20","Hex colour","index.html","Not yet mapped to approved UAE Design System token","Requires review","Static extraction only"
"#f8fafc","Hex colour","index.html","Not yet mapped to approved UAE Design System token","Requires review","Static extraction only"
"#1a1a1a","Hex colour","index.html","Not yet mapped to approved UAE Design System token","Requires review","Static extraction only"
"#f8f9fa","Hex colour","index.html","Not yet mapped to approved UAE Design System token","Requires review","Static extraction only"
"#111827","Hex colour","index.html","Not yet mapped to approved UAE Design System token","Requires review","Static extraction only"
"#4b5563","Hex colour","index.html","Not yet mapped to approved UAE Design System token","Requires review","Static extraction only"
"#374151","Hex colour","index.html","Not yet mapped to approved UAE Design System token","Requires review","Static extraction only"
"#f7f7f7","Hex colour","index.html","Not yet mapped to approved UAE Design System token","Requires review","Static extraction only"
"#166534","Hex colour","index.html","Not yet mapped to approved UAE Design System token","Requires review","Static extraction only"
"#dcfce7","Hex colour","index.html","Not yet mapped to approved UAE Design System token","Requires review","Static extraction only"
"#f0f0f0","Hex colour","index.html","Not yet mapped to approved UAE Design System token","Requires review","Static extraction only"
"#16a34a","Hex colour","index.html","Not yet mapped to approved UAE Design System token","Requires review","Static extraction only"
"#e8f0f8","Hex colour","index.html","Not yet mapped to approved UAE Design System token","Requires review","Static extraction only"
"#b0c8d8","Hex colour","index.html","Not yet mapped to approved UAE Design System token","Requires review","Static extraction only"
"#e8e8e8","Hex colour","index.html","Not yet mapped to approved UAE Design System token","Requires review","Static extraction only"
"#FAFAF5","Hex colour","index.html","Not yet mapped to approved UAE Design System token","Requires review","Static extraction only"
"#FFFFFF","Hex colour","index.html","Not yet mapped to approved UAE Design System token","Requires review","Static extraction only"
"#24301f","Hex colour","index.html","Not yet mapped to approved UAE Design System token","Requires review","Static extraction only"
"#6B8F5E","Hex colour","index.html","Not yet mapped to approved UAE Design System token","Requires review","Static extraction only"
"#64705d","Hex colour","index.html","Not yet mapped to approved UAE Design System token","Requires review","Static extraction only"
"#3f4f36","Hex colour","index.html","Not yet mapped to approved UAE Design System token","Requires review","Static extraction only"
"#F2EFE8","Hex colour","index.html","Not yet mapped to approved UAE Design System token","Requires review","Static extraction only"
"#2f612e","Hex colour","index.html","Not yet mapped to approved UAE Design System token","Requires review","Static extraction only"
"#eef6e9","Hex colour","index.html","Not yet mapped to approved UAE Design System token","Requires review","Static extraction only"
"#b9cda8","Hex colour","index.html","Not yet mapped to approved UAE Design System token","Requires review","Static extraction only"
"#D4E6EC","Hex colour","index.html","Not yet mapped to approved UAE Design System token","Requires review","Static extraction only"
"#4f7f3f","Hex colour","index.html","Not yet mapped to approved UAE Design System token","Requires review","Static extraction only"
"#EBE8E0","Hex colour","index.html","Not yet mapped to approved UAE Design System token","Requires review","Static extraction only"
"#1A2332","Hex colour","index.html","Not yet mapped to approved UAE Design System token","Requires review","Static extraction only"
"#F7FAF3","Hex colour","index.html","Not yet mapped to approved UAE Design System token","Requires review","Static extraction only"
"#B9C4B0","Hex colour","index.html","Not yet mapped to approved UAE Design System token","Requires review","Static extraction only"
"#E7EDE0","Hex colour","index.html","Not yet mapped to approved UAE Design System token","Requires review","Static extraction only"
"#2A3848","Hex colour","index.html","Not yet mapped to approved UAE Design System token","Requires review","Static extraction only"
"#C9F2B8","Hex colour","index.html","Not yet mapped to approved UAE Design System token","Requires review","Static extraction only"
"#243A2D","Hex colour","index.html","Not yet mapped to approved UAE Design System token","Requires review","Static extraction only"
"#456449","Hex colour","index.html","Not yet mapped to approved UAE Design System token","Requires review","Static extraction only"
"#8BAF7A","Hex colour","index.html","Not yet mapped to approved UAE Design System token","Requires review","Static extraction only"
"#16202E","Hex colour","index.html","Not yet mapped to approved UAE Design System token","Requires review","Static extraction only"
"#2D4035","Hex colour","index.html","Not yet mapped to approved UAE Design System token","Requires review","Static extraction only"
"#283545","Hex colour","index.html","Not yet mapped to approved UAE Design System token","Requires review","Static extraction only"
"#4580","Hex colour","index.html","Not yet mapped to approved UAE Design System token","Requires review","Static extraction only"
"#5159","Hex colour","index.html","Not yet mapped to approved UAE Design System token","Requires review","Static extraction only"
"50%","Border radius","index.html","Not yet mapped to approved UAE Design System token","Requires review","Static extraction only"
"4px","Border radius","index.html","Not yet mapped to approved UAE Design System token","Requires review","Static extraction only"
"0","Border radius","index.html","Not yet mapped to approved UAE Design System token","Requires review","Static extraction only"
"8px}","Border radius","index.html","Not yet mapped to approved UAE Design System token","Requires review","Static extraction only"
"14px}","Border radius","index.html","Not yet mapped to approved UAE Design System token","Requires review","Static extraction only"
"12px}","Border radius","index.html","Not yet mapped to approved UAE Design System token","Requires review","Static extraction only"
"#1a1c1e","Hex colour","live-channels.html","Not yet mapped to approved UAE Design System token","Requires review","Static extraction only"
"#e8eaed","Hex colour","live-channels.html","Not yet mapped to approved UAE Design System token","Requires review","Static extraction only"
"ui-monospace,'SF Mono','Cascadia Code','JetBrains Mono',monospace","Font family declaration","mcp-grant.html","Not yet mapped to approved UAE Design System token","Requires review","Static extraction only"
"inherit","Font family declaration","mcp-grant.html","Not yet mapped to approved UAE Design System token","Requires review","Static extraction only"
"#0a0a0a","Hex colour","mcp-grant.html","Not yet mapped to approved UAE Design System token","Requires review","Static extraction only"
"#e8e8e8","Hex colour","mcp-grant.html","Not yet mapped to approved UAE Design System token","Requires review","Static extraction only"
"#2d8a6e","Hex colour","mcp-grant.html","Not yet mapped to approved UAE Design System token","Requires review","Static extraction only"
"#555","Hex colour","mcp-grant.html","Not yet mapped to approved UAE Design System token","Requires review","Static extraction only"
"#111","Hex colour","mcp-grant.html","Not yet mapped to approved UAE Design System token","Requires review","Static extraction only"
"#1e1e1e","Hex colour","mcp-grant.html","Not yet mapped to approved UAE Design System token","Requires review","Static extraction only"
"#fff","Hex colour","mcp-grant.html","Not yet mapped to approved UAE Design System token","Requires review","Static extraction only"
"#444","Hex colour","mcp-grant.html","Not yet mapped to approved UAE Design System token","Requires review","Static extraction only"
"#666","Hex colour","mcp-grant.html","Not yet mapped to approved UAE Design System token","Requires review","Static extraction only"
"#246d57","Hex colour","mcp-grant.html","Not yet mapped to approved UAE Design System token","Requires review","Static extraction only"
"#ef4444","Hex colour","mcp-grant.html","Not yet mapped to approved UAE Design System token","Requires review","Static extraction only"
"#2a2a2a","Hex colour","mcp-grant.html","Not yet mapped to approved UAE Design System token","Requires review","Static extraction only"
"#333","Hex colour","mcp-grant.html","Not yet mapped to approved UAE Design System token","Requires review","Static extraction only"
"0}","Border radius","mcp-grant.html","Not yet mapped to approved UAE Design System token","Requires review","Static extraction only"
"50%","Border radius","mcp-grant.html","Not yet mapped to approved UAE Design System token","Requires review","Static extraction only"
"#3248","Hex colour","middleware.ts","Not yet mapped to approved UAE Design System token","Requires review","Static extraction only"
"#4854","Hex colour","middleware.ts","Not yet mapped to approved UAE Design System token","Requires review","Static extraction only"
"#5685","Hex colour","playwright.config.ts","Not yet mapped to approved UAE Design System token","Requires review","Static extraction only"
"system-ui,sans-serif","Font family declaration","pro-test/index.html","Not yet mapped to approved UAE Design System token","Requires review","Static extraction only"
"#4931","Hex colour","pro-test/index.html","Not yet mapped to approved UAE Design System token","Requires review","Static extraction only"
"#e5e5e5","Hex colour","pro-test/index.html","Not yet mapped to approved UAE Design System token","Requires review","Static extraction only"
"#0a0a0a","Hex colour","pro-test/index.html","Not yet mapped to approved UAE Design System token","Requires review","Static extraction only"
"#4ade80","Hex colour","pro-test/index.html","Not yet mapped to approved UAE Design System token","Requires review","Static extraction only"
"#1a1d21","Hex colour","pro-test/src/App.tsx","Not yet mapped to approved UAE Design System token","Requires review","Static extraction only"
"#35373b","Hex colour","pro-test/src/App.tsx","Not yet mapped to approved UAE Design System token","Requires review","Static extraction only"
"#222529","Hex colour","pro-test/src/App.tsx","Not yet mapped to approved UAE Design System token","Requires review","Static extraction only"
"#0a0a0a","Hex colour","pro-test/src/App.tsx","Not yet mapped to approved UAE Design System token","Requires review","Static extraction only"
"#020202","Hex colour","pro-test/src/App.tsx","Not yet mapped to approved UAE Design System token","Requires review","Static extraction only"
"#4449","Hex colour","pro-test/src/App.tsx","Not yet mapped to approved UAE Design System token","Requires review","Static extraction only"
"#4428","Hex colour","pro-test/src/WelcomeApp.tsx","Not yet mapped to approved UAE Design System token","Requires review","Static extraction only"
"#020202","Hex colour","pro-test/src/components/Footer.tsx","Not yet mapped to approved UAE Design System token","Requires review","Static extraction only"
"#4946","Hex colour","pro-test/src/components/PricingSection.tsx","Not yet mapped to approved UAE Design System token","Requires review","Static extraction only"
"#060606","Hex colour","pro-test/src/components/PricingSection.tsx","Not yet mapped to approved UAE Design System token","Requires review","Static extraction only"
"#5604","Hex colour","pro-test/src/components/PricingSection.tsx","Not yet mapped to approved UAE Design System token","Requires review","Static extraction only"
"#fbbf24","Hex colour","pro-test/src/components/SoonBadge.tsx","Not yet mapped to approved UAE Design System token","Requires review","Static extraction only"
"#4946","Hex colour","pro-test/src/components/pricing-billing-mode.ts","Not yet mapped to approved UAE Design System token","Requires review","Static extraction only"
"--font-sans","CSS custom property","pro-test/src/index.css","Not yet mapped to approved UAE Design System token","Requires review","Static extraction only"
"--font-mono","CSS custom property","pro-test/src/index.css","Not yet mapped to approved UAE Design System token","Requires review","Static extraction only"
"--font-display","CSS custom property","pro-test/src/index.css","Not yet mapped to approved UAE Design System token","Requires review","Static extraction only"
"--color-wm-bg","CSS custom property","pro-test/src/index.css","Not yet mapped to approved UAE Design System token","Requires review","Static extraction only"
"--color-wm-card","CSS custom property","pro-test/src/index.css","Not yet mapped to approved UAE Design System token","Requires review","Static extraction only"
"--color-wm-border","CSS custom property","pro-test/src/index.css","Not yet mapped to approved UAE Design System token","Requires review","Static extraction only"
"--color-wm-green","CSS custom property","pro-test/src/index.css","Not yet mapped to approved UAE Design System token","Requires review","Static extraction only"
"--color-wm-blue","CSS custom property","pro-test/src/index.css","Not yet mapped to approved UAE Design System token","Requires review","Static extraction only"
"--color-wm-text","CSS custom property","pro-test/src/index.css","Not yet mapped to approved UAE Design System token","Requires review","Static extraction only"
"--color-wm-muted","CSS custom property","pro-test/src/index.css","Not yet mapped to approved UAE Design System token","Requires review","Static extraction only"
"var(--font-sans)","Font family declaration","pro-test/src/index.css","Not yet mapped to approved UAE Design System token","Requires review","Static extraction only"
"#050505","Hex colour","pro-test/src/index.css","Not yet mapped to approved UAE Design System token","Requires review","Static extraction only"
"#111111","Hex colour","pro-test/src/index.css","Not yet mapped to approved UAE Design System token","Requires review","Static extraction only"
"#222222","Hex colour","pro-test/src/index.css","Not yet mapped to approved UAE Design System token","Requires review","Static extraction only"
"#4ade80","Hex colour","pro-test/src/index.css","Not yet mapped to approved UAE Design System token","Requires review","Static extraction only"
"#60a5fa","Hex colour","pro-test/src/index.css","Not yet mapped to approved UAE Design System token","Requires review","Static extraction only"
"#f3f4f6","Hex colour","pro-test/src/index.css","Not yet mapped to approved UAE Design System token","Requires review","Static extraction only"
"#9ca3af","Hex colour","pro-test/src/index.css","Not yet mapped to approved UAE Design System token","Requires review","Static extraction only"
"inherit","Font family declaration","pro-test/src/services/checkout.ts","Not yet mapped to approved UAE Design System token","Requires review","Static extraction only"
"#4449","Hex colour","pro-test/src/services/checkout.ts","Not yet mapped to approved UAE Design System token","Requires review","Static extraction only"
"#4931","Hex colour","pro-test/src/services/checkout.ts","Not yet mapped to approved UAE Design System token","Requires review","Static extraction only"
"#4934","Hex colour","pro-test/src/services/checkout.ts","Not yet mapped to approved UAE Design System token","Requires review","Static extraction only"
"#3298","Hex colour","pro-test/src/services/checkout.ts","Not yet mapped to approved UAE Design System token","Requires review","Static extraction only"
"#3346","Hex colour","pro-test/src/services/checkout.ts","Not yet mapped to approved UAE Design System token","Requires review","Static extraction only"
"#3354","Hex colour","pro-test/src/services/checkout.ts","Not yet mapped to approved UAE Design System token","Requires review","Static extraction only"
"#4438","Hex colour","pro-test/src/services/checkout.ts","Not yet mapped to approved UAE Design System token","Requires review","Static extraction only"
"#4450","Hex colour","pro-test/src/services/checkout.ts","Not yet mapped to approved UAE Design System token","Requires review","Static extraction only"
"#e8e8e8","Hex colour","pro-test/src/services/checkout.ts","Not yet mapped to approved UAE Design System token","Requires review","Static extraction only"
"#44ff88","Hex colour","pro-test/src/services/checkout.ts","Not yet mapped to approved UAE Design System token","Requires review","Static extraction only"
"#2a2a2a","Hex colour","pro-test/src/services/checkout.ts","Not yet mapped to approved UAE Design System token","Requires review","Static extraction only"
"#fff","Hex colour","pro-test/src/services/checkout.ts","Not yet mapped to approved UAE Design System token","Requires review","Static extraction only"
"#141414","Hex colour","pro-test/src/services/checkout.ts","Not yet mapped to approved UAE Design System token","Requires review","Static extraction only"
"#c8c8c8","Hex colour","pro-test/src/services/checkout.ts","Not yet mapped to approved UAE Design System token","Requires review","Static extraction only"
"#aaa","Hex colour","pro-test/src/services/checkout.ts","Not yet mapped to approved UAE Design System token","Requires review","Static extraction only"
"#0a0a0a","Hex colour","pro-test/src/services/checkout.ts","Not yet mapped to approved UAE Design System token","Requires review","Static extraction only"
"50%","Border radius","pro-test/src/services/checkout.ts","Not yet mapped to approved UAE Design System token","Requires review","Static extraction only"
"4px","Border radius","pro-test/src/services/checkout.ts","Not yet mapped to approved UAE Design System token","Requires review","Static extraction only"
"#4428","Hex colour","pro-test/src/services/clerk-session.ts","Not yet mapped to approved UAE Design System token","Requires review","Static extraction only"
"#0f0f0f","Hex colour","pro-test/src/services/clerk.ts","Not yet mapped to approved UAE Design System token","Requires review","Static extraction only"
"#141414","Hex colour","pro-test/src/services/clerk.ts","Not yet mapped to approved UAE Design System token","Requires review","Static extraction only"
"#e8e8e8","Hex colour","pro-test/src/services/clerk.ts","Not yet mapped to approved UAE Design System token","Requires review","Static extraction only"
"#aaaaaa","Hex colour","pro-test/src/services/clerk.ts","Not yet mapped to approved UAE Design System token","Requires review","Static extraction only"
"#44ff88","Hex colour","pro-test/src/services/clerk.ts","Not yet mapped to approved UAE Design System token","Requires review","Static extraction only"
"#ff4444","Hex colour","pro-test/src/services/clerk.ts","Not yet mapped to approved UAE Design System token","Requires review","Static extraction only"
"#111111","Hex colour","pro-test/src/services/clerk.ts","Not yet mapped to approved UAE Design System token","Requires review","Static extraction only"
"#2a2a2a","Hex colour","pro-test/src/services/clerk.ts","Not yet mapped to approved UAE Design System token","Requires review","Static extraction only"
"#000000","Hex colour","pro-test/src/services/clerk.ts","Not yet mapped to approved UAE Design System token","Requires review","Static extraction only"
"#ff5f57","Hex colour","pro-test/src/welcome/Agents.tsx","Not yet mapped to approved UAE Design System token","Requires review","Static extraction only"
"#febc2e","Hex colour","pro-test/src/welcome/Agents.tsx","Not yet mapped to approved UAE Design System token","Requires review","Static extraction only"
"#28c840","Hex colour","pro-test/src/welcome/Agents.tsx","Not yet mapped to approved UAE Design System token","Requires review","Static extraction only"
"#ff5f57","Hex colour","pro-test/src/welcome/Hero.tsx","Not yet mapped to approved UAE Design System token","Requires review","Static extraction only"
"#febc2e","Hex colour","pro-test/src/welcome/Hero.tsx","Not yet mapped to approved UAE Design System token","Requires review","Static extraction only"
"#28c840","Hex colour","pro-test/src/welcome/Hero.tsx","Not yet mapped to approved UAE Design System token","Requires review","Static extraction only"
"#febc2e","Hex colour","pro-test/src/welcome/LiveStrip.tsx","Not yet mapped to approved UAE Design System token","Requires review","Static extraction only"
"#ff5f57","Hex colour","pro-test/src/welcome/LiveStrip.tsx","Not yet mapped to approved UAE Design System token","Requires review","Static extraction only"
"system-ui,sans-serif","Font family declaration","pro-test/welcome.html","Not yet mapped to approved UAE Design System token","Requires review","Static extraction only"
"#4931","Hex colour","pro-test/welcome.html","Not yet mapped to approved UAE Design System token","Requires review","Static extraction only"
"#e5e5e5","Hex colour","pro-test/welcome.html","Not yet mapped to approved UAE Design System token","Requires review","Static extraction only"
"#0a0a0a","Hex colour","pro-test/welcome.html","Not yet mapped to approved UAE Design System token","Requires review","Static extraction only"
"#4ade80","Hex colour","pro-test/welcome.html","Not yet mapped to approved UAE Design System token","Requires review","Static extraction only"
"system-ui","Font family declaration","public/offline.html","Not yet mapped to approved UAE Design System token","Requires review","Static extraction only"
"#0a0f0a","Hex colour","public/offline.html","Not yet mapped to approved UAE Design System token","Requires review","Static extraction only"
"#e0e0e0","Hex colour","public/offline.html","Not yet mapped to approved UAE Design System token","Requires review","Static extraction only"
"#888","Hex colour","public/offline.html","Not yet mapped to approved UAE Design System token","Requires review","Static extraction only"
"#1a3a1a","Hex colour","public/offline.html","Not yet mapped to approved UAE Design System token","Requires review","Static extraction only"
"#4ade80","Hex colour","public/offline.html","Not yet mapped to approved UAE Design System token","Requires review","Static extraction only"
"#2a5a2a","Hex colour","public/offline.html","Not yet mapped to approved UAE Design System token","Requires review","Static extraction only"
"4px","Border radius","public/offline.html","Not yet mapped to approved UAE Design System token","Requires review","Static extraction only"
"--nojs-bg","CSS custom property","public/pro/assets/clerk-BFsXHhEQ.js","Not yet mapped to approved UAE Design System token","Requires review","Static extraction only"
"--nojs-fg","CSS custom property","public/pro/assets/clerk-BFsXHhEQ.js","Not yet mapped to approved UAE Design System token","Requires review","Static extraction only"
"monospace","Font family declaration","public/pro/assets/clerk-BFsXHhEQ.js","Not yet mapped to approved UAE Design System token","Requires review","Static extraction only"
"-apple-system,","Font family declaration","public/pro/assets/clerk-BFsXHhEQ.js","Not yet mapped to approved UAE Design System token","Requires review","Static extraction only"
"""Inter Tight"", ""PT Sans"", Calibri, sans-serif","Font family declaration","public/pro/assets/clerk-BFsXHhEQ.js","Not yet mapped to approved UAE Design System token","Requires review","Static extraction only"
"""BaseSans-Regular""","Font family declaration","public/pro/assets/clerk-BFsXHhEQ.js","Not yet mapped to approved UAE Design System token","Requires review","Static extraction only"
"""BaseSans-Regular"",sans-serif","Font family declaration","public/pro/assets/clerk-BFsXHhEQ.js","Not yet mapped to approved UAE Design System token","Requires review","Static extraction only"
"""BaseSans-Regular"",sans-serif}@media(max-width: 600px)and (orientation: portrait){.-base-acc-sdk-css-reset .-base-acc-sdk-dialog-instance-content{padding:8px 20px 12px 20px}}.-base-acc-sdk-css-reset .-base-acc-sdk-dialog-instance-content-title{font-size:20px","Font family declaration","public/pro/assets/clerk-BFsXHhEQ.js","Not yet mapped to approved UAE Design System token","Requires review","Static extraction only"
"-apple-system,BlinkMacSystemFont,""Segoe UI"",""Helvetica Neue"",Arial,sans-serif","Font family declaration","public/pro/assets/clerk-BFsXHhEQ.js","Not yet mapped to approved UAE Design System token","Requires review","Static extraction only"
"#FFFFFF","Hex colour","public/pro/assets/clerk-BFsXHhEQ.js","Not yet mapped to approved UAE Design System token","Requires review","Static extraction only"
"#000000","Hex colour","public/pro/assets/clerk-BFsXHhEQ.js","Not yet mapped to approved UAE Design System token","Requires review","Static extraction only"
"#444444","Hex colour","public/pro/assets/clerk-BFsXHhEQ.js","Not yet mapped to approved UAE Design System token","Requires review","Static extraction only"
"#343434","Hex colour","public/pro/assets/clerk-BFsXHhEQ.js","Not yet mapped to approved UAE Design System token","Requires review","Static extraction only"
"#575757","Hex colour","public/pro/assets/clerk-BFsXHhEQ.js","Not yet mapped to approved UAE Design System token","Requires review","Static extraction only"
"#b4b4b4","Hex colour","public/pro/assets/clerk-BFsXHhEQ.js","Not yet mapped to approved UAE Design System token","Requires review","Static extraction only"
"#151515","Hex colour","public/pro/assets/clerk-BFsXHhEQ.js","Not yet mapped to approved UAE Design System token","Requires review","Static extraction only"
"#424242","Hex colour","public/pro/assets/clerk-BFsXHhEQ.js","Not yet mapped to approved UAE Design System token","Requires review","Static extraction only"
"#454545","Hex colour","public/pro/assets/clerk-BFsXHhEQ.js","Not yet mapped to approved UAE Design System token","Requires review","Static extraction only"
"#5f5f5f","Hex colour","public/pro/assets/clerk-BFsXHhEQ.js","Not yet mapped to approved UAE Design System token","Requires review","Static extraction only"
"#ebebeb","Hex colour","public/pro/assets/clerk-BFsXHhEQ.js","Not yet mapped to approved UAE Design System token","Requires review","Static extraction only"
"#2b2b34","Hex colour","public/pro/assets/clerk-BFsXHhEQ.js","Not yet mapped to approved UAE Design System token","Requires review","Static extraction only"
"#6c47ff","Hex colour","public/pro/assets/clerk-BFsXHhEQ.js","Not yet mapped to approved UAE Design System token","Requires review","Static extraction only"
"#c3c3c6","Hex colour","public/pro/assets/clerk-BFsXHhEQ.js","Not yet mapped to approved UAE Design System token","Requires review","Static extraction only"
"#a8a8ff","Hex colour","public/pro/assets/clerk-BFsXHhEQ.js","Not yet mapped to approved UAE Design System token","Requires review","Static extraction only"
"#EAB308","Hex colour","public/pro/assets/clerk-BFsXHhEQ.js","Not yet mapped to approved UAE Design System token","Requires review","Static extraction only"
"#fde047","Hex colour","public/pro/assets/clerk-BFsXHhEQ.js","Not yet mapped to approved UAE Design System token","Requires review","Static extraction only"
"#4b4b4b","Hex colour","public/pro/assets/clerk-BFsXHhEQ.js","Not yet mapped to approved UAE Design System token","Requires review","Static extraction only"
"#1f1f1f","Hex colour","public/pro/assets/clerk-BFsXHhEQ.js","Not yet mapped to approved UAE Design System token","Requires review","Static extraction only"
"#2f3037","Hex colour","public/pro/assets/clerk-BFsXHhEQ.js","Not yet mapped to approved UAE Design System token","Requires review","Static extraction only"
"#fff","Hex colour","public/pro/assets/clerk-BFsXHhEQ.js","Not yet mapped to approved UAE Design System token","Requires review","Static extraction only"
"#d9d9d9","Hex colour","public/pro/assets/clerk-BFsXHhEQ.js","Not yet mapped to approved UAE Design System token","Requires review","Static extraction only"
"#22C543","Hex colour","public/pro/assets/clerk-BFsXHhEQ.js","Not yet mapped to approved UAE Design System token","Requires review","Static extraction only"
"#BBBBBB","Hex colour","public/pro/assets/clerk-BFsXHhEQ.js","Not yet mapped to approved UAE Design System token","Requires review","Static extraction only"
"#8F8F8F","Hex colour","public/pro/assets/clerk-BFsXHhEQ.js","Not yet mapped to approved UAE Design System token","Requires review","Static extraction only"
"#e4e9e9","Hex colour","public/pro/assets/clerk-BFsXHhEQ.js","Not yet mapped to approved UAE Design System token","Requires review","Static extraction only"
"#546266","Hex colour","public/pro/assets/clerk-BFsXHhEQ.js","Not yet mapped to approved UAE Design System token","Requires review","Static extraction only"
"#EF4444","Hex colour","public/pro/assets/clerk-BFsXHhEQ.js","Not yet mapped to approved UAE Design System token","Requires review","Static extraction only"
"#F36B16","Hex colour","public/pro/assets/clerk-BFsXHhEQ.js","Not yet mapped to approved UAE Design System token","Requires review","Static extraction only"
"#212126","Hex colour","public/pro/assets/clerk-BFsXHhEQ.js","Not yet mapped to approved UAE Design System token","Requires review","Static extraction only"
"#747686","Hex colour","public/pro/assets/clerk-BFsXHhEQ.js","Not yet mapped to approved UAE Design System token","Requires review","Static extraction only"
"#131316","Hex colour","public/pro/assets/clerk-BFsXHhEQ.js","Not yet mapped to approved UAE Design System token","Requires review","Static extraction only"
"#000","Hex colour","public/pro/assets/clerk-BFsXHhEQ.js","Not yet mapped to approved UAE Design System token","Requires review","Static extraction only"
"#444","Hex colour","public/pro/assets/clerk-BFsXHhEQ.js","Not yet mapped to approved UAE Design System token","Requires review","Static extraction only"
"#6D6D6D","Hex colour","public/pro/assets/clerk-BFsXHhEQ.js","Not yet mapped to approved UAE Design System token","Requires review","Static extraction only"
"#363636","Hex colour","public/pro/assets/clerk-BFsXHhEQ.js","Not yet mapped to approved UAE Design System token","Requires review","Static extraction only"
"#42434D","Hex colour","public/pro/assets/clerk-BFsXHhEQ.js","Not yet mapped to approved UAE Design System token","Requires review","Static extraction only"
"#000000ff","Hex colour","public/pro/assets/clerk-BFsXHhEQ.js","Not yet mapped to approved UAE Design System token","Requires review","Static extraction only"
"#ffffffff","Hex colour","public/pro/assets/clerk-BFsXHhEQ.js","Not yet mapped to approved UAE Design System token","Requires review","Static extraction only"
"#0000FF","Hex colour","public/pro/assets/clerk-BFsXHhEQ.js","Not yet mapped to approved UAE Design System token","Requires review","Static extraction only"
"#5b616e","Hex colour","public/pro/assets/clerk-BFsXHhEQ.js","Not yet mapped to approved UAE Design System token","Requires review","Static extraction only"
"#f5f7f8","Hex colour","public/pro/assets/clerk-BFsXHhEQ.js","Not yet mapped to approved UAE Design System token","Requires review","Static extraction only"
"#0a0b0d","Hex colour","public/pro/assets/clerk-BFsXHhEQ.js","Not yet mapped to approved UAE Design System token","Requires review","Static extraction only"
"#1c1e20","Hex colour","public/pro/assets/clerk-BFsXHhEQ.js","Not yet mapped to approved UAE Design System token","Requires review","Static extraction only"
"#2a2d31","Hex colour","public/pro/assets/clerk-BFsXHhEQ.js","Not yet mapped to approved UAE Design System token","Requires review","Static extraction only"
"#eef0f3","Hex colour","public/pro/assets/clerk-BFsXHhEQ.js","Not yet mapped to approved UAE Design System token","Requires review","Static extraction only"
"#e1e4e8","Hex colour","public/pro/assets/clerk-BFsXHhEQ.js","Not yet mapped to approved UAE Design System token","Requires review","Static extraction only"
"#d4d8dd","Hex colour","public/pro/assets/clerk-BFsXHhEQ.js","Not yet mapped to approved UAE Design System token","Requires review","Static extraction only"
"#d1d5db","Hex colour","public/pro/assets/clerk-BFsXHhEQ.js","Not yet mapped to approved UAE Design System token","Requires review","Static extraction only"
"#e7ebee","Hex colour","public/pro/assets/clerk-BFsXHhEQ.js","Not yet mapped to approved UAE Design System token","Requires review","Static extraction only"
"#050f19","Hex colour","public/pro/assets/clerk-BFsXHhEQ.js","Not yet mapped to approved UAE Design System token","Requires review","Static extraction only"
"#df5f67","Hex colour","public/pro/assets/clerk-BFsXHhEQ.js","Not yet mapped to approved UAE Design System token","Requires review","Static extraction only"
"#aaa","Hex colour","public/pro/assets/clerk-BFsXHhEQ.js","Not yet mapped to approved UAE Design System token","Requires review","Static extraction only"
"#AAAAAA","Hex colour","public/pro/assets/clerk-BFsXHhEQ.js","Not yet mapped to approved UAE Design System token","Requires review","Static extraction only"
"#5b636e","Hex colour","public/pro/assets/clerk-BFsXHhEQ.js","Not yet mapped to approved UAE Design System token","Requires review","Static extraction only"
"#0052ff","Hex colour","public/pro/assets/clerk-BFsXHhEQ.js","Not yet mapped to approved UAE Design System token","Requires review","Static extraction only"
"0.375rem","Border radius","public/pro/assets/clerk-BFsXHhEQ.js","Not yet mapped to approved UAE Design System token","Requires review","Static extraction only"
"0.25rem","Border radius","public/pro/assets/clerk-BFsXHhEQ.js","Not yet mapped to approved UAE Design System token","Requires review","Static extraction only"
"50%","Border radius","public/pro/assets/clerk-BFsXHhEQ.js","Not yet mapped to approved UAE Design System token","Requires review","Static extraction only"
"${k?""0.75rem"":""2.5rem""}","Border radius","public/pro/assets/clerk-BFsXHhEQ.js","Not yet mapped to approved UAE Design System token","Requires review","Static extraction only"
"inherit","Border radius","public/pro/assets/clerk-BFsXHhEQ.js","Not yet mapped to approved UAE Design System token","Requires review","Static extraction only"
"4px !important","Border radius","public/pro/assets/clerk-BFsXHhEQ.js","Not yet mapped to approved UAE Design System token","Requires review","Static extraction only"
"24px","Border radius","public/pro/assets/clerk-BFsXHhEQ.js","Not yet mapped to approved UAE Design System token","Requires review","Static extraction only"
"18px","Border radius","public/pro/assets/clerk-BFsXHhEQ.js","Not yet mapped to approved UAE Design System token","Requires review","Static extraction only"
"12px","Border radius","public/pro/assets/clerk-BFsXHhEQ.js","Not yet mapped to approved UAE Design System token","Requires review","Static extraction only"
"20px 20px 0 0","Border radius","public/pro/assets/clerk-BFsXHhEQ.js","Not yet mapped to approved UAE Design System token","Requires review","Static extraction only"
"6px","Border radius","public/pro/assets/clerk-BFsXHhEQ.js","Not yet mapped to approved UAE Design System token","Requires review","Static extraction only"
"2px","Border radius","public/pro/assets/clerk-BFsXHhEQ.js","Not yet mapped to approved UAE Design System token","Requires review","Static extraction only"
"0","Border radius","public/pro/assets/clerk-BFsXHhEQ.js","Not yet mapped to approved UAE Design System token","Requires review","Static extraction only"
"8px","Border radius","public/pro/assets/clerk-BFsXHhEQ.js","Not yet mapped to approved UAE Design System token","Requires review","Static extraction only"
"#020202","Hex colour","public/pro/assets/index-DINI84lR.js","Not yet mapped to approved UAE Design System token","Requires review","Static extraction only"
"inherit","Font family declaration","public/pro/assets/index-Dr94wGgp.js","Not yet mapped to approved UAE Design System token","Requires review","Static extraction only"
"#0f0f0f","Hex colour","public/pro/assets/index-Dr94wGgp.js","Not yet mapped to approved UAE Design System token","Requires review","Static extraction only"
"#141414","Hex colour","public/pro/assets/index-Dr94wGgp.js","Not yet mapped to approved UAE Design System token","Requires review","Static extraction only"
"#e8e8e8","Hex colour","public/pro/assets/index-Dr94wGgp.js","Not yet mapped to approved UAE Design System token","Requires review","Static extraction only"
"#aaaaaa","Hex colour","public/pro/assets/index-Dr94wGgp.js","Not yet mapped to approved UAE Design System token","Requires review","Static extraction only"
"#44ff88","Hex colour","public/pro/assets/index-Dr94wGgp.js","Not yet mapped to approved UAE Design System token","Requires review","Static extraction only"
"#ff4444","Hex colour","public/pro/assets/index-Dr94wGgp.js","Not yet mapped to approved UAE Design System token","Requires review","Static extraction only"
"#111111","Hex colour","public/pro/assets/index-Dr94wGgp.js","Not yet mapped to approved UAE Design System token","Requires review","Static extraction only"
"#2a2a2a","Hex colour","public/pro/assets/index-Dr94wGgp.js","Not yet mapped to approved UAE Design System token","Requires review","Static extraction only"
"#000000","Hex colour","public/pro/assets/index-Dr94wGgp.js","Not yet mapped to approved UAE Design System token","Requires review","Static extraction only"
"#fff","Hex colour","public/pro/assets/index-Dr94wGgp.js","Not yet mapped to approved UAE Design System token","Requires review","Static extraction only"
"#c8c8c8","Hex colour","public/pro/assets/index-Dr94wGgp.js","Not yet mapped to approved UAE Design System token","Requires review","Static extraction only"
"#aaa","Hex colour","public/pro/assets/index-Dr94wGgp.js","Not yet mapped to approved UAE Design System token","Requires review","Static extraction only"
"#0a0a0a","Hex colour","public/pro/assets/index-Dr94wGgp.js","Not yet mapped to approved UAE Design System token","Requires review","Static extraction only"
"#060606","Hex colour","public/pro/assets/index-Dr94wGgp.js","Not yet mapped to approved UAE Design System token","Requires review","Static extraction only"
"#fbbf24","Hex colour","public/pro/assets/index-Dr94wGgp.js","Not yet mapped to approved UAE Design System token","Requires review","Static extraction only"
"#1a1d21","Hex colour","public/pro/assets/index-Dr94wGgp.js","Not yet mapped to approved UAE Design System token","Requires review","Static extraction only"
"#35373b","Hex colour","public/pro/assets/index-Dr94wGgp.js","Not yet mapped to approved UAE Design System token","Requires review","Static extraction only"
"#222529","Hex colour","public/pro/assets/index-Dr94wGgp.js","Not yet mapped to approved UAE Design System token","Requires review","Static extraction only"
"#020202","Hex colour","public/pro/assets/index-Dr94wGgp.js","Not yet mapped to approved UAE Design System token","Requires review","Static extraction only"
"50%","Border radius","public/pro/assets/index-Dr94wGgp.js","Not yet mapped to approved UAE Design System token","Requires review","Static extraction only"
"4px","Border radius","public/pro/assets/index-Dr94wGgp.js","Not yet mapped to approved UAE Design System token","Requires review","Static extraction only"
"--tw-translate-x","CSS custom property","public/pro/assets/index-eYnecI2g.css","Not yet mapped to approved UAE Design System token","Requires review","Static extraction only"
"--tw-translate-y","CSS custom property","public/pro/assets/index-eYnecI2g.css","Not yet mapped to approved UAE Design System token","Requires review","Static extraction only"
"--tw-translate-z","CSS custom property","public/pro/assets/index-eYnecI2g.css","Not yet mapped to approved UAE Design System token","Requires review","Static extraction only"
"--tw-rotate-x","CSS custom property","public/pro/assets/index-eYnecI2g.css","Not yet mapped to approved UAE Design System token","Requires review","Static extraction only"
"--tw-rotate-y","CSS custom property","public/pro/assets/index-eYnecI2g.css","Not yet mapped to approved UAE Design System token","Requires review","Static extraction only"
"--tw-rotate-z","CSS custom property","public/pro/assets/index-eYnecI2g.css","Not yet mapped to approved UAE Design System token","Requires review","Static extraction only"
"--tw-skew-x","CSS custom property","public/pro/assets/index-eYnecI2g.css","Not yet mapped to approved UAE Design System token","Requires review","Static extraction only"
"--tw-skew-y","CSS custom property","public/pro/assets/index-eYnecI2g.css","Not yet mapped to approved UAE Design System token","Requires review","Static extraction only"
"--tw-space-y-reverse","CSS custom property","public/pro/assets/index-eYnecI2g.css","Not yet mapped to approved UAE Design System token","Requires review","Static extraction only"
"--tw-divide-y-reverse","CSS custom property","public/pro/assets/index-eYnecI2g.css","Not yet mapped to approved UAE Design System token","Requires review","Static extraction only"
"--tw-border-style","CSS custom property","public/pro/assets/index-eYnecI2g.css","Not yet mapped to approved UAE Design System token","Requires review","Static extraction only"
"--tw-gradient-position","CSS custom property","public/pro/assets/index-eYnecI2g.css","Not yet mapped to approved UAE Design System token","Requires review","Static extraction only"
"--tw-gradient-from","CSS custom property","public/pro/assets/index-eYnecI2g.css","Not yet mapped to approved UAE Design System token","Requires review","Static extraction only"
"--tw-gradient-via","CSS custom property","public/pro/assets/index-eYnecI2g.css","Not yet mapped to approved UAE Design System token","Requires review","Static extraction only"
"--tw-gradient-to","CSS custom property","public/pro/assets/index-eYnecI2g.css","Not yet mapped to approved UAE Design System token","Requires review","Static extraction only"
"--tw-gradient-stops","CSS custom property","public/pro/assets/index-eYnecI2g.css","Not yet mapped to approved UAE Design System token","Requires review","Static extraction only"
"--tw-gradient-via-stops","CSS custom property","public/pro/assets/index-eYnecI2g.css","Not yet mapped to approved UAE Design System token","Requires review","Static extraction only"
"--tw-gradient-from-position","CSS custom property","public/pro/assets/index-eYnecI2g.css","Not yet mapped to approved UAE Design System token","Requires review","Static extraction only"
"--tw-gradient-via-position","CSS custom property","public/pro/assets/index-eYnecI2g.css","Not yet mapped to approved UAE Design System token","Requires review","Static extraction only"
"--tw-gradient-to-position","CSS custom property","public/pro/assets/index-eYnecI2g.css","Not yet mapped to approved UAE Design System token","Requires review","Static extraction only"
"--tw-leading","CSS custom property","public/pro/assets/index-eYnecI2g.css","Not yet mapped to approved UAE Design System token","Requires review","Static extraction only"
"--tw-font-weight","CSS custom property","public/pro/assets/index-eYnecI2g.css","Not yet mapped to approved UAE Design System token","Requires review","Static extraction only"
"--tw-tracking","CSS custom property","public/pro/assets/index-eYnecI2g.css","Not yet mapped to approved UAE Design System token","Requires review","Static extraction only"
"--tw-shadow","CSS custom property","public/pro/assets/index-eYnecI2g.css","Not yet mapped to approved UAE Design System token","Requires review","Static extraction only"
"--tw-shadow-color","CSS custom property","public/pro/assets/index-eYnecI2g.css","Not yet mapped to approved UAE Design System token","Requires review","Static extraction only"
"--tw-shadow-alpha","CSS custom property","public/pro/assets/index-eYnecI2g.css","Not yet mapped to approved UAE Design System token","Requires review","Static extraction only"
"--tw-inset-shadow","CSS custom property","public/pro/assets/index-eYnecI2g.css","Not yet mapped to approved UAE Design System token","Requires review","Static extraction only"
"--tw-inset-shadow-color","CSS custom property","public/pro/assets/index-eYnecI2g.css","Not yet mapped to approved UAE Design System token","Requires review","Static extraction only"
"--tw-inset-shadow-alpha","CSS custom property","public/pro/assets/index-eYnecI2g.css","Not yet mapped to approved UAE Design System token","Requires review","Static extraction only"
"--tw-ring-color","CSS custom property","public/pro/assets/index-eYnecI2g.css","Not yet mapped to approved UAE Design System token","Requires review","Static extraction only"
"--tw-ring-shadow","CSS custom property","public/pro/assets/index-eYnecI2g.css","Not yet mapped to approved UAE Design System token","Requires review","Static extraction only"
"--tw-inset-ring-color","CSS custom property","public/pro/assets/index-eYnecI2g.css","Not yet mapped to approved UAE Design System token","Requires review","Static extraction only"
"--tw-inset-ring-shadow","CSS custom property","public/pro/assets/index-eYnecI2g.css","Not yet mapped to approved UAE Design System token","Requires review","Static extraction only"
"--tw-ring-inset","CSS custom property","public/pro/assets/index-eYnecI2g.css","Not yet mapped to approved UAE Design System token","Requires review","Static extraction only"
"--tw-ring-offset-width","CSS custom property","public/pro/assets/index-eYnecI2g.css","Not yet mapped to approved UAE Design System token","Requires review","Static extraction only"
"--tw-ring-offset-color","CSS custom property","public/pro/assets/index-eYnecI2g.css","Not yet mapped to approved UAE Design System token","Requires review","Static extraction only"
"--tw-ring-offset-shadow","CSS custom property","public/pro/assets/index-eYnecI2g.css","Not yet mapped to approved UAE Design System token","Requires review","Static extraction only"
"--tw-blur","CSS custom property","public/pro/assets/index-eYnecI2g.css","Not yet mapped to approved UAE Design System token","Requires review","Static extraction only"
"--tw-brightness","CSS custom property","public/pro/assets/index-eYnecI2g.css","Not yet mapped to approved UAE Design System token","Physical-direction value; review for RTL","Static extraction only"
"--tw-contrast","CSS custom property","public/pro/assets/index-eYnecI2g.css","Not yet mapped to approved UAE Design System token","Requires review","Static extraction only"
"--tw-grayscale","CSS custom property","public/pro/assets/index-eYnecI2g.css","Not yet mapped to approved UAE Design System token","Requires review","Static extraction only"
"--tw-hue-rotate","CSS custom property","public/pro/assets/index-eYnecI2g.css","Not yet mapped to approved UAE Design System token","Requires review","Static extraction only"
"--tw-invert","CSS custom property","public/pro/assets/index-eYnecI2g.css","Not yet mapped to approved UAE Design System token","Requires review","Static extraction only"
"--tw-opacity","CSS custom property","public/pro/assets/index-eYnecI2g.css","Not yet mapped to approved UAE Design System token","Requires review","Static extraction only"
"--tw-saturate","CSS custom property","public/pro/assets/index-eYnecI2g.css","Not yet mapped to approved UAE Design System token","Requires review","Static extraction only"
"--tw-sepia","CSS custom property","public/pro/assets/index-eYnecI2g.css","Not yet mapped to approved UAE Design System token","Requires review","Static extraction only"
"--tw-drop-shadow","CSS custom property","public/pro/assets/index-eYnecI2g.css","Not yet mapped to approved UAE Design System token","Requires review","Static extraction only"
"--tw-drop-shadow-color","CSS custom property","public/pro/assets/index-eYnecI2g.css","Not yet mapped to approved UAE Design System token","Requires review","Static extraction only"
"--tw-drop-shadow-alpha","CSS custom property","public/pro/assets/index-eYnecI2g.css","Not yet mapped to approved UAE Design System token","Requires review","Static extraction only"
"--tw-drop-shadow-size","CSS custom property","public/pro/assets/index-eYnecI2g.css","Not yet mapped to approved UAE Design System token","Requires review","Static extraction only"
"--tw-backdrop-blur","CSS custom property","public/pro/assets/index-eYnecI2g.css","Not yet mapped to approved UAE Design System token","Requires review","Static extraction only"
"--tw-backdrop-brightness","CSS custom property","public/pro/assets/index-eYnecI2g.css","Not yet mapped to approved UAE Design System token","Physical-direction value; review for RTL","Static extraction only"
"--tw-backdrop-contrast","CSS custom property","public/pro/assets/index-eYnecI2g.css","Not yet mapped to approved UAE Design System token","Requires review","Static extraction only"
"--tw-backdrop-grayscale","CSS custom property","public/pro/assets/index-eYnecI2g.css","Not yet mapped to approved UAE Design System token","Requires review","Static extraction only"
"--tw-backdrop-hue-rotate","CSS custom property","public/pro/assets/index-eYnecI2g.css","Not yet mapped to approved UAE Design System token","Requires review","Static extraction only"
"--tw-backdrop-invert","CSS custom property","public/pro/assets/index-eYnecI2g.css","Not yet mapped to approved UAE Design System token","Requires review","Static extraction only"
"--tw-backdrop-opacity","CSS custom property","public/pro/assets/index-eYnecI2g.css","Not yet mapped to approved UAE Design System token","Requires review","Static extraction only"
"--tw-backdrop-saturate","CSS custom property","public/pro/assets/index-eYnecI2g.css","Not yet mapped to approved UAE Design System token","Requires review","Static extraction only"
"--tw-backdrop-sepia","CSS custom property","public/pro/assets/index-eYnecI2g.css","Not yet mapped to approved UAE Design System token","Requires review","Static extraction only"
"--font-sans","CSS custom property","public/pro/assets/index-eYnecI2g.css","Not yet mapped to approved UAE Design System token","Requires review","Static extraction only"
"--font-mono","CSS custom property","public/pro/assets/index-eYnecI2g.css","Not yet mapped to approved UAE Design System token","Requires review","Static extraction only"
"--color-red-400","CSS custom property","public/pro/assets/index-eYnecI2g.css","Not yet mapped to approved UAE Design System token","Requires review","Static extraction only"
"--color-red-500","CSS custom property","public/pro/assets/index-eYnecI2g.css","Not yet mapped to approved UAE Design System token","Requires review","Static extraction only"
"--color-orange-400","CSS custom property","public/pro/assets/index-eYnecI2g.css","Not yet mapped to approved UAE Design System token","Requires review","Static extraction only"
"--color-orange-500","CSS custom property","public/pro/assets/index-eYnecI2g.css","Not yet mapped to approved UAE Design System token","Requires review","Static extraction only"
"--color-amber-400","CSS custom property","public/pro/assets/index-eYnecI2g.css","Not yet mapped to approved UAE Design System token","Requires review","Static extraction only"
"--color-yellow-400","CSS custom property","public/pro/assets/index-eYnecI2g.css","Not yet mapped to approved UAE Design System token","Requires review","Static extraction only"
"--color-yellow-500","CSS custom property","public/pro/assets/index-eYnecI2g.css","Not yet mapped to approved UAE Design System token","Requires review","Static extraction only"
"--color-green-300","CSS custom property","public/pro/assets/index-eYnecI2g.css","Not yet mapped to approved UAE Design System token","Requires review","Static extraction only"
"--color-green-400","CSS custom property","public/pro/assets/index-eYnecI2g.css","Not yet mapped to approved UAE Design System token","Requires review","Static extraction only"
"--color-green-500","CSS custom property","public/pro/assets/index-eYnecI2g.css","Not yet mapped to approved UAE Design System token","Requires review","Static extraction only"
"--color-emerald-300","CSS custom property","public/pro/assets/index-eYnecI2g.css","Not yet mapped to approved UAE Design System token","Requires review","Static extraction only"
"--color-blue-400","CSS custom property","public/pro/assets/index-eYnecI2g.css","Not yet mapped to approved UAE Design System token","Requires review","Static extraction only"
"--color-blue-500","CSS custom property","public/pro/assets/index-eYnecI2g.css","Not yet mapped to approved UAE Design System token","Requires review","Static extraction only"
"--color-gray-200","CSS custom property","public/pro/assets/index-eYnecI2g.css","Not yet mapped to approved UAE Design System token","Requires review","Static extraction only"
"--color-gray-300","CSS custom property","public/pro/assets/index-eYnecI2g.css","Not yet mapped to approved UAE Design System token","Requires review","Static extraction only"
"--color-gray-400","CSS custom property","public/pro/assets/index-eYnecI2g.css","Not yet mapped to approved UAE Design System token","Requires review","Static extraction only"
"--color-gray-500","CSS custom property","public/pro/assets/index-eYnecI2g.css","Not yet mapped to approved UAE Design System token","Requires review","Static extraction only"
"--color-gray-800","CSS custom property","public/pro/assets/index-eYnecI2g.css","Not yet mapped to approved UAE Design System token","Requires review","Static extraction only"
"--color-zinc-900","CSS custom property","public/pro/assets/index-eYnecI2g.css","Not yet mapped to approved UAE Design System token","Requires review","Static extraction only"
"--color-black","CSS custom property","public/pro/assets/index-eYnecI2g.css","Not yet mapped to approved UAE Design System token","Requires review","Static extraction only"
"--color-white","CSS custom property","public/pro/assets/index-eYnecI2g.css","Not yet mapped to approved UAE Design System token","Requires review","Static extraction only"
"--spacing","CSS custom property","public/pro/assets/index-eYnecI2g.css","Not yet mapped to approved UAE Design System token","Requires review","Static extraction only"
"--container-xl","CSS custom property","public/pro/assets/index-eYnecI2g.css","Not yet mapped to approved UAE Design System token","Requires review","Static extraction only"
"--container-2xl","CSS custom property","public/pro/assets/index-eYnecI2g.css","Not yet mapped to approved UAE Design System token","Requires review","Static extraction only"
"--container-3xl","CSS custom property","public/pro/assets/index-eYnecI2g.css","Not yet mapped to approved UAE Design System token","Requires review","Static extraction only"
"--container-4xl","CSS custom property","public/pro/assets/index-eYnecI2g.css","Not yet mapped to approved UAE Design System token","Requires review","Static extraction only"
"--container-5xl","CSS custom property","public/pro/assets/index-eYnecI2g.css","Not yet mapped to approved UAE Design System token","Requires review","Static extraction only"
"--container-6xl","CSS custom property","public/pro/assets/index-eYnecI2g.css","Not yet mapped to approved UAE Design System token","Requires review","Static extraction only"
"--container-7xl","CSS custom property","public/pro/assets/index-eYnecI2g.css","Not yet mapped to approved UAE Design System token","Requires review","Static extraction only"
"--text-xs","CSS custom property","public/pro/assets/index-eYnecI2g.css","Not yet mapped to approved UAE Design System token","Requires review","Static extraction only"
"--text-xs--line-height","CSS custom property","public/pro/assets/index-eYnecI2g.css","Not yet mapped to approved UAE Design System token","Requires review","Static extraction only"
"--text-sm","CSS custom property","public/pro/assets/index-eYnecI2g.css","Not yet mapped to approved UAE Design System token","Requires review","Static extraction only"
"--text-sm--line-height","CSS custom property","public/pro/assets/index-eYnecI2g.css","Not yet mapped to approved UAE Design System token","Requires review","Static extraction only"
"--text-base","CSS custom property","public/pro/assets/index-eYnecI2g.css","Not yet mapped to approved UAE Design System token","Requires review","Static extraction only"
"--text-base--line-height","CSS custom property","public/pro/assets/index-eYnecI2g.css","Not yet mapped to approved UAE Design System token","Requires review","Static extraction only"
"--text-lg","CSS custom property","public/pro/assets/index-eYnecI2g.css","Not yet mapped to approved UAE Design System token","Requires review","Static extraction only"
"--text-lg--line-height","CSS custom property","public/pro/assets/index-eYnecI2g.css","Not yet mapped to approved UAE Design System token","Requires review","Static extraction only"
"--text-xl","CSS custom property","public/pro/assets/index-eYnecI2g.css","Not yet mapped to approved UAE Design System token","Requires review","Static extraction only"
"--text-xl--line-height","CSS custom property","public/pro/assets/index-eYnecI2g.css","Not yet mapped to approved UAE Design System token","Requires review","Static extraction only"
"--text-2xl","CSS custom property","public/pro/assets/index-eYnecI2g.css","Not yet mapped to approved UAE Design System token","Requires review","Static extraction only"
"--text-2xl--line-height","CSS custom property","public/pro/assets/index-eYnecI2g.css","Not yet mapped to approved UAE Design System token","Requires review","Static extraction only"
"--text-3xl","CSS custom property","public/pro/assets/index-eYnecI2g.css","Not yet mapped to approved UAE Design System token","Requires review","Static extraction only"
"--text-3xl--line-height","CSS custom property","public/pro/assets/index-eYnecI2g.css","Not yet mapped to approved UAE Design System token","Requires review","Static extraction only"
"--text-4xl","CSS custom property","public/pro/assets/index-eYnecI2g.css","Not yet mapped to approved UAE Design System token","Requires review","Static extraction only"
"--text-4xl--line-height","CSS custom property","public/pro/assets/index-eYnecI2g.css","Not yet mapped to approved UAE Design System token","Requires review","Static extraction only"
"--text-5xl","CSS custom property","public/pro/assets/index-eYnecI2g.css","Not yet mapped to approved UAE Design System token","Requires review","Static extraction only"
"--text-5xl--line-height","CSS custom property","public/pro/assets/index-eYnecI2g.css","Not yet mapped to approved UAE Design System token","Requires review","Static extraction only"
"--text-6xl","CSS custom property","public/pro/assets/index-eYnecI2g.css","Not yet mapped to approved UAE Design System token","Requires review","Static extraction only"
"--text-6xl--line-height","CSS custom property","public/pro/assets/index-eYnecI2g.css","Not yet mapped to approved UAE Design System token","Requires review","Static extraction only"
"--text-7xl","CSS custom property","public/pro/assets/index-eYnecI2g.css","Not yet mapped to approved UAE Design System token","Requires review","Static extraction only"
"--text-7xl--line-height","CSS custom property","public/pro/assets/index-eYnecI2g.css","Not yet mapped to approved UAE Design System token","Requires review","Static extraction only"
"--text-8xl","CSS custom property","public/pro/assets/index-eYnecI2g.css","Not yet mapped to approved UAE Design System token","Requires review","Static extraction only"
"--text-8xl--line-height","CSS custom property","public/pro/assets/index-eYnecI2g.css","Not yet mapped to approved UAE Design System token","Requires review","Static extraction only"
"--font-weight-light","CSS custom property","public/pro/assets/index-eYnecI2g.css","Not yet mapped to approved UAE Design System token","Requires review","Static extraction only"
"--font-weight-medium","CSS custom property","public/pro/assets/index-eYnecI2g.css","Not yet mapped to approved UAE Design System token","Requires review","Static extraction only"
"--font-weight-bold","CSS custom property","public/pro/assets/index-eYnecI2g.css","Not yet mapped to approved UAE Design System token","Requires review","Static extraction only"
"--tracking-tighter","CSS custom property","public/pro/assets/index-eYnecI2g.css","Not yet mapped to approved UAE Design System token","Requires review","Static extraction only"
"--tracking-tight","CSS custom property","public/pro/assets/index-eYnecI2g.css","Not yet mapped to approved UAE Design System token","Requires review","Static extraction only"
"--tracking-wide","CSS custom property","public/pro/assets/index-eYnecI2g.css","Not yet mapped to approved UAE Design System token","Requires review","Static extraction only"
"--tracking-wider","CSS custom property","public/pro/assets/index-eYnecI2g.css","Not yet mapped to approved UAE Design System token","Requires review","Static extraction only"
"--tracking-widest","CSS custom property","public/pro/assets/index-eYnecI2g.css","Not yet mapped to approved UAE Design System token","Requires review","Static extraction only"
"--leading-tight","CSS custom property","public/pro/assets/index-eYnecI2g.css","Not yet mapped to approved UAE Design System token","Requires review","Static extraction only"
"--leading-snug","CSS custom property","public/pro/assets/index-eYnecI2g.css","Not yet mapped to approved UAE Design System token","Requires review","Static extraction only"
"--leading-relaxed","CSS custom property","public/pro/assets/index-eYnecI2g.css","Not yet mapped to approved UAE Design System token","Requires review","Static extraction only"
"--radius-sm","CSS custom property","public/pro/assets/index-eYnecI2g.css","Not yet mapped to approved UAE Design System token","Requires review","Static extraction only"
"--radius-md","CSS custom property","public/pro/assets/index-eYnecI2g.css","Not yet mapped to approved UAE Design System token","Requires review","Static extraction only"
"--radius-lg","CSS custom property","public/pro/assets/index-eYnecI2g.css","Not yet mapped to approved UAE Design System token","Requires review","Static extraction only"
"--animate-spin","CSS custom property","public/pro/assets/index-eYnecI2g.css","Not yet mapped to approved UAE Design System token","Requires review","Static extraction only"
"--animate-ping","CSS custom property","public/pro/assets/index-eYnecI2g.css","Not yet mapped to approved UAE Design System token","Requires review","Static extraction only"
"--blur-sm","CSS custom property","public/pro/assets/index-eYnecI2g.css","Not yet mapped to approved UAE Design System token","Requires review","Static extraction only"
"--default-transition-duration","CSS custom property","public/pro/assets/index-eYnecI2g.css","Not yet mapped to approved UAE Design System token","Requires review","Static extraction only"
"--default-transition-timing-function","CSS custom property","public/pro/assets/index-eYnecI2g.css","Not yet mapped to approved UAE Design System token","Requires review","Static extraction only"
"--default-font-family","CSS custom property","public/pro/assets/index-eYnecI2g.css","Not yet mapped to approved UAE Design System token","Requires review","Static extraction only"
"--default-mono-font-family","CSS custom property","public/pro/assets/index-eYnecI2g.css","Not yet mapped to approved UAE Design System token","Requires review","Static extraction only"
"--font-display","CSS custom property","public/pro/assets/index-eYnecI2g.css","Not yet mapped to approved UAE Design System token","Requires review","Static extraction only"
"--color-wm-bg","CSS custom property","public/pro/assets/index-eYnecI2g.css","Not yet mapped to approved UAE Design System token","Requires review","Static extraction only"
"--color-wm-card","CSS custom property","public/pro/assets/index-eYnecI2g.css","Not yet mapped to approved UAE Design System token","Requires review","Static extraction only"
"--color-wm-border","CSS custom property","public/pro/assets/index-eYnecI2g.css","Not yet mapped to approved UAE Design System token","Requires review","Static extraction only"
"--color-wm-green","CSS custom property","public/pro/assets/index-eYnecI2g.css","Not yet mapped to approved UAE Design System token","Requires review","Static extraction only"
"--color-wm-blue","CSS custom property","public/pro/assets/index-eYnecI2g.css","Not yet mapped to approved UAE Design System token","Requires review","Static extraction only"
"--color-wm-text","CSS custom property","public/pro/assets/index-eYnecI2g.css","Not yet mapped to approved UAE Design System token","Requires review","Static extraction only"
"--color-wm-muted","CSS custom property","public/pro/assets/index-eYnecI2g.css","Not yet mapped to approved UAE Design System token","Requires review","Static extraction only"
"--tw-outline-style","CSS custom property","public/pro/assets/index-eYnecI2g.css","Not yet mapped to approved UAE Design System token","Requires review","Static extraction only"
"var(--font-sans)","Font family declaration","public/pro/assets/index-eYnecI2g.css","Not yet mapped to approved UAE Design System token","Requires review","Static extraction only"
"var(--font-mono)","Font family declaration","public/pro/assets/index-eYnecI2g.css","Not yet mapped to approved UAE Design System token","Requires review","Static extraction only"
"var(--default-font-family,ui-sans-serif, system-ui, sans-serif, ""Apple Color Emoji"", ""Segoe UI Emoji"", ""Segoe UI Symbol"", ""Noto Color Emoji"")","Font family declaration","public/pro/assets/index-eYnecI2g.css","Not yet mapped to approved UAE Design System token","Requires review","Static extraction only"
"var(--default-mono-font-family,ui-monospace, SFMono-Regular, Menlo, Monaco, Consolas, ""Liberation Mono"", ""Courier New"", monospace)","Font family declaration","public/pro/assets/index-eYnecI2g.css","Not yet mapped to approved UAE Design System token","Requires review","Static extraction only"
"var(--font-display)}.font-mono{font-family:var(--font-mono)}.font-sans{font-family:var(--font-sans)}.text-2xl{font-size:var(--text-2xl)","Font family declaration","public/pro/assets/index-eYnecI2g.css","Not yet mapped to approved UAE Design System token","Requires review","Static extraction only"
"#0000","Hex colour","public/pro/assets/index-eYnecI2g.css","Not yet mapped to approved UAE Design System token","Requires review","Static extraction only"
"#fff","Hex colour","public/pro/assets/index-eYnecI2g.css","Not yet mapped to approved UAE Design System token","Requires review","Static extraction only"
"#000","Hex colour","public/pro/assets/index-eYnecI2g.css","Not yet mapped to approved UAE Design System token","Requires review","Static extraction only"
"#050505","Hex colour","public/pro/assets/index-eYnecI2g.css","Not yet mapped to approved UAE Design System token","Requires review","Static extraction only"
"#111","Hex colour","public/pro/assets/index-eYnecI2g.css","Not yet mapped to approved UAE Design System token","Requires review","Static extraction only"
"#222","Hex colour","public/pro/assets/index-eYnecI2g.css","Not yet mapped to approved UAE Design System token","Requires review","Static extraction only"
"#4ade80","Hex colour","public/pro/assets/index-eYnecI2g.css","Not yet mapped to approved UAE Design System token","Requires review","Static extraction only"
"#60a5fa","Hex colour","public/pro/assets/index-eYnecI2g.css","Not yet mapped to approved UAE Design System token","Requires review","Static extraction only"
"#f3f4f6","Hex colour","public/pro/assets/index-eYnecI2g.css","Not yet mapped to approved UAE Design System token","Requires review","Static extraction only"
"#9ca3af","Hex colour","public/pro/assets/index-eYnecI2g.css","Not yet mapped to approved UAE Design System token","Requires review","Static extraction only"
"#35373b","Hex colour","public/pro/assets/index-eYnecI2g.css","Not yet mapped to approved UAE Design System token","Requires review","Static extraction only"
"#fcbb004d","Hex colour","public/pro/assets/index-eYnecI2g.css","Not yet mapped to approved UAE Design System token","Requires review","Static extraction only"
"#22222280","Hex colour","public/pro/assets/index-eYnecI2g.css","Not yet mapped to approved UAE Design System token","Requires review","Static extraction only"
"#222c","Hex colour","public/pro/assets/index-eYnecI2g.css","Not yet mapped to approved UAE Design System token","Requires review","Static extraction only"
"#4ade804d","Hex colour","public/pro/assets/index-eYnecI2g.css","Not yet mapped to approved UAE Design System token","Requires review","Static extraction only"
"#0a0a0a","Hex colour","public/pro/assets/index-eYnecI2g.css","Not yet mapped to approved UAE Design System token","Requires review","Static extraction only"
"#1a1d21","Hex colour","public/pro/assets/index-eYnecI2g.css","Not yet mapped to approved UAE Design System token","Requires review","Static extraction only"
"#28c840","Hex colour","public/pro/assets/index-eYnecI2g.css","Not yet mapped to approved UAE Design System token","Requires review","Static extraction only"
"#020202","Hex colour","public/pro/assets/index-eYnecI2g.css","Not yet mapped to approved UAE Design System token","Requires review","Static extraction only"
"#060606","Hex colour","public/pro/assets/index-eYnecI2g.css","Not yet mapped to approved UAE Design System token","Requires review","Static extraction only"
"#222529","Hex colour","public/pro/assets/index-eYnecI2g.css","Not yet mapped to approved UAE Design System token","Requires review","Static extraction only"
"#febc2e","Hex colour","public/pro/assets/index-eYnecI2g.css","Not yet mapped to approved UAE Design System token","Requires review","Static extraction only"
"#ff5f57","Hex colour","public/pro/assets/index-eYnecI2g.css","Not yet mapped to approved UAE Design System token","Requires review","Static extraction only"
"#fcbb001a","Hex colour","public/pro/assets/index-eYnecI2g.css","Not yet mapped to approved UAE Design System token","Requires review","Static extraction only"
"#00c758b3","Hex colour","public/pro/assets/index-eYnecI2g.css","Not yet mapped to approved UAE Design System token","Requires review","Static extraction only"
"#fb2c36b3","Hex colour","public/pro/assets/index-eYnecI2g.css","Not yet mapped to approved UAE Design System token","Requires review","Static extraction only"
"#05050533","Hex colour","public/pro/assets/index-eYnecI2g.css","Not yet mapped to approved UAE Design System token","Requires review","Static extraction only"
"#05050580","Hex colour","public/pro/assets/index-eYnecI2g.css","Not yet mapped to approved UAE Design System token","Requires review","Static extraction only"
"#050505cc","Hex colour","public/pro/assets/index-eYnecI2g.css","Not yet mapped to approved UAE Design System token","Requires review","Static extraction only"
"#1113","Hex colour","public/pro/assets/index-eYnecI2g.css","Not yet mapped to approved UAE Design System token","Requires review","Static extraction only"
"#1111114d","Hex colour","public/pro/assets/index-eYnecI2g.css","Not yet mapped to approved UAE Design System token","Requires review","Static extraction only"
"#11111180","Hex colour","public/pro/assets/index-eYnecI2g.css","Not yet mapped to approved UAE Design System token","Requires review","Static extraction only"
"#111111b3","Hex colour","public/pro/assets/index-eYnecI2g.css","Not yet mapped to approved UAE Design System token","Requires review","Static extraction only"
"#4ade800d","Hex colour","public/pro/assets/index-eYnecI2g.css","Not yet mapped to approved UAE Design System token","Requires review","Static extraction only"
"#4ade8014","Hex colour","public/pro/assets/index-eYnecI2g.css","Not yet mapped to approved UAE Design System token","Requires review","Static extraction only"
"#4ade801a","Hex colour","public/pro/assets/index-eYnecI2g.css","Not yet mapped to approved UAE Design System token","Requires review","Static extraction only"
"#4ade8033","Hex colour","public/pro/assets/index-eYnecI2g.css","Not yet mapped to approved UAE Design System token","Requires review","Static extraction only"
"#4ade80b3","Hex colour","public/pro/assets/index-eYnecI2g.css","Not yet mapped to approved UAE Design System token","Requires review","Static extraction only"
"#9ca3af33","Hex colour","public/pro/assets/index-eYnecI2g.css","Not yet mapped to approved UAE Design System token","Requires review","Static extraction only"
"#edb200b3","Hex colour","public/pro/assets/index-eYnecI2g.css","Not yet mapped to approved UAE Design System token","Requires review","Static extraction only"
"#60a5fa0d","Hex colour","public/pro/assets/index-eYnecI2g.css","Not yet mapped to approved UAE Design System token","Requires review","Static extraction only"
"#9ca3af66","Hex colour","public/pro/assets/index-eYnecI2g.css","Not yet mapped to approved UAE Design System token","Requires review","Static extraction only"
"#9ca3afb3","Hex colour","public/pro/assets/index-eYnecI2g.css","Not yet mapped to approved UAE Design System token","Requires review","Static extraction only"
"#00000040","Hex colour","public/pro/assets/index-eYnecI2g.css","Not yet mapped to approved UAE Design System token","Requires review","Static extraction only"
"#ffffff0a","Hex colour","public/pro/assets/index-eYnecI2g.css","Not yet mapped to approved UAE Design System token","Requires review","Static extraction only"
"#0000001a","Hex colour","public/pro/assets/index-eYnecI2g.css","Not yet mapped to approved UAE Design System token","Requires review","Static extraction only"
"#4ade8066","Hex colour","public/pro/assets/index-eYnecI2g.css","Not yet mapped to approved UAE Design System token","Requires review","Static extraction only"
"#4ade8080","Hex colour","public/pro/assets/index-eYnecI2g.css","Not yet mapped to approved UAE Design System token","Requires review","Static extraction only"
"#ffffff0d","Hex colour","public/pro/assets/index-eYnecI2g.css","Not yet mapped to approved UAE Design System token","Requires review","Static extraction only"
"#05050599","Hex colour","public/pro/assets/index-eYnecI2g.css","Not yet mapped to approved UAE Design System token","Requires review","Static extraction only"
"0}::file-selector-button{font:inherit","Border radius","public/pro/assets/index-eYnecI2g.css","Not yet mapped to approved UAE Design System token","Requires review","Static extraction only"
"0}:where(select:is([multiple],[size])) optgroup{font-weight:bolder}:where(select:is([multiple],[size])) optgroup option{padding-inline-start:20px}::file-selector-button{margin-inline-end:4px}::placeholder{opacity:1}@supports (not ((-webkit-appearance:-apple-pay-button))) or (contain-intrinsic-size:1px){::placeholder{color:currentColor}@supports (color:color-mix(in lab,red,red)){::placeholder{color:color-mix(in oklab,currentcolor 50%,transparent)}}}textarea{resize:vertical}::-webkit-search-decoration{-webkit-appearance:none}::-webkit-date-and-time-value{min-height:1lh","Border radius","public/pro/assets/index-eYnecI2g.css","Not yet mapped to approved UAE Design System token","Requires review","Static extraction only"
".25rem}.rounded-full{border-radius:3.40282e38px}.rounded-lg{border-radius:var(--radius-lg)}.rounded-md{border-radius:var(--radius-md)}.rounded-none{border-radius:0}.rounded-sm{border-radius:var(--radius-sm)}.border{border-style:var(--tw-border-style)","Border radius","public/pro/assets/index-eYnecI2g.css","Not yet mapped to approved UAE Design System token","Requires review","Static extraction only"
"#ff5f57","Hex colour","public/pro/assets/welcome-CR8kjeDt.js","Not yet mapped to approved UAE Design System token","Requires review","Static extraction only"
"#febc2e","Hex colour","public/pro/assets/welcome-CR8kjeDt.js","Not yet mapped to approved UAE Design System token","Requires review","Static extraction only"
"#28c840","Hex colour","public/pro/assets/welcome-CR8kjeDt.js","Not yet mapped to approved UAE Design System token","Requires review","Static extraction only"
"--font-sans","CSS custom property","public/pro/index.html","Not yet mapped to approved UAE Design System token","Requires review","Static extraction only"
"--font-mono","CSS custom property","public/pro/index.html","Not yet mapped to approved UAE Design System token","Requires review","Static extraction only"
"--font-display","CSS custom property","public/pro/index.html","Not yet mapped to approved UAE Design System token","Requires review","Static extraction only"
"--color-wm-bg","CSS custom property","public/pro/index.html","Not yet mapped to approved UAE Design System token","Requires review","Static extraction only"
"--color-wm-card","CSS custom property","public/pro/index.html","Not yet mapped to approved UAE Design System token","Requires review","Static extraction only"
"--color-wm-border","CSS custom property","public/pro/index.html","Not yet mapped to approved UAE Design System token","Requires review","Static extraction only"
"--color-wm-green","CSS custom property","public/pro/index.html","Not yet mapped to approved UAE Design System token","Requires review","Static extraction only"
"--color-wm-blue","CSS custom property","public/pro/index.html","Not yet mapped to approved UAE Design System token","Requires review","Static extraction only"
"--color-wm-text","CSS custom property","public/pro/index.html","Not yet mapped to approved UAE Design System token","Requires review","Static extraction only"
"--color-wm-muted","CSS custom property","public/pro/index.html","Not yet mapped to approved UAE Design System token","Requires review","Static extraction only"
"var(--font-sans)","Font family declaration","public/pro/index.html","Not yet mapped to approved UAE Design System token","Requires review","Static extraction only"
"var(--font-display)","Font family declaration","public/pro/index.html","Not yet mapped to approved UAE Design System token","Requires review","Static extraction only"
"var(--font-mono)}main [class~=font-display]{font-family:var(--font-display)}main [class~=font-bold]{font-weight:700}main [class~=uppercase]{text-transform:uppercase}main [class~=text-center]{text-align:center}main [class~=text-left]{text-align:left}main [class~=text-2xl]{font-size:1.5rem","Font family declaration","public/pro/index.html","Not yet mapped to approved UAE Design System token","Physical-direction value; review for RTL","Static extraction only"
"system-ui,sans-serif","Font family declaration","public/pro/index.html","Not yet mapped to approved UAE Design System token","Requires review","Static extraction only"
"#4931","Hex colour","public/pro/index.html","Not yet mapped to approved UAE Design System token","Requires review","Static extraction only"
"#050505","Hex colour","public/pro/index.html","Not yet mapped to approved UAE Design System token","Requires review","Static extraction only"
"#111","Hex colour","public/pro/index.html","Not yet mapped to approved UAE Design System token","Requires review","Static extraction only"
"#222","Hex colour","public/pro/index.html","Not yet mapped to approved UAE Design System token","Requires review","Static extraction only"
"#4ade80","Hex colour","public/pro/index.html","Not yet mapped to approved UAE Design System token","Requires review","Static extraction only"
"#60a5fa","Hex colour","public/pro/index.html","Not yet mapped to approved UAE Design System token","Requires review","Static extraction only"
"#f3f4f6","Hex colour","public/pro/index.html","Not yet mapped to approved UAE Design System token","Requires review","Static extraction only"
"#9ca3af","Hex colour","public/pro/index.html","Not yet mapped to approved UAE Design System token","Requires review","Static extraction only"
"#ff5f57","Hex colour","public/pro/index.html","Not yet mapped to approved UAE Design System token","Requires review","Static extraction only"
"#febc2e","Hex colour","public/pro/index.html","Not yet mapped to approved UAE Design System token","Requires review","Static extraction only"
"#28c840","Hex colour","public/pro/index.html","Not yet mapped to approved UAE Design System token","Requires review","Static extraction only"
"#e5e5e5","Hex colour","public/pro/index.html","Not yet mapped to approved UAE Design System token","Requires review","Static extraction only"
"#0a0a0a","Hex colour","public/pro/index.html","Not yet mapped to approved UAE Design System token","Requires review","Static extraction only"
".25rem","Border radius","public/pro/index.html","Not yet mapped to approved UAE Design System token","Requires review","Static extraction only"
"9999px}main [class~=rounded-sm]{border-radius:.25rem}main [class~=rounded-md]{border-radius:.375rem}main .border{border-style:solid","Border radius","public/pro/index.html","Not yet mapped to approved UAE Design System token","Requires review","Static extraction only"
"--font-sans","CSS custom property","public/pro/welcome.html","Not yet mapped to approved UAE Design System token","Requires review","Static extraction only"
"--font-mono","CSS custom property","public/pro/welcome.html","Not yet mapped to approved UAE Design System token","Requires review","Static extraction only"
"--font-display","CSS custom property","public/pro/welcome.html","Not yet mapped to approved UAE Design System token","Requires review","Static extraction only"
"--color-wm-bg","CSS custom property","public/pro/welcome.html","Not yet mapped to approved UAE Design System token","Requires review","Static extraction only"
"--color-wm-card","CSS custom property","public/pro/welcome.html","Not yet mapped to approved UAE Design System token","Requires review","Static extraction only"
"--color-wm-border","CSS custom property","public/pro/welcome.html","Not yet mapped to approved UAE Design System token","Requires review","Static extraction only"
"--color-wm-green","CSS custom property","public/pro/welcome.html","Not yet mapped to approved UAE Design System token","Requires review","Static extraction only"
"--color-wm-blue","CSS custom property","public/pro/welcome.html","Not yet mapped to approved UAE Design System token","Requires review","Static extraction only"
"--color-wm-text","CSS custom property","public/pro/welcome.html","Not yet mapped to approved UAE Design System token","Requires review","Static extraction only"
"--color-wm-muted","CSS custom property","public/pro/welcome.html","Not yet mapped to approved UAE Design System token","Requires review","Static extraction only"
"var(--font-sans)","Font family declaration","public/pro/welcome.html","Not yet mapped to approved UAE Design System token","Requires review","Static extraction only"
"var(--font-display)","Font family declaration","public/pro/welcome.html","Not yet mapped to approved UAE Design System token","Requires review","Static extraction only"
"var(--font-mono)}main [class~=font-display]{font-family:var(--font-display)}main [class~=font-bold]{font-weight:700}main [class~=uppercase]{text-transform:uppercase}main [class~=text-center]{text-align:center}main [class~=text-left]{text-align:left}main [class~=text-2xl]{font-size:1.5rem","Font family declaration","public/pro/welcome.html","Not yet mapped to approved UAE Design System token","Physical-direction value; review for RTL","Static extraction only"
"system-ui,sans-serif","Font family declaration","public/pro/welcome.html","Not yet mapped to approved UAE Design System token","Requires review","Static extraction only"
"#4931","Hex colour","public/pro/welcome.html","Not yet mapped to approved UAE Design System token","Requires review","Static extraction only"
"#050505","Hex colour","public/pro/welcome.html","Not yet mapped to approved UAE Design System token","Requires review","Static extraction only"
"#111","Hex colour","public/pro/welcome.html","Not yet mapped to approved UAE Design System token","Requires review","Static extraction only"
"#222","Hex colour","public/pro/welcome.html","Not yet mapped to approved UAE Design System token","Requires review","Static extraction only"
"#4ade80","Hex colour","public/pro/welcome.html","Not yet mapped to approved UAE Design System token","Requires review","Static extraction only"
"#60a5fa","Hex colour","public/pro/welcome.html","Not yet mapped to approved UAE Design System token","Requires review","Static extraction only"
"#f3f4f6","Hex colour","public/pro/welcome.html","Not yet mapped to approved UAE Design System token","Requires review","Static extraction only"
"#9ca3af","Hex colour","public/pro/welcome.html","Not yet mapped to approved UAE Design System token","Requires review","Static extraction only"
"#ff5f57","Hex colour","public/pro/welcome.html","Not yet mapped to approved UAE Design System token","Requires review","Static extraction only"
"#febc2e","Hex colour","public/pro/welcome.html","Not yet mapped to approved UAE Design System token","Requires review","Static extraction only"
"#28c840","Hex colour","public/pro/welcome.html","Not yet mapped to approved UAE Design System token","Requires review","Static extraction only"
"#020202","Hex colour","public/pro/welcome.html","Not yet mapped to approved UAE Design System token","Requires review","Static extraction only"
"#e5e5e5","Hex colour","public/pro/welcome.html","Not yet mapped to approved UAE Design System token","Requires review","Static extraction only"
"#0a0a0a","Hex colour","public/pro/welcome.html","Not yet mapped to approved UAE Design System token","Requires review","Static extraction only"
".25rem","Border radius","public/pro/welcome.html","Not yet mapped to approved UAE Design System token","Requires review","Static extraction only"
"9999px}main [class~=rounded-sm]{border-radius:.25rem}main [class~=rounded-md]{border-radius:.375rem}main .border{border-style:solid","Border radius","public/pro/welcome.html","Not yet mapped to approved UAE Design System token","Requires review","Static extraction only"
"#2404","Hex colour","scripts/seed-forecasts.types.d.ts","Not yet mapped to approved UAE Design System token","Requires review","Static extraction only"
"#2410","Hex colour","scripts/seed-forecasts.types.d.ts","Not yet mapped to approved UAE Design System token","Requires review","Static extraction only"
"#2374","Hex colour","scripts/seed-forecasts.types.d.ts","Not yet mapped to approved UAE Design System token","Requires review","Static extraction only"
"#4921","Hex colour","scripts/shared/brief-llm-core.d.ts","Not yet mapped to approved UAE Design System token","Requires review","Static extraction only"
"#4921","Hex colour","scripts/shared/brief-llm-core.js","Not yet mapped to approved UAE Design System token","Requires review","Static extraction only"
"#3269","Hex colour","scripts/shared/brief-llm-core.js","Not yet mapped to approved UAE Design System token","Requires review","Static extraction only"
"#3836","Hex colour","scripts/shared/brief-llm-core.js","Not yet mapped to approved UAE Design System token","Requires review","Static extraction only"
"#3667","Hex colour","scripts/shared/brief-llm-core.js","Not yet mapped to approved UAE Design System token","Requires review","Static extraction only"
"#4919","Hex colour","scripts/shared/story-identity.js","Not yet mapped to approved UAE Design System token","Requires review","Static extraction only"
"#4924","Hex colour","scripts/shared/story-identity.js","Not yet mapped to approved UAE Design System token","Requires review","Static extraction only"
"#3419","Hex colour","scripts/shared/url-classifier.js","Not yet mapped to approved UAE Design System token","Requires review","Static extraction only"
"#6105","Hex colour","server/__tests__/direct-llm-quota.test.ts","Not yet mapped to approved UAE Design System token","Requires review","Static extraction only"
"#6105","Hex colour","server/__tests__/entitlement-check.test.ts","Not yet mapped to approved UAE Design System token","Requires review","Static extraction only"
"#5619","Hex colour","server/__tests__/entitlement-check.test.ts","Not yet mapped to approved UAE Design System token","Requires review","Static extraction only"
"#5600","Hex colour","server/__tests__/entitlement-check.test.ts","Not yet mapped to approved UAE Design System token","Requires review","Static extraction only"
"#5661","Hex colour","server/__tests__/entitlement-check.test.ts","Not yet mapped to approved UAE Design System token","Requires review","Static extraction only"
"#5622","Hex colour","server/__tests__/entitlement-check.test.ts","Not yet mapped to approved UAE Design System token","Requires review","Static extraction only"
"#3199","Hex colour","server/__tests__/entitlement-check.test.ts","Not yet mapped to approved UAE Design System token","Requires review","Static extraction only"
"#5379","Hex colour","server/__tests__/entitlement-check.test.ts","Not yet mapped to approved UAE Design System token","Requires review","Static extraction only"
"#4611","Hex colour","server/__tests__/entitlement-check.test.ts","Not yet mapped to approved UAE Design System token","Requires review","Static extraction only"
"#3199","Hex colour","server/__tests__/gateway-api-rate-limit.test.ts","Not yet mapped to approved UAE Design System token","Requires review","Static extraction only"
"#4635","Hex colour","server/__tests__/gateway-api-rate-limit.test.ts","Not yet mapped to approved UAE Design System token","Requires review","Static extraction only"
"#4611","Hex colour","server/__tests__/gateway-api-rate-limit.test.ts","Not yet mapped to approved UAE Design System token","Requires review","Static extraction only"
"#6105","Hex colour","server/__tests__/gateway-direct-llm-quota.test.ts","Not yet mapped to approved UAE Design System token","Requires review","Static extraction only"
"#4611","Hex colour","server/__tests__/gateway-user-key-apiaccess.test.ts","Not yet mapped to approved UAE Design System token","Requires review","Static extraction only"
"#3199","Hex colour","server/__tests__/gateway-user-key-apiaccess.test.ts","Not yet mapped to approved UAE Design System token","Requires review","Static extraction only"
"#4770","Hex colour","server/__tests__/gateway-user-key-apiaccess.test.ts","Not yet mapped to approved UAE Design System token","Requires review","Static extraction only"
"#5379","Hex colour","server/__tests__/gateway-user-key-apiaccess.test.ts","Not yet mapped to approved UAE Design System token","Requires review","Static extraction only"
"#6105","Hex colour","server/__tests__/premium-check-direct-llm-limit.test.ts","Not yet mapped to approved UAE Design System token","Requires review","Static extraction only"
"#5969","Hex colour","server/__tests__/summarize-article-cache-readonly.test.ts","Not yet mapped to approved UAE Design System token","Requires review","Static extraction only"
"#4572","Hex colour","server/__tests__/usage-identity.test.ts","Not yet mapped to approved UAE Design System token","Requires review","Static extraction only"
"#5379","Hex colour","server/__tests__/user-api-key-validation.test.ts","Not yet mapped to approved UAE Design System token","Requires review","Static extraction only"
"#4771","Hex colour","server/__tests__/widget-agent-billing-denial.test.ts","Not yet mapped to approved UAE Design System token","Requires review","Static extraction only"
"#3199","Hex colour","server/_shared/api-key-rate-limit.ts","Not yet mapped to approved UAE Design System token","Requires review","Static extraction only"
"#4635","Hex colour","server/_shared/api-key-rate-limit.ts","Not yet mapped to approved UAE Design System token","Requires review","Static extraction only"
"#3174","Hex colour","server/_shared/brief-carousel-render.ts","Not yet mapped to approved UAE Design System token","Requires review","Static extraction only"
"#3196","Hex colour","server/_shared/brief-carousel-render.ts","Not yet mapped to approved UAE Design System token","Requires review","Static extraction only"
"#3204","Hex colour","server/_shared/brief-carousel-render.ts","Not yet mapped to approved UAE Design System token","Requires review","Static extraction only"
"#3206","Hex colour","server/_shared/brief-carousel-render.ts","Not yet mapped to approved UAE Design System token","Requires review","Static extraction only"
"#0a0a0a","Hex colour","server/_shared/brief-carousel-render.ts","Not yet mapped to approved UAE Design System token","Requires review","Static extraction only"
"#f2ede4","Hex colour","server/_shared/brief-carousel-render.ts","Not yet mapped to approved UAE Design System token","Requires review","Static extraction only"
"#f1e9d8","Hex colour","server/_shared/brief-carousel-render.ts","Not yet mapped to approved UAE Design System token","Requires review","Static extraction only"
"#1a1612","Hex colour","server/_shared/brief-carousel-render.ts","Not yet mapped to approved UAE Design System token","Requires review","Static extraction only"
"#8b3a1f","Hex colour","server/_shared/brief-carousel-render.ts","Not yet mapped to approved UAE Design System token","Requires review","Static extraction only"
"#fafafa","Hex colour","server/_shared/brief-carousel-render.ts","Not yet mapped to approved UAE Design System token","Requires review","Static extraction only"
"--ink","CSS custom property","server/_shared/brief-render.js","Not yet mapped to approved UAE Design System token","Requires review","Static extraction only"
"--bone","CSS custom property","server/_shared/brief-render.js","Not yet mapped to approved UAE Design System token","Requires review","Static extraction only"
"--cream","CSS custom property","server/_shared/brief-render.js","Not yet mapped to approved UAE Design System token","Requires review","Static extraction only"
"--cream-ink","CSS custom property","server/_shared/brief-render.js","Not yet mapped to approved UAE Design System token","Requires review","Static extraction only"
"--sienna","CSS custom property","server/_shared/brief-render.js","Not yet mapped to approved UAE Design System token","Requires review","Static extraction only"
"--mint","CSS custom property","server/_shared/brief-render.js","Not yet mapped to approved UAE Design System token","Requires review","Static extraction only"
"--paper","CSS custom property","server/_shared/brief-render.js","Not yet mapped to approved UAE Design System token","Requires review","Static extraction only"
"--paper-ink","CSS custom property","server/_shared/brief-render.js","Not yet mapped to approved UAE Design System token","Requires review","Static extraction only"
"'Source Serif 4', Georgia, serif","Font family declaration","server/_shared/brief-render.js","Not yet mapped to approved UAE Design System token","Requires review","Static extraction only"
"'IBM Plex Mono', monospace","Font family declaration","server/_shared/brief-render.js","Not yet mapped to approved UAE Design System token","Requires review","Static extraction only"
"'Playfair Display', serif","Font family declaration","server/_shared/brief-render.js","Not yet mapped to approved UAE Design System token","Requires review","Static extraction only"
"'Source Serif 4', serif","Font family declaration","server/_shared/brief-render.js","Not yet mapped to approved UAE Design System token","Requires review","Static extraction only"
"#3614","Hex colour","server/_shared/brief-render.js","Not yet mapped to approved UAE Design System token","Requires review","Static extraction only"
"#8b3a1f","Hex colour","server/_shared/brief-render.js","Not yet mapped to approved UAE Design System token","Requires review","Static extraction only"
"#fafafa","Hex colour","server/_shared/brief-render.js","Not yet mapped to approved UAE Design System token","Requires review","Static extraction only"
"#0a0a0a","Hex colour","server/_shared/brief-render.js","Not yet mapped to approved UAE Design System token","Requires review","Static extraction only"
"#f2ede4","Hex colour","server/_shared/brief-render.js","Not yet mapped to approved UAE Design System token","Requires review","Static extraction only"
"#f1e9d8","Hex colour","server/_shared/brief-render.js","Not yet mapped to approved UAE Design System token","Requires review","Static extraction only"
"#1a1612","Hex colour","server/_shared/brief-render.js","Not yet mapped to approved UAE Design System token","Requires review","Static extraction only"
"#3ab567","Hex colour","server/_shared/brief-render.js","Not yet mapped to approved UAE Design System token","Requires review","Static extraction only"
"#1f7a3f","Hex colour","server/_shared/brief-render.js","Not yet mapped to approved UAE Design System token","Requires review","Static extraction only"
"#4ade80","Hex colour","server/_shared/brief-render.js","Not yet mapped to approved UAE Design System token","Requires review","Static extraction only"
"#000","Hex colour","server/_shared/brief-render.js","Not yet mapped to approved UAE Design System token","Requires review","Static extraction only"
"#ff9b9b","Hex colour","server/_shared/brief-render.js","Not yet mapped to approved UAE Design System token","Requires review","Static extraction only"
"999px","Border radius","server/_shared/brief-render.js","Not yet mapped to approved UAE Design System token","Requires review","Static extraction only"
"50%","Border radius","server/_shared/brief-render.js","Not yet mapped to approved UAE Design System token","Requires review","Static extraction only"
"5px","Border radius","server/_shared/brief-render.js","Not yet mapped to approved UAE Design System token","Requires review","Static extraction only"
"#3069","Hex colour","server/_shared/cache-keys.ts","Not yet mapped to approved UAE Design System token","Requires review","Static extraction only"
"#4924","Hex colour","server/_shared/cache-keys.ts","Not yet mapped to approved UAE Design System token","Requires review","Static extraction only"
"#5231","Hex colour","server/_shared/client-ip.ts","Not yet mapped to approved UAE Design System token","Requires review","Static extraction only"
"#5229","Hex colour","server/_shared/client-ip.ts","Not yet mapped to approved UAE Design System token","Requires review","Static extraction only"
"#3531","Hex colour","server/_shared/client-ip.ts","Not yet mapped to approved UAE Design System token","Requires review","Static extraction only"
"#5622","Hex colour","server/_shared/entitlement-check.ts","Not yet mapped to approved UAE Design System token","Requires review","Static extraction only"
"#3199","Hex colour","server/_shared/entitlement-check.ts","Not yet mapped to approved UAE Design System token","Requires review","Static extraction only"
"#4635","Hex colour","server/_shared/entitlement-check.ts","Not yet mapped to approved UAE Design System token","Requires review","Static extraction only"
"#4770","Hex colour","server/_shared/entitlement-check.ts","Not yet mapped to approved UAE Design System token","Requires review","Static extraction only"
"#5619","Hex colour","server/_shared/entitlement-check.ts","Not yet mapped to approved UAE Design System token","Requires review","Static extraction only"
"#5600","Hex colour","server/_shared/entitlement-check.ts","Not yet mapped to approved UAE Design System token","Requires review","Static extraction only"
"#5674","Hex colour","server/_shared/entitlement-check.ts","Not yet mapped to approved UAE Design System token","Requires review","Static extraction only"
"#5661","Hex colour","server/_shared/entitlement-check.ts","Not yet mapped to approved UAE Design System token","Requires review","Static extraction only"
"#3505","Hex colour","server/_shared/entitlement-check.ts","Not yet mapped to approved UAE Design System token","Requires review","Static extraction only"
"#3690","Hex colour","server/_shared/feelgood-classifier.js","Not yet mapped to approved UAE Design System token","Requires review","Static extraction only"
"#3381","Hex colour","server/_shared/fetch-json.ts","Not yet mapped to approved UAE Design System token","Requires review","Static extraction only"
"#5694","Hex colour","server/_shared/intel-history-client.ts","Not yet mapped to approved UAE Design System token","Requires review","Static extraction only"
"#5694","Hex colour","server/_shared/intel-history-embed.ts","Not yet mapped to approved UAE Design System token","Requires review","Static extraction only"
"#5742","Hex colour","server/_shared/intel-history-embed.ts","Not yet mapped to approved UAE Design System token","Requires review","Static extraction only"
"#3803","Hex colour","server/_shared/internal-auth.ts","Not yet mapped to approved UAE Design System token","Requires review","Static extraction only"
"#5850","Hex colour","server/_shared/llm-sanitize.js","Not yet mapped to approved UAE Design System token","Requires review","Static extraction only"
"#5857","Hex colour","server/_shared/llm-sanitize.js","Not yet mapped to approved UAE Design System token","Requires review","Static extraction only"
"#4966","Hex colour","server/_shared/llm.ts","Not yet mapped to approved UAE Design System token","Requires review","Static extraction only"
"#4944","Hex colour","server/_shared/llm.ts","Not yet mapped to approved UAE Design System token","Requires review","Static extraction only"
"#4983","Hex colour","server/_shared/llm.ts","Not yet mapped to approved UAE Design System token","Requires review","Static extraction only"
"#5246","Hex colour","server/_shared/llm.ts","Not yet mapped to approved UAE Design System token","Requires review","Static extraction only"
"#3690","Hex colour","server/_shared/opinion-classifier.js","Not yet mapped to approved UAE Design System token","Requires review","Static extraction only"
"#3835","Hex colour","server/_shared/opinion-classifier.js","Not yet mapped to approved UAE Design System token","Requires review","Static extraction only"
"#3748","Hex colour","server/_shared/opinion-classifier.js","Not yet mapped to approved UAE Design System token","Requires review","Static extraction only"
"#5622","Hex colour","server/_shared/premium-check.ts","Not yet mapped to approved UAE Design System token","Requires review","Static extraction only"
"#5600","Hex colour","server/_shared/premium-check.ts","Not yet mapped to approved UAE Design System token","Requires review","Static extraction only"
"#5619","Hex colour","server/_shared/premium-check.ts","Not yet mapped to approved UAE Design System token","Requires review","Static extraction only"
"#5608","Hex colour","server/_shared/premium-check.ts","Not yet mapped to approved UAE Design System token","Requires review","Static extraction only"
"#5384","Hex colour","server/_shared/premium-check.ts","Not yet mapped to approved UAE Design System token","Requires review","Static extraction only"
"#5599","Hex colour","server/_shared/premium-check.ts","Not yet mapped to approved UAE Design System token","Requires review","Static extraction only"
"#5652","Hex colour","server/_shared/premium-check.ts","Not yet mapped to approved UAE Design System token","Requires review","Static extraction only"
"#5619","Hex colour","server/_shared/pro-entitlement.ts","Not yet mapped to approved UAE Design System token","Requires review","Static extraction only"
"#5622","Hex colour","server/_shared/pro-mcp-gate.ts","Not yet mapped to approved UAE Design System token","Requires review","Static extraction only"
"#5653","Hex colour","server/_shared/pro-mcp-gate.ts","Not yet mapped to approved UAE Design System token","Requires review","Static extraction only"
"#5600","Hex colour","server/_shared/pro-mcp-gate.ts","Not yet mapped to approved UAE Design System token","Requires review","Static extraction only"
"#5619","Hex colour","server/_shared/pro-mcp-gate.ts","Not yet mapped to approved UAE Design System token","Requires review","Static extraction only"
"#5231","Hex colour","server/_shared/rate-limit.ts","Not yet mapped to approved UAE Design System token","Requires review","Static extraction only"
"#3963","Hex colour","server/_shared/rate-limit.ts","Not yet mapped to approved UAE Design System token","Requires review","Static extraction only"
"#3531","Hex colour","server/_shared/rate-limit.ts","Not yet mapped to approved UAE Design System token","Requires review","Static extraction only"
"#3278","Hex colour","server/_shared/rate-limit.ts","Not yet mapped to approved UAE Design System token","Requires review","Static extraction only"
"#4676","Hex colour","server/_shared/rate-limit.ts","Not yet mapped to approved UAE Design System token","Requires review","Static extraction only"
"#5694","Hex colour","server/_shared/rate-limit.ts","Not yet mapped to approved UAE Design System token","Requires review","Static extraction only"
"#5695","Hex colour","server/_shared/rate-limit.ts","Not yet mapped to approved UAE Design System token","Requires review","Static extraction only"
"#3734","Hex colour","server/_shared/rate-limit.ts","Not yet mapped to approved UAE Design System token","Requires review","Static extraction only"
"#3805","Hex colour","server/_shared/rate-limit.ts","Not yet mapped to approved UAE Design System token","Requires review","Static extraction only"
"#3821","Hex colour","server/_shared/rate-limit.ts","Not yet mapped to approved UAE Design System token","Requires review","Static extraction only"
"#5850","Hex colour","server/_shared/redis.ts","Not yet mapped to approved UAE Design System token","Requires review","Static extraction only"
"#3539","Hex colour","server/_shared/redis.ts","Not yet mapped to approved UAE Design System token","Requires review","Static extraction only"
"#3381","Hex colour","server/_shared/redis.ts","Not yet mapped to approved UAE Design System token","Requires review","Static extraction only"
"#3530","Hex colour","server/_shared/redis.ts","Not yet mapped to approved UAE Design System token","Requires review","Static extraction only"
"#223","Hex colour","server/_shared/referral-code.ts","Not yet mapped to approved UAE Design System token","Requires review","Static extraction only"
"#2947","Hex colour","server/_shared/resilience-freshness.ts","Not yet mapped to approved UAE Design System token","Requires review","Static extraction only"
"#5695","Hex colour","server/_shared/sec-edgar.ts","Not yet mapped to approved UAE Design System token","Requires review","Static extraction only"
"#3754","Hex colour","server/_shared/sec-edgar.ts","Not yet mapped to approved UAE Design System token","Requires review","Static extraction only"
"#3755","Hex colour","server/_shared/sec-edgar.ts","Not yet mapped to approved UAE Design System token","Requires review","Static extraction only"
"#3734","Hex colour","server/_shared/simulation-queue.ts","Not yet mapped to approved UAE Design System token","Requires review","Static extraction only"
"#3811","Hex colour","server/_shared/simulation-queue.ts","Not yet mapped to approved UAE Design System token","Requires review","Static extraction only"
"#5235","Hex colour","server/_shared/turnstile.ts","Not yet mapped to approved UAE Design System token","Requires review","Static extraction only"
"#4866","Hex colour","server/_shared/usage-identity.ts","Not yet mapped to approved UAE Design System token","Requires review","Static extraction only"
"#4572","Hex colour","server/_shared/usage-identity.ts","Not yet mapped to approved UAE Design System token","Requires review","Static extraction only"
"#5231","Hex colour","server/_shared/usage.ts","Not yet mapped to approved UAE Design System token","Requires review","Static extraction only"
"#3199","Hex colour","server/_shared/usage.ts","Not yet mapped to approved UAE Design System token","Requires review","Static extraction only"
"#4866","Hex colour","server/_shared/usage.ts","Not yet mapped to approved UAE Design System token","Requires review","Static extraction only"
"#4572","Hex colour","server/_shared/usage.ts","Not yet mapped to approved UAE Design System token","Requires review","Static extraction only"
"#4895","Hex colour","server/_shared/usage.ts","Not yet mapped to approved UAE Design System token","Requires review","Static extraction only"
"#3381","Hex colour","server/_shared/usage.ts","Not yet mapped to approved UAE Design System token","Requires review","Static extraction only"
"#3207","Hex colour","server/alias-rewrite.ts","Not yet mapped to approved UAE Design System token","Requires review","Static extraction only"
"#5619","Hex colour","server/auth-session.ts","Not yet mapped to approved UAE Design System token","Requires review","Static extraction only"
"#5622","Hex colour","server/cors.ts","Not yet mapped to approved UAE Design System token","Requires review","Static extraction only"
"#5694","Hex colour","server/gateway.ts","Not yet mapped to approved UAE Design System token","Requires review","Static extraction only"
"#4595","Hex colour","server/gateway.ts","Not yet mapped to approved UAE Design System token","Requires review","Static extraction only"
"#3403","Hex colour","server/gateway.ts","Not yet mapped to approved UAE Design System token","Requires review","Static extraction only"
"#5619","Hex colour","server/gateway.ts","Not yet mapped to approved UAE Design System token","Requires review","Static extraction only"
"#3199","Hex colour","server/gateway.ts","Not yet mapped to approved UAE Design System token","Requires review","Static extraction only"
"#3705","Hex colour","server/gateway.ts","Not yet mapped to approved UAE Design System token","Requires review","Static extraction only"
"#4611","Hex colour","server/gateway.ts","Not yet mapped to approved UAE Design System token","Requires review","Static extraction only"
"#3541","Hex colour","server/gateway.ts","Not yet mapped to approved UAE Design System token","Requires review","Static extraction only"
"#3557","Hex colour","server/gateway.ts","Not yet mapped to approved UAE Design System token","Requires review","Static extraction only"
"#4770","Hex colour","server/gateway.ts","Not yet mapped to approved UAE Design System token","Requires review","Static extraction only"
"#5206","Hex colour","server/gateway.ts","Not yet mapped to approved UAE Design System token","Requires review","Static extraction only"
"#4635","Hex colour","server/gateway.ts","Not yet mapped to approved UAE Design System token","Requires review","Static extraction only"
"#4572","Hex colour","server/gateway.ts","Not yet mapped to approved UAE Design System token","Requires review","Static extraction only"
"#3756","Hex colour","server/worldmonitor/aviation/v1/_providers/travelpayouts_data.ts","Not yet mapped to approved UAE Design System token","Requires review","Static extraction only"
"#3795","Hex colour","server/worldmonitor/aviation/v1/_providers/travelpayouts_data.ts","Not yet mapped to approved UAE Design System token","Requires review","Static extraction only"
"#3707","Hex colour","server/worldmonitor/aviation/v1/_shared.ts","Not yet mapped to approved UAE Design System token","Requires review","Static extraction only"
"#3707","Hex colour","server/worldmonitor/aviation/v1/list-airport-delays.ts","Not yet mapped to approved UAE Design System token","Requires review","Static extraction only"
"#3756","Hex colour","server/worldmonitor/aviation/v1/search-flight-prices.ts","Not yet mapped to approved UAE Design System token","Requires review","Static extraction only"
"#3795","Hex colour","server/worldmonitor/aviation/v1/search-flight-prices.ts","Not yet mapped to approved UAE Design System token","Requires review","Static extraction only"
"#5554","Hex colour","server/worldmonitor/conflict/v1/get-humanitarian-summary-batch.ts","Not yet mapped to approved UAE Design System token","Requires review","Static extraction only"
"#5554","Hex colour","server/worldmonitor/conflict/v1/get-humanitarian-summary.ts","Not yet mapped to approved UAE Design System token","Requires review","Static extraction only"
"#5696","Hex colour","server/worldmonitor/displacement/v1/get-population-exposure.ts","Not yet mapped to approved UAE Design System token","Requires review","Static extraction only"
"#6066","Hex colour","server/worldmonitor/economic/v1/get-china-activity-nowcast.ts","Not yet mapped to approved UAE Design System token","Requires review","Static extraction only"
"#3811","Hex colour","server/worldmonitor/forecast/v1/get-simulation-outcome.ts","Not yet mapped to approved UAE Design System token","Requires review","Static extraction only"
"#3734","Hex colour","server/worldmonitor/forecast/v1/get-simulation-outcome.ts","Not yet mapped to approved UAE Design System token","Requires review","Static extraction only"
"#3734","Hex colour","server/worldmonitor/forecast/v1/trigger-simulation.ts","Not yet mapped to approved UAE Design System token","Requires review","Static extraction only"
"#3811","Hex colour","server/worldmonitor/forecast/v1/trigger-simulation.ts","Not yet mapped to approved UAE Design System token","Requires review","Static extraction only"
"#5866","Hex colour","server/worldmonitor/infrastructure/v1/list-temporal-anomalies.ts","Not yet mapped to approved UAE Design System token","Requires review","Static extraction only"
"#5695","Hex colour","server/worldmonitor/intelligence/v1/_company-shared.ts","Not yet mapped to approved UAE Design System token","Requires review","Static extraction only"
"#4892","Hex colour","server/worldmonitor/intelligence/v1/_country-brief-context.ts","Not yet mapped to approved UAE Design System token","Requires review","Static extraction only"
"#4944","Hex colour","server/worldmonitor/intelligence/v1/_country-brief-context.ts","Not yet mapped to approved UAE Design System token","Requires review","Static extraction only"
"#4898","Hex colour","server/worldmonitor/intelligence/v1/_country-brief-context.ts","Not yet mapped to approved UAE Design System token","Requires review","Static extraction only"
"#3480","Hex colour","server/worldmonitor/intelligence/v1/_shared.ts","Not yet mapped to approved UAE Design System token","Requires review","Static extraction only"
"#4944","Hex colour","server/worldmonitor/intelligence/v1/_shared.ts","Not yet mapped to approved UAE Design System token","Requires review","Static extraction only"
"#2971","Hex colour","server/worldmonitor/intelligence/v1/_shock-compute.ts","Not yet mapped to approved UAE Design System token","Requires review","Static extraction only"
"#3281","Hex colour","server/worldmonitor/intelligence/v1/brief-why-matters-prompt.ts","Not yet mapped to approved UAE Design System token","Requires review","Static extraction only"
"#3724","Hex colour","server/worldmonitor/intelligence/v1/chat-analyst-context.ts","Not yet mapped to approved UAE Design System token","Requires review","Static extraction only"
"#5850","Hex colour","server/worldmonitor/intelligence/v1/chat-analyst-context.ts","Not yet mapped to approved UAE Design System token","Requires review","Static extraction only"
"#5857","Hex colour","server/worldmonitor/intelligence/v1/chat-analyst-context.ts","Not yet mapped to approved UAE Design System token","Requires review","Static extraction only"
"#5856","Hex colour","server/worldmonitor/intelligence/v1/chat-analyst-context.ts","Not yet mapped to approved UAE Design System token","Requires review","Static extraction only"
"#5843","Hex colour","server/worldmonitor/intelligence/v1/chat-analyst-context.ts","Not yet mapped to approved UAE Design System token","Requires review","Static extraction only"
"#3724","Hex colour","server/worldmonitor/intelligence/v1/chat-analyst-prompt.ts","Not yet mapped to approved UAE Design System token","Requires review","Static extraction only"
"#2971","Hex colour","server/worldmonitor/intelligence/v1/compute-energy-shock.ts","Not yet mapped to approved UAE Design System token","Requires review","Static extraction only"
"#3724","Hex colour","server/worldmonitor/intelligence/v1/deduct-situation.ts","Not yet mapped to approved UAE Design System token","Requires review","Static extraction only"
"#5147","Hex colour","server/worldmonitor/intelligence/v1/deduct-situation.ts","Not yet mapped to approved UAE Design System token","Requires review","Static extraction only"
"#3539","Hex colour","server/worldmonitor/intelligence/v1/deduct-situation.ts","Not yet mapped to approved UAE Design System token","Requires review","Static extraction only"
"#3724","Hex colour","server/worldmonitor/intelligence/v1/deduction-prompt.ts","Not yet mapped to approved UAE Design System token","Requires review","Static extraction only"
"#5695","Hex colour","server/worldmonitor/intelligence/v1/get-company-enrichment.ts","Not yet mapped to approved UAE Design System token","Requires review","Static extraction only"
"#3754","Hex colour","server/worldmonitor/intelligence/v1/get-company-enrichment.ts","Not yet mapped to approved UAE Design System token","Requires review","Static extraction only"
"#3755","Hex colour","server/worldmonitor/intelligence/v1/get-company-enrichment.ts","Not yet mapped to approved UAE Design System token","Requires review","Static extraction only"
"#3777","Hex colour","server/worldmonitor/intelligence/v1/get-company-enrichment.ts","Not yet mapped to approved UAE Design System token","Requires review","Static extraction only"
"#4892","Hex colour","server/worldmonitor/intelligence/v1/get-country-intel-brief.ts","Not yet mapped to approved UAE Design System token","Requires review","Static extraction only"
"#4921","Hex colour","server/worldmonitor/intelligence/v1/get-country-intel-brief.ts","Not yet mapped to approved UAE Design System token","Requires review","Static extraction only"
"#2981","Hex colour","server/worldmonitor/intelligence/v1/get-regime-history.ts","Not yet mapped to approved UAE Design System token","Requires review","Static extraction only"
"#2989","Hex colour","server/worldmonitor/intelligence/v1/get-regional-brief.ts","Not yet mapped to approved UAE Design System token","Requires review","Static extraction only"
"#3738","Hex colour","server/worldmonitor/intelligence/v1/get-risk-scores.ts","Not yet mapped to approved UAE Design System token","Requires review","Static extraction only"
"#3739","Hex colour","server/worldmonitor/intelligence/v1/get-risk-scores.ts","Not yet mapped to approved UAE Design System token","Requires review","Static extraction only"
"#3725","Hex colour","server/worldmonitor/intelligence/v1/get-risk-scores.ts","Not yet mapped to approved UAE Design System token","Requires review","Static extraction only"
"#3562","Hex colour","server/worldmonitor/intelligence/v1/get-risk-scores.ts","Not yet mapped to approved UAE Design System token","Requires review","Static extraction only"
"#5695","Hex colour","server/worldmonitor/intelligence/v1/list-company-signals.ts","Not yet mapped to approved UAE Design System token","Requires review","Static extraction only"
"#3754","Hex colour","server/worldmonitor/intelligence/v1/list-company-signals.ts","Not yet mapped to approved UAE Design System token","Requires review","Static extraction only"
"#3755","Hex colour","server/worldmonitor/intelligence/v1/list-company-signals.ts","Not yet mapped to approved UAE Design System token","Requires review","Static extraction only"
"#3777","Hex colour","server/worldmonitor/intelligence/v1/list-company-signals.ts","Not yet mapped to approved UAE Design System token","Requires review","Static extraction only"
"#5695","Hex colour","server/worldmonitor/intelligence/v1/list-material-events.ts","Not yet mapped to approved UAE Design System token","Requires review","Static extraction only"
"#5843","Hex colour","server/worldmonitor/intelligence/v1/search-gdelt-documents.ts","Not yet mapped to approved UAE Design System token","Requires review","Static extraction only"
"#5695","Hex colour","server/worldmonitor/intelligence/v1/search-sec-filings.ts","Not yet mapped to approved UAE Design System token","Requires review","Static extraction only"
"-apple-system, BlinkMacSystemFont, 'Segoe UI', sans-serif","Font family declaration","server/worldmonitor/leads/v1/register-interest.ts","Not yet mapped to approved UAE Design System token","Requires review","Static extraction only"
"monospace","Font family declaration","server/worldmonitor/leads/v1/register-interest.ts","Not yet mapped to approved UAE Design System token","Requires review","Static extraction only"
"#0a0a0a","Hex colour","server/worldmonitor/leads/v1/register-interest.ts","Not yet mapped to approved UAE Design System token","Requires review","Static extraction only"
"#e0e0e0","Hex colour","server/worldmonitor/leads/v1/register-interest.ts","Not yet mapped to approved UAE Design System token","Requires review","Static extraction only"
"#4ade80","Hex colour","server/worldmonitor/leads/v1/register-interest.ts","Not yet mapped to approved UAE Design System token","Requires review","Static extraction only"
"#fff","Hex colour","server/worldmonitor/leads/v1/register-interest.ts","Not yet mapped to approved UAE Design System token","Requires review","Static extraction only"
"#111","Hex colour","server/worldmonitor/leads/v1/register-interest.ts","Not yet mapped to approved UAE Design System token","Requires review","Static extraction only"
"#1a1a1a","Hex colour","server/worldmonitor/leads/v1/register-interest.ts","Not yet mapped to approved UAE Design System token","Requires review","Static extraction only"
"#999","Hex colour","server/worldmonitor/leads/v1/register-interest.ts","Not yet mapped to approved UAE Design System token","Requires review","Static extraction only"
"#9889","Hex colour","server/worldmonitor/leads/v1/register-interest.ts","Not yet mapped to approved UAE Design System token","Requires review","Static extraction only"
"#888","Hex colour","server/worldmonitor/leads/v1/register-interest.ts","Not yet mapped to approved UAE Design System token","Requires review","Static extraction only"
"#129504","Hex colour","server/worldmonitor/leads/v1/register-interest.ts","Not yet mapped to approved UAE Design System token","Requires review","Static extraction only"
"#128232","Hex colour","server/worldmonitor/leads/v1/register-interest.ts","Not yet mapped to approved UAE Design System token","Requires review","Static extraction only"
"#128273","Hex colour","server/worldmonitor/leads/v1/register-interest.ts","Not yet mapped to approved UAE Design System token","Requires review","Static extraction only"
"#666","Hex colour","server/worldmonitor/leads/v1/register-interest.ts","Not yet mapped to approved UAE Design System token","Requires review","Static extraction only"
"#222","Hex colour","server/worldmonitor/leads/v1/register-interest.ts","Not yet mapped to approved UAE Design System token","Requires review","Static extraction only"
"#ccc","Hex colour","server/worldmonitor/leads/v1/register-interest.ts","Not yet mapped to approved UAE Design System token","Requires review","Static extraction only"
"#555","Hex colour","server/worldmonitor/leads/v1/register-interest.ts","Not yet mapped to approved UAE Design System token","Requires review","Static extraction only"
"#444","Hex colour","server/worldmonitor/leads/v1/register-interest.ts","Not yet mapped to approved UAE Design System token","Requires review","Static extraction only"
"50%","Border radius","server/worldmonitor/leads/v1/register-interest.ts","Not yet mapped to approved UAE Design System token","Requires review","Static extraction only"
"2px","Border radius","server/worldmonitor/leads/v1/register-interest.ts","Not yet mapped to approved UAE Design System token","Requires review","Static extraction only"
"-apple-system, sans-serif","Font family declaration","server/worldmonitor/leads/v1/submit-contact.ts","Not yet mapped to approved UAE Design System token","Requires review","Static extraction only"
"monospace","Font family declaration","server/worldmonitor/leads/v1/submit-contact.ts","Not yet mapped to approved UAE Design System token","Requires review","Static extraction only"
"#4ade80","Hex colour","server/worldmonitor/leads/v1/submit-contact.ts","Not yet mapped to approved UAE Design System token","Requires review","Static extraction only"
"#666","Hex colour","server/worldmonitor/leads/v1/submit-contact.ts","Not yet mapped to approved UAE Design System token","Requires review","Static extraction only"
"#999","Hex colour","server/worldmonitor/leads/v1/submit-contact.ts","Not yet mapped to approved UAE Design System token","Requires review","Static extraction only"
"#5445","Hex colour","server/worldmonitor/market/v1/analyze-stock.ts","Not yet mapped to approved UAE Design System token","Requires review","Static extraction only"
"#4922d","Hex colour","server/worldmonitor/market/v1/analyze-stock.ts","Not yet mapped to approved UAE Design System token","Requires review","Static extraction only"
"#3539","Hex colour","server/worldmonitor/market/v1/analyze-stock.ts","Not yet mapped to approved UAE Design System token","Requires review","Static extraction only"
"#3429","Hex colour","server/worldmonitor/news/v1/_classifier.ts","Not yet mapped to approved UAE Design System token","Requires review","Static extraction only"
"#5960","Hex colour","server/worldmonitor/news/v1/_feeds.ts","Not yet mapped to approved UAE Design System token","Requires review","Static extraction only"
"#5952","Hex colour","server/worldmonitor/news/v1/_feeds.ts","Not yet mapped to approved UAE Design System token","Requires review","Static extraction only"
"#5949","Hex colour","server/worldmonitor/news/v1/_feeds.ts","Not yet mapped to approved UAE Design System token","Requires review","Static extraction only"
"#5951","Hex colour","server/worldmonitor/news/v1/_feeds.ts","Not yet mapped to approved UAE Design System token","Requires review","Static extraction only"
"#5959","Hex colour","server/worldmonitor/news/v1/_feeds.ts","Not yet mapped to approved UAE Design System token","Requires review","Static extraction only"
"#5953","Hex colour","server/worldmonitor/news/v1/_feeds.ts","Not yet mapped to approved UAE Design System token","Requires review","Static extraction only"
"#6000","Hex colour","server/worldmonitor/news/v1/_feeds.ts","Not yet mapped to approved UAE Design System token","Requires review","Static extraction only"
"#5956","Hex colour","server/worldmonitor/news/v1/_feeds.ts","Not yet mapped to approved UAE Design System token","Requires review","Static extraction only"
"#5954","Hex colour","server/worldmonitor/news/v1/_feeds.ts","Not yet mapped to approved UAE Design System token","Requires review","Static extraction only"
"#3715","Hex colour","server/worldmonitor/news/v1/_feeds.ts","Not yet mapped to approved UAE Design System token","Requires review","Static extraction only"
"#3578","Hex colour","server/worldmonitor/news/v1/_feeds.ts","Not yet mapped to approved UAE Design System token","Requires review","Static extraction only"
"#3717","Hex colour","server/worldmonitor/news/v1/_feeds.ts","Not yet mapped to approved UAE Design System token","Requires review","Static extraction only"
"#5969","Hex colour","server/worldmonitor/news/v1/get-summarize-article-cache.ts","Not yet mapped to approved UAE Design System token","Requires review","Static extraction only"
"#4922a","Hex colour","server/worldmonitor/news/v1/list-feed-digest.ts","Not yet mapped to approved UAE Design System token","Requires review","Static extraction only"
"#3909","Hex colour","server/worldmonitor/news/v1/list-feed-digest.ts","Not yet mapped to approved UAE Design System token","Requires review","Static extraction only"
"#4920","Hex colour","server/worldmonitor/news/v1/list-feed-digest.ts","Not yet mapped to approved UAE Design System token","Requires review","Static extraction only"
"#128512","Hex colour","server/worldmonitor/news/v1/list-feed-digest.ts","Not yet mapped to approved UAE Design System token","Requires review","Static extraction only"
"#3429","Hex colour","server/worldmonitor/news/v1/list-feed-digest.ts","Not yet mapped to approved UAE Design System token","Requires review","Static extraction only"
"#3424","Hex colour","server/worldmonitor/news/v1/list-feed-digest.ts","Not yet mapped to approved UAE Design System token","Requires review","Static extraction only"
"#4919","Hex colour","server/worldmonitor/news/v1/list-feed-digest.ts","Not yet mapped to approved UAE Design System token","Requires review","Static extraction only"
"#4924","Hex colour","server/worldmonitor/news/v1/list-feed-digest.ts","Not yet mapped to approved UAE Design System token","Requires review","Static extraction only"
"#4927","Hex colour","server/worldmonitor/news/v1/list-feed-digest.ts","Not yet mapped to approved UAE Design System token","Requires review","Static extraction only"
"#4895","Hex colour","server/worldmonitor/news/v1/summarize-article.ts","Not yet mapped to approved UAE Design System token","Requires review","Static extraction only"
"#3706","Hex colour","server/worldmonitor/positive-events/v1/list-positive-geo-events.ts","Not yet mapped to approved UAE Design System token","Requires review","Static extraction only"
"#5733","Hex colour","server/worldmonitor/prediction/v1/list-prediction-markets.ts","Not yet mapped to approved UAE Design System token","Requires review","Static extraction only"
"#5427","Hex colour","server/worldmonitor/research/v1/list-tech-events.ts","Not yet mapped to approved UAE Design System token","Requires review","Static extraction only"
"#2947","Hex colour","server/worldmonitor/resilience/v1/_dimension-freshness.ts","Not yet mapped to approved UAE Design System token","Requires review","Static extraction only"
"#3787","Hex colour","server/worldmonitor/resilience/v1/_dimension-scorers.ts","Not yet mapped to approved UAE Design System token","Requires review","Static extraction only"
"#3971","Hex colour","server/worldmonitor/resilience/v1/_dimension-scorers.ts","Not yet mapped to approved UAE Design System token","Requires review","Static extraction only"
"#4008","Hex colour","server/worldmonitor/resilience/v1/_dimension-scorers.ts","Not yet mapped to approved UAE Design System token","Requires review","Static extraction only"
"#4009","Hex colour","server/worldmonitor/resilience/v1/_dimension-scorers.ts","Not yet mapped to approved UAE Design System token","Requires review","Static extraction only"
"#3385","Hex colour","server/worldmonitor/resilience/v1/_dimension-scorers.ts","Not yet mapped to approved UAE Design System token","Requires review","Static extraction only"
"#3380","Hex colour","server/worldmonitor/resilience/v1/_dimension-scorers.ts","Not yet mapped to approved UAE Design System token","Requires review","Static extraction only"
"#3305","Hex colour","server/worldmonitor/resilience/v1/_dimension-scorers.ts","Not yet mapped to approved UAE Design System token","Requires review","Static extraction only"
"#3319","Hex colour","server/worldmonitor/resilience/v1/_dimension-scorers.ts","Not yet mapped to approved UAE Design System token","Requires review","Static extraction only"
"#3407","Hex colour","server/worldmonitor/resilience/v1/_dimension-scorers.ts","Not yet mapped to approved UAE Design System token","Requires review","Static extraction only"
"#3744","Hex colour","server/worldmonitor/resilience/v1/_dimension-scorers.ts","Not yet mapped to approved UAE Design System token","Requires review","Static extraction only"
"#3737","Hex colour","server/worldmonitor/resilience/v1/_dimension-scorers.ts","Not yet mapped to approved UAE Design System token","Requires review","Static extraction only"
"#3736","Hex colour","server/worldmonitor/resilience/v1/_dimension-scorers.ts","Not yet mapped to approved UAE Design System token","Requires review","Static extraction only"
"#3407","Hex colour","server/worldmonitor/resilience/v1/_indicator-registry.ts","Not yet mapped to approved UAE Design System token","Requires review","Static extraction only"
"#3737","Hex colour","server/worldmonitor/resilience/v1/_indicator-registry.ts","Not yet mapped to approved UAE Design System token","Requires review","Static extraction only"
"#3736","Hex colour","server/worldmonitor/resilience/v1/_indicator-registry.ts","Not yet mapped to approved UAE Design System token","Requires review","Static extraction only"
"#3669","Hex colour","server/worldmonitor/resilience/v1/_indicator-registry.ts","Not yet mapped to approved UAE Design System token","Requires review","Static extraction only"
"#3305","Hex colour","server/worldmonitor/resilience/v1/_indicator-registry.ts","Not yet mapped to approved UAE Design System token","Requires review","Static extraction only"
"#3319","Hex colour","server/worldmonitor/resilience/v1/_indicator-registry.ts","Not yet mapped to approved UAE Design System token","Requires review","Static extraction only"
"#3764","Hex colour","server/worldmonitor/resilience/v1/_indicator-registry.ts","Not yet mapped to approved UAE Design System token","Requires review","Static extraction only"
"#3435","Hex colour","server/worldmonitor/resilience/v1/_rankable-universe.ts","Not yet mapped to approved UAE Design System token","Requires review","Static extraction only"
"#3971","Hex colour","server/worldmonitor/resilience/v1/_shared.ts","Not yet mapped to approved UAE Design System token","Requires review","Static extraction only"
"#4088","Hex colour","server/worldmonitor/resilience/v1/_shared.ts","Not yet mapped to approved UAE Design System token","Requires review","Static extraction only"
"#4101","Hex colour","server/worldmonitor/resilience/v1/_shared.ts","Not yet mapped to approved UAE Design System token","Requires review","Static extraction only"
"#4009","Hex colour","server/worldmonitor/resilience/v1/_shared.ts","Not yet mapped to approved UAE Design System token","Requires review","Static extraction only"
"#3967","Hex colour","server/worldmonitor/resilience/v1/_shared.ts","Not yet mapped to approved UAE Design System token","Requires review","Static extraction only"
"#3469","Hex colour","server/worldmonitor/resilience/v1/_shared.ts","Not yet mapped to approved UAE Design System token","Requires review","Static extraction only"
"#3472","Hex colour","server/worldmonitor/resilience/v1/get-resilience-ranking.ts","Not yet mapped to approved UAE Design System token","Requires review","Static extraction only"
"#3458","Hex colour","server/worldmonitor/resilience/v1/get-resilience-ranking.ts","Not yet mapped to approved UAE Design System token","Requires review","Static extraction only"
"#3242","Hex colour","server/worldmonitor/shipping/v2/register-webhook.ts","Not yet mapped to approved UAE Design System token","Requires review","Static extraction only"
"#6060","Hex colour","server/worldmonitor/supply-chain/v1/china-corridor-source-adapters.ts","Not yet mapped to approved UAE Design System token","Requires review","Static extraction only"
"#6066","Hex colour","server/worldmonitor/supply-chain/v1/china-corridor-source-adapters.ts","Not yet mapped to approved UAE Design System token","Requires review","Static extraction only"
"#6066","Hex colour","server/worldmonitor/supply-chain/v1/get-shipping-rates.ts","Not yet mapped to approved UAE Design System token","Requires review","Static extraction only"
"#6078","Hex colour","server/worldmonitor/supply-chain/v1/get-shipping-rates.ts","Not yet mapped to approved UAE Design System token","Requires review","Static extraction only"
"#6077","Hex colour","server/worldmonitor/supply-chain/v1/get-shipping-rates.ts","Not yet mapped to approved UAE Design System token","Requires review","Static extraction only"
"#5866","Hex colour","server/worldmonitor/wildfire/v1/list-fire-detections.ts","Not yet mapped to approved UAE Design System token","Requires review","Static extraction only"
"#1a1c1e","Hex colour","settings.html","Not yet mapped to approved UAE Design System token","Requires review","Static extraction only"
"#e8eaed","Hex colour","settings.html","Not yet mapped to approved UAE Design System token","Requires review","Static extraction only"
"#5696","Hex colour","shared/analysis-adapter-guards.ts","Not yet mapped to approved UAE Design System token","Requires review","Static extraction only"
"#5696","Hex colour","shared/analysis-alert-digest.ts","Not yet mapped to approved UAE Design System token","Requires review","Static extraction only"
"#5696","Hex colour","shared/analysis-composite-adapters.ts","Not yet mapped to approved UAE Design System token","Requires review","Static extraction only"
"#5386","Hex colour","shared/bootstrap-tier-keys.js","Not yet mapped to approved UAE Design System token","Requires review","Static extraction only"
"#3143","Hex colour","shared/brief-envelope.d.ts","Not yet mapped to approved UAE Design System token","Requires review","Static extraction only"
"#3139","Hex colour","shared/brief-envelope.d.ts","Not yet mapped to approved UAE Design System token","Requires review","Static extraction only"
"#3139","Hex colour","shared/brief-envelope.js","Not yet mapped to approved UAE Design System token","Requires review","Static extraction only"
"#3909","Hex colour","shared/brief-filter.js","Not yet mapped to approved UAE Design System token","Requires review","Static extraction only"
"#3697","Hex colour","shared/brief-filter.js","Not yet mapped to approved UAE Design System token","Requires review","Static extraction only"
"#3751","Hex colour","shared/brief-filter.js","Not yet mapped to approved UAE Design System token","Requires review","Static extraction only"
"#3752","Hex colour","shared/brief-filter.js","Not yet mapped to approved UAE Design System token","Requires review","Static extraction only"
"#4921","Hex colour","shared/brief-llm-core.d.ts","Not yet mapped to approved UAE Design System token","Requires review","Static extraction only"
"#4921","Hex colour","shared/brief-llm-core.js","Not yet mapped to approved UAE Design System token","Requires review","Static extraction only"
"#3269","Hex colour","shared/brief-llm-core.js","Not yet mapped to approved UAE Design System token","Requires review","Static extraction only"
"#3836","Hex colour","shared/brief-llm-core.js","Not yet mapped to approved UAE Design System token","Requires review","Static extraction only"
"#3667","Hex colour","shared/brief-llm-core.js","Not yet mapped to approved UAE Design System token","Requires review","Static extraction only"
"#5578","Hex colour","shared/china-activity-nowcast-registry.ts","Not yet mapped to approved UAE Design System token","Requires review","Static extraction only"
"#6067","Hex colour","shared/china-corridor-control-towers.ts","Not yet mapped to approved UAE Design System token","Requires review","Static extraction only"
"#4183","Hex colour","shared/collector-failure-metadata.js","Not yet mapped to approved UAE Design System token","Requires review","Static extraction only"
"#5575","Hex colour","shared/decision-signal-provenance-families.ts","Not yet mapped to approved UAE Design System token","Requires review","Static extraction only"
"#5580","Hex colour","shared/decision-signal-provenance-families.ts","Not yet mapped to approved UAE Design System token","Requires review","Static extraction only"
"#5571","Hex colour","shared/decision-signal-provenance.ts","Not yet mapped to approved UAE Design System token","Requires review","Static extraction only"
"#5697","Hex colour","shared/entity-extraction-core.js","Not yet mapped to approved UAE Design System token","Requires review","Static extraction only"
"#5697","Hex colour","shared/entity-registry.js","Not yet mapped to approved UAE Design System token","Requires review","Static extraction only"
"#5697","Hex colour","shared/keyword-spike-core.js","Not yet mapped to approved UAE Design System token","Requires review","Static extraction only"
"#5697","Hex colour","shared/news-clustering-core.js","Not yet mapped to approved UAE Design System token","Requires review","Static extraction only"
"#5950","Hex colour","shared/source-provenance.ts","Not yet mapped to approved UAE Design System token","Requires review","Static extraction only"
"#5951","Hex colour","shared/source-provenance.ts","Not yet mapped to approved UAE Design System token","Requires review","Static extraction only"
"#5959","Hex colour","shared/source-provenance.ts","Not yet mapped to approved UAE Design System token","Requires review","Static extraction only"
"#5952","Hex colour","shared/source-provenance.ts","Not yet mapped to approved UAE Design System token","Requires review","Static extraction only"
"#5960","Hex colour","shared/source-provenance.ts","Not yet mapped to approved UAE Design System token","Requires review","Static extraction only"
"#5953","Hex colour","shared/source-provenance.ts","Not yet mapped to approved UAE Design System token","Requires review","Static extraction only"
"#5954","Hex colour","shared/source-provenance.ts","Not yet mapped to approved UAE Design System token","Requires review","Static extraction only"
"#4919","Hex colour","shared/story-identity.d.ts","Not yet mapped to approved UAE Design System token","Requires review","Static extraction only"
"#4919","Hex colour","shared/story-identity.js","Not yet mapped to approved UAE Design System token","Requires review","Static extraction only"
"#4924","Hex colour","shared/story-identity.js","Not yet mapped to approved UAE Design System token","Requires review","Static extraction only"
"#5697","Hex colour","shared/text-analysis-core.js","Not yet mapped to approved UAE Design System token","Requires review","Static extraction only"
"#4922","Hex colour","shared/ticker-extract.d.ts","Not yet mapped to approved UAE Design System token","Requires review","Static extraction only"
"#4922","Hex colour","shared/ticker-extract.js","Not yet mapped to approved UAE Design System token","Requires review","Static extraction only"
"#3419","Hex colour","shared/url-classifier.js","Not yet mapped to approved UAE Design System token","Requires review","Static extraction only"
"#4486","Hex colour","src/App.ts","Not yet mapped to approved UAE Design System token","Requires review","Static extraction only"
"#4403","Hex colour","src/App.ts","Not yet mapped to approved UAE Design System token","Requires review","Static extraction only"
"#5674","Hex colour","src/App.ts","Not yet mapped to approved UAE Design System token","Requires review","Static extraction only"
"#6045","Hex colour","src/App.ts","Not yet mapped to approved UAE Design System token","Requires review","Static extraction only"
"#3386","Hex colour","src/App.ts","Not yet mapped to approved UAE Design System token","Requires review","Static extraction only"
"#1911","Hex colour","src/App.ts","Not yet mapped to approved UAE Design System token","Requires review","Static extraction only"
"#5949","Hex colour","src/App.ts","Not yet mapped to approved UAE Design System token","Requires review","Static extraction only"
"#6000","Hex colour","src/App.ts","Not yet mapped to approved UAE Design System token","Requires review","Static extraction only"
"#5975","Hex colour","src/App.ts","Not yet mapped to approved UAE Design System token","Requires review","Static extraction only"
"#5976","Hex colour","src/App.ts","Not yet mapped to approved UAE Design System token","Requires review","Static extraction only"
"#5977","Hex colour","src/App.ts","Not yet mapped to approved UAE Design System token","Requires review","Static extraction only"
"#5980","Hex colour","src/App.ts","Not yet mapped to approved UAE Design System token","Requires review","Static extraction only"
"#5960","Hex colour","src/App.ts","Not yet mapped to approved UAE Design System token","Requires review","Static extraction only"
"#4512","Hex colour","src/App.ts","Not yet mapped to approved UAE Design System token","Requires review","Static extraction only"
"#3541","Hex colour","src/App.ts","Not yet mapped to approved UAE Design System token","Requires review","Static extraction only"
"#4488","Hex colour","src/App.ts","Not yet mapped to approved UAE Design System token","Requires review","Static extraction only"
"#3295","Hex colour","src/App.ts","Not yet mapped to approved UAE Design System token","Requires review","Static extraction only"
"#3409","Hex colour","src/App.ts","Not yet mapped to approved UAE Design System token","Requires review","Static extraction only"
"#3990","Hex colour","src/App.ts","Not yet mapped to approved UAE Design System token","Requires review","Static extraction only"
"#5952","Hex colour","src/App.ts","Not yet mapped to approved UAE Design System token","Requires review","Static extraction only"
"#4907","Hex colour","src/App.ts","Not yet mapped to approved UAE Design System token","Requires review","Static extraction only"
"#4890","Hex colour","src/App.ts","Not yet mapped to approved UAE Design System token","Requires review","Static extraction only"
"#4512","Hex colour","src/app/app-context.ts","Not yet mapped to approved UAE Design System token","Requires review","Static extraction only"
"#5376","Hex colour","src/app/app-context.ts","Not yet mapped to approved UAE Design System token","Requires review","Static extraction only"
"#4486","Hex colour","src/app/country-intel.ts","Not yet mapped to approved UAE Design System token","Requires review","Static extraction only"
"#4571","Hex colour","src/app/country-intel.ts","Not yet mapped to approved UAE Design System token","Requires review","Static extraction only"
"#4617","Hex colour","src/app/country-intel.ts","Not yet mapped to approved UAE Design System token","Requires review","Static extraction only"
"#3027","Hex colour","src/app/country-intel.ts","Not yet mapped to approved UAE Design System token","Requires review","Static extraction only"
"#2972","Hex colour","src/app/country-intel.ts","Not yet mapped to approved UAE Design System token","Requires review","Static extraction only"
"#4571","Hex colour","src/app/data-loader.ts","Not yet mapped to approved UAE Design System token","Requires review","Static extraction only"
"#4404","Hex colour","src/app/data-loader.ts","Not yet mapped to approved UAE Design System token","Requires review","Static extraction only"
"#5697","Hex colour","src/app/data-loader.ts","Not yet mapped to approved UAE Design System token","Requires review","Static extraction only"
"#4922a","Hex colour","src/app/data-loader.ts","Not yet mapped to approved UAE Design System token","Requires review","Static extraction only"
"#5873","Hex colour","src/app/data-loader.ts","Not yet mapped to approved UAE Design System token","Requires review","Static extraction only"
"#5165","Hex colour","src/app/data-loader.ts","Not yet mapped to approved UAE Design System token","Requires review","Static extraction only"
"#4512","Hex colour","src/app/data-loader.ts","Not yet mapped to approved UAE Design System token","Requires review","Static extraction only"
"#5877","Hex colour","src/app/data-loader.ts","Not yet mapped to approved UAE Design System token","Requires review","Static extraction only"
"#5376","Hex colour","src/app/data-loader.ts","Not yet mapped to approved UAE Design System token","Requires review","Static extraction only"
"#3718","Hex colour","src/app/data-loader.ts","Not yet mapped to approved UAE Design System token","Requires review","Static extraction only"
"#4922","Hex colour","src/app/data-loader.ts","Not yet mapped to approved UAE Design System token","Requires review","Static extraction only"
"#5300","Hex colour","src/app/data-loader.ts","Not yet mapped to approved UAE Design System token","Requires review","Static extraction only"
"#4403","Hex colour","src/app/event-handlers.ts","Not yet mapped to approved UAE Design System token","Requires review","Static extraction only"
"#6045","Hex colour","src/app/event-handlers.ts","Not yet mapped to approved UAE Design System token","Requires review","Static extraction only"
"#5632","Hex colour","src/app/event-handlers.ts","Not yet mapped to approved UAE Design System token","Requires review","Static extraction only"
"#5376","Hex colour","src/app/event-handlers.ts","Not yet mapped to approved UAE Design System token","Requires review","Static extraction only"
"#5165","Hex colour","src/app/hydration-scheduler.ts","Not yet mapped to approved UAE Design System token","Requires review","Static extraction only"
"#5877","Hex colour","src/app/news-digest-acceptance.ts","Not yet mapped to approved UAE Design System token","Requires review","Static extraction only"
"#5376","Hex colour","src/app/news-feed-rotation.ts","Not yet mapped to approved UAE Design System token","Requires review","Static extraction only"
"#5873","Hex colour","src/app/news-feed-rotation.ts","Not yet mapped to approved UAE Design System token","Requires review","Static extraction only"
"#5376","Hex colour","src/app/news-loader-sequencing.ts","Not yet mapped to approved UAE Design System token","Requires review","Static extraction only"
"#5871","Hex colour","src/app/news-panel-keys.ts","Not yet mapped to approved UAE Design System token","Requires review","Static extraction only"
"#5376","Hex colour","src/app/news-panel-keys.ts","Not yet mapped to approved UAE Design System token","Requires review","Static extraction only"
"#257","Hex colour","src/app/panel-layout.ts","Not yet mapped to approved UAE Design System token","Requires review","Static extraction only"
"#5871","Hex colour","src/app/panel-layout.ts","Not yet mapped to approved UAE Design System token","Requires review","Static extraction only"
"#4382","Hex colour","src/app/panel-layout.ts","Not yet mapped to approved UAE Design System token","Requires review","Static extraction only"
"#4490","Hex colour","src/app/panel-layout.ts","Not yet mapped to approved UAE Design System token","Requires review","Static extraction only"
"#4931","Hex colour","src/app/panel-layout.ts","Not yet mapped to approved UAE Design System token","Requires review","Static extraction only"
"#4934","Hex colour","src/app/panel-layout.ts","Not yet mapped to approved UAE Design System token","Requires review","Static extraction only"
"#4771","Hex colour","src/app/panel-layout.ts","Not yet mapped to approved UAE Design System token","Requires review","Static extraction only"
"#5159","Hex colour","src/app/panel-layout.ts","Not yet mapped to approved UAE Design System token","Requires review","Static extraction only"
"#5205","Hex colour","src/app/panel-layout.ts","Not yet mapped to approved UAE Design System token","Requires review","Static extraction only"
"#5201","Hex colour","src/app/panel-layout.ts","Not yet mapped to approved UAE Design System token","Requires review","Static extraction only"
"#4512","Hex colour","src/app/panel-layout.ts","Not yet mapped to approved UAE Design System token","Requires review","Static extraction only"
"#5376","Hex colour","src/app/panel-layout.ts","Not yet mapped to approved UAE Design System token","Requires review","Static extraction only"
"#5332","Hex colour","src/app/panel-layout.ts","Not yet mapped to approved UAE Design System token","Requires review","Static extraction only"
"#4459","Hex colour","src/app/panel-layout.ts","Not yet mapped to approved UAE Design System token","Requires review","Static extraction only"
"#4404","Hex colour","src/app/panel-layout.ts","Not yet mapped to approved UAE Design System token","Requires review","Static extraction only"
"#3505","Hex colour","src/app/panel-layout.ts","Not yet mapped to approved UAE Design System token","Requires review","Static extraction only"
"#3990","Hex colour","src/app/panel-layout.ts","Not yet mapped to approved UAE Design System token","Requires review","Static extraction only"
"#6045","Hex colour","src/app/panel-layout.ts","Not yet mapped to approved UAE Design System token","Requires review","Static extraction only"
"#4460","Hex colour","src/app/panel-mount-deferral.ts","Not yet mapped to approved UAE Design System token","Requires review","Static extraction only"
"#4443","Hex colour","src/app/panel-mount-deferral.ts","Not yet mapped to approved UAE Design System token","Requires review","Static extraction only"
"#5621","Hex colour","src/app/pro-activation-controller.ts","Not yet mapped to approved UAE Design System token","Requires review","Static extraction only"
"#5607","Hex colour","src/app/pro-activation-controller.ts","Not yet mapped to approved UAE Design System token","Requires review","Static extraction only"
"#6045","Hex colour","src/app/search-manager.ts","Not yet mapped to approved UAE Design System token","Requires review","Static extraction only"
"#3366","Hex colour","src/app/search-manager.ts","Not yet mapped to approved UAE Design System token","Requires review","Static extraction only"
"#5332","Hex colour","src/bootstrap/cls-mover-tracker.ts","Not yet mapped to approved UAE Design System token","Requires review","Static extraction only"
"#4580","Hex colour","src/bootstrap/cls-mover-tracker.ts","Not yet mapped to approved UAE Design System token","Requires review","Static extraction only"
"#5137","Hex colour","src/bootstrap/cls-mover-tracker.ts","Not yet mapped to approved UAE Design System token","Requires review","Static extraction only"
"#5333","Hex colour","src/bootstrap/cls-mover-tracker.ts","Not yet mapped to approved UAE Design System token","Requires review","Static extraction only"
"#4580","Hex colour","src/bootstrap/cls-report.ts","Not yet mapped to approved UAE Design System token","Requires review","Static extraction only"
"#4565","Hex colour","src/bootstrap/cls-report.ts","Not yet mapped to approved UAE Design System token","Requires review","Static extraction only"
"#5332","Hex colour","src/bootstrap/cls-report.ts","Not yet mapped to approved UAE Design System token","Requires review","Static extraction only"
"#5368","Hex colour","src/bootstrap/globe-marker-probe.ts","Not yet mapped to approved UAE Design System token","Requires review","Static extraction only"
"#5336","Hex colour","src/bootstrap/globe-marker-probe.ts","Not yet mapped to approved UAE Design System token","Requires review","Static extraction only"
"#4537","Hex colour","src/bootstrap/inp-report.ts","Not yet mapped to approved UAE Design System token","Requires review","Static extraction only"
"#4565","Hex colour","src/bootstrap/inp-report.ts","Not yet mapped to approved UAE Design System token","Requires review","Static extraction only"
"#5368","Hex colour","src/bootstrap/inp-report.ts","Not yet mapped to approved UAE Design System token","Requires review","Static extraction only"
"#4512","Hex colour","src/bootstrap/lcp-attribution.ts","Not yet mapped to approved UAE Design System token","Requires review","Static extraction only"
"#5079","Hex colour","src/bootstrap/lcp-report.ts","Not yet mapped to approved UAE Design System token","Requires review","Static extraction only"
"#4565","Hex colour","src/bootstrap/lcp-report.ts","Not yet mapped to approved UAE Design System token","Requires review","Static extraction only"
"#3994","Hex colour","src/bootstrap/sentry-defer.ts","Not yet mapped to approved UAE Design System token","Requires review","Static extraction only"
"#3466","Hex colour","src/bootstrap/stale-bundle-check.ts","Not yet mapped to approved UAE Design System token","Requires review","Static extraction only"
"#3499","Hex colour","src/bootstrap/stale-bundle-check.ts","Not yet mapped to approved UAE Design System token","Requires review","Static extraction only"
"#4565","Hex colour","src/bootstrap/web-vitals-utils.ts","Not yet mapped to approved UAE Design System token","Requires review","Static extraction only"
"#e74c3c","Hex colour","src/components/AAIISentimentPanel.ts","Not yet mapped to approved UAE Design System token","Requires review","Static extraction only"
"#e67e22","Hex colour","src/components/AAIISentimentPanel.ts","Not yet mapped to approved UAE Design System token","Requires review","Static extraction only"
"#f39c12","Hex colour","src/components/AAIISentimentPanel.ts","Not yet mapped to approved UAE Design System token","Requires review","Static extraction only"
"#95a5a6","Hex colour","src/components/AAIISentimentPanel.ts","Not yet mapped to approved UAE Design System token","Requires review","Static extraction only"
"#27ae60","Hex colour","src/components/AAIISentimentPanel.ts","Not yet mapped to approved UAE Design System token","Requires review","Static extraction only"
"#2ecc71","Hex colour","src/components/AAIISentimentPanel.ts","Not yet mapped to approved UAE Design System token","Requires review","Static extraction only"
"#9432","Hex colour","src/components/AAIISentimentPanel.ts","Not yet mapped to approved UAE Design System token","Requires review","Static extraction only"
"#9888","Hex colour","src/components/AAIISentimentPanel.ts","Not yet mapped to approved UAE Design System token","Requires review","Static extraction only"
"3px"">","Border radius","src/components/AAIISentimentPanel.ts","Not yet mapped to approved UAE Design System token","Requires review","Static extraction only"
"3px","Border radius","src/components/AAIISentimentPanel.ts","Not yet mapped to approved UAE Design System token","Requires review","Static extraction only"
"4px"">","Border radius","src/components/AAIISentimentPanel.ts","Not yet mapped to approved UAE Design System token","Requires review","Static extraction only"
"4px","Border radius","src/components/AAIISentimentPanel.ts","Not yet mapped to approved UAE Design System token","Requires review","Static extraction only"
"6px","Border radius","src/components/AAIISentimentPanel.ts","Not yet mapped to approved UAE Design System token","Requires review","Static extraction only"
"#22c55e","Hex colour","src/components/AirlineIntelPanel.ts","Not yet mapped to approved UAE Design System token","Requires review","Static extraction only"
"#f59e0b","Hex colour","src/components/AirlineIntelPanel.ts","Not yet mapped to approved UAE Design System token","Requires review","Static extraction only"
"#f97316","Hex colour","src/components/AirlineIntelPanel.ts","Not yet mapped to approved UAE Design System token","Requires review","Static extraction only"
"#ef4444","Hex colour","src/components/AirlineIntelPanel.ts","Not yet mapped to approved UAE Design System token","Requires review","Static extraction only"
"#dc2626","Hex colour","src/components/AirlineIntelPanel.ts","Not yet mapped to approved UAE Design System token","Requires review","Static extraction only"
"#3707","Hex colour","src/components/AirlineIntelPanel.ts","Not yet mapped to approved UAE Design System token","Requires review","Static extraction only"
"#9ca3af","Hex colour","src/components/AirlineIntelPanel.ts","Not yet mapped to approved UAE Design System token","Requires review","Static extraction only"
"#6b7280","Hex colour","src/components/AirlineIntelPanel.ts","Not yet mapped to approved UAE Design System token","Requires review","Static extraction only"
"#3b82f6","Hex colour","src/components/AirlineIntelPanel.ts","Not yet mapped to approved UAE Design System token","Requires review","Static extraction only"
"#8b5cf6","Hex colour","src/components/AirlineIntelPanel.ts","Not yet mapped to approved UAE Design System token","Requires review","Static extraction only"
"#14b8a6","Hex colour","src/components/AirlineIntelPanel.ts","Not yet mapped to approved UAE Design System token","Requires review","Static extraction only"
"#0ea5e9","Hex colour","src/components/AirlineIntelPanel.ts","Not yet mapped to approved UAE Design System token","Requires review","Static extraction only"
"#aaa","Hex colour","src/components/AirlineIntelPanel.ts","Not yet mapped to approved UAE Design System token","Requires review","Static extraction only"
"#2a2a2a","Hex colour","src/components/AirlineIntelPanel.ts","Not yet mapped to approved UAE Design System token","Requires review","Static extraction only"
"#888","Hex colour","src/components/AirlineIntelPanel.ts","Not yet mapped to approved UAE Design System token","Requires review","Static extraction only"
"inherit","Font family declaration","src/components/AviationCommandBar.ts","Not yet mapped to approved UAE Design System token","Requires review","Static extraction only"
"#3707","Hex colour","src/components/AviationCommandBar.ts","Not yet mapped to approved UAE Design System token","Requires review","Static extraction only"
"#7d7d8a","Hex colour","src/components/AviationCommandBar.ts","Not yet mapped to approved UAE Design System token","Requires review","Static extraction only"
"#22c55e","Hex colour","src/components/AviationCommandBar.ts","Not yet mapped to approved UAE Design System token","Requires review","Static extraction only"
"#f59e0b","Hex colour","src/components/AviationCommandBar.ts","Not yet mapped to approved UAE Design System token","Requires review","Static extraction only"
"#ef4444","Hex colour","src/components/AviationCommandBar.ts","Not yet mapped to approved UAE Design System token","Requires review","Static extraction only"
"#9ca3af","Hex colour","src/components/AviationCommandBar.ts","Not yet mapped to approved UAE Design System token","Requires review","Static extraction only"
"#f97316","Hex colour","src/components/AviationCommandBar.ts","Not yet mapped to approved UAE Design System token","Requires review","Static extraction only"
"#44ff88","Hex colour","src/components/AviationCommandBar.ts","Not yet mapped to approved UAE Design System token","Requires review","Static extraction only"
"#2a2a2a","Hex colour","src/components/AviationCommandBar.ts","Not yet mapped to approved UAE Design System token","Requires review","Static extraction only"
"#6b7280","Hex colour","src/components/AviationCommandBar.ts","Not yet mapped to approved UAE Design System token","Requires review","Static extraction only"
"#e8e8e8","Hex colour","src/components/AviationCommandBar.ts","Not yet mapped to approved UAE Design System token","Requires review","Static extraction only"
"#3756","Hex colour","src/components/AviationCommandBar.ts","Not yet mapped to approved UAE Design System token","Requires review","Static extraction only"
"#60a5fa","Hex colour","src/components/AviationCommandBar.ts","Not yet mapped to approved UAE Design System token","Requires review","Static extraction only"
"#0a0a0a","Hex colour","src/components/AviationCommandBar.ts","Not yet mapped to approved UAE Design System token","Requires review","Static extraction only"
"#141414","Hex colour","src/components/AviationCommandBar.ts","Not yet mapped to approved UAE Design System token","Requires review","Static extraction only"
"3px","Border radius","src/components/AviationCommandBar.ts","Not yet mapped to approved UAE Design System token","Requires review","Static extraction only"
"4px","Border radius","src/components/AviationCommandBar.ts","Not yet mapped to approved UAE Design System token","Requires review","Static extraction only"
"2px"">${escapeHtml(c)}</button>`","Border radius","src/components/AviationCommandBar.ts","Not yet mapped to approved UAE Design System token","Requires review","Static extraction only"
"8px","Border radius","src/components/AviationCommandBar.ts","Not yet mapped to approved UAE Design System token","Requires review","Static extraction only"
"#4634","Hex colour","src/components/BusinessSeatsSection.ts","Not yet mapped to approved UAE Design System token","Requires review","Static extraction only"
"#4635","Hex colour","src/components/BusinessSeatsSection.ts","Not yet mapped to approved UAE Design System token","Requires review","Static extraction only"
"#22c55e","Hex colour","src/components/BusinessSeatsSection.ts","Not yet mapped to approved UAE Design System token","Requires review","Static extraction only"
"#666","Hex colour","src/components/BusinessSeatsSection.ts","Not yet mapped to approved UAE Design System token","Requires review","Static extraction only"
"#eab308","Hex colour","src/components/BusinessSeatsSection.ts","Not yet mapped to approved UAE Design System token","Requires review","Static extraction only"
"#1a1a1a","Hex colour","src/components/BusinessSeatsSection.ts","Not yet mapped to approved UAE Design System token","Requires review","Static extraction only"
"#0d0d0d","Hex colour","src/components/BusinessSeatsSection.ts","Not yet mapped to approved UAE Design System token","Requires review","Static extraction only"
"#fff","Hex colour","src/components/BusinessSeatsSection.ts","Not yet mapped to approved UAE Design System token","Requires review","Static extraction only"
"#888","Hex colour","src/components/BusinessSeatsSection.ts","Not yet mapped to approved UAE Design System token","Requires review","Static extraction only"
"#999","Hex colour","src/components/BusinessSeatsSection.ts","Not yet mapped to approved UAE Design System token","Requires review","Static extraction only"
"#ef4444","Hex colour","src/components/BusinessSeatsSection.ts","Not yet mapped to approved UAE Design System token","Requires review","Static extraction only"
"#111","Hex colour","src/components/BusinessSeatsSection.ts","Not yet mapped to approved UAE Design System token","Requires review","Static extraction only"
"6px","Border radius","src/components/BusinessSeatsSection.ts","Not yet mapped to approved UAE Design System token","Requires review","Static extraction only"
"50%","Border radius","src/components/BusinessSeatsSection.ts","Not yet mapped to approved UAE Design System token","Requires review","Static extraction only"
"4px","Border radius","src/components/BusinessSeatsSection.ts","Not yet mapped to approved UAE Design System token","Requires review","Static extraction only"
"#3725","Hex colour","src/components/CIIPanel.ts","Not yet mapped to approved UAE Design System token","Requires review","Static extraction only"
"#5600","Hex colour","src/components/ChatAnalystPanel.ts","Not yet mapped to approved UAE Design System token","Requires review","Static extraction only"
"#5608","Hex colour","src/components/ChatAnalystPanel.ts","Not yet mapped to approved UAE Design System token","Requires review","Static extraction only"
"#5622","Hex colour","src/components/ChatAnalystPanel.ts","Not yet mapped to approved UAE Design System token","Requires review","Static extraction only"
"#4537","Hex colour","src/components/ChatAnalystPanel.ts","Not yet mapped to approved UAE Design System token","Requires review","Static extraction only"
"#e74c3c","Hex colour","src/components/ChokepointStripPanel.ts","Not yet mapped to approved UAE Design System token","Requires review","Static extraction only"
"#e67e22","Hex colour","src/components/ChokepointStripPanel.ts","Not yet mapped to approved UAE Design System token","Requires review","Static extraction only"
"#f39c12","Hex colour","src/components/ChokepointStripPanel.ts","Not yet mapped to approved UAE Design System token","Requires review","Static extraction only"
"#2ecc71","Hex colour","src/components/ChokepointStripPanel.ts","Not yet mapped to approved UAE Design System token","Requires review","Static extraction only"
"#eee","Hex colour","src/components/ChokepointStripPanel.ts","Not yet mapped to approved UAE Design System token","Requires review","Static extraction only"
"#fff","Hex colour","src/components/ChokepointStripPanel.ts","Not yet mapped to approved UAE Design System token","Requires review","Static extraction only"
"#888","Hex colour","src/components/ChokepointStripPanel.ts","Not yet mapped to approved UAE Design System token","Requires review","Static extraction only"
"8px","Border radius","src/components/ChokepointStripPanel.ts","Not yet mapped to approved UAE Design System token","Requires review","Static extraction only"
"50%","Border radius","src/components/ChokepointStripPanel.ts","Not yet mapped to approved UAE Design System token","Requires review","Static extraction only"
"9px","Border radius","src/components/ChokepointStripPanel.ts","Not yet mapped to approved UAE Design System token","Requires review","Static extraction only"
"#888888","Hex colour","src/components/CorrelationPanel.ts","Not yet mapped to approved UAE Design System token","Requires review","Static extraction only"
"#6f6f6f","Hex colour","src/components/CorrelationPanel.ts","Not yet mapped to approved UAE Design System token","Requires review","Static extraction only"
"#4418","Hex colour","src/components/CorrelationPanel.ts","Not yet mapped to approved UAE Design System token","Requires review","Static extraction only"
"#4421","Hex colour","src/components/CorrelationPanel.ts","Not yet mapped to approved UAE Design System token","Requires review","Static extraction only"
"#ff4444","Hex colour","src/components/CorrelationPanel.ts","Not yet mapped to approved UAE Design System token","Requires review","Static extraction only"
"#ff8800","Hex colour","src/components/CorrelationPanel.ts","Not yet mapped to approved UAE Design System token","Requires review","Static extraction only"
"#ffcc00","Hex colour","src/components/CorrelationPanel.ts","Not yet mapped to approved UAE Design System token","Requires review","Static extraction only"
"#44cc44","Hex colour","src/components/CorrelationPanel.ts","Not yet mapped to approved UAE Design System token","Requires review","Static extraction only"
"10px","Border radius","src/components/CorrelationPanel.ts","Not yet mapped to approved UAE Design System token","Requires review","Static extraction only"
"6px","Border radius","src/components/CorrelationPanel.ts","Not yet mapped to approved UAE Design System token","Requires review","Static extraction only"
"3px","Border radius","src/components/CorrelationPanel.ts","Not yet mapped to approved UAE Design System token","Requires review","Static extraction only"
"4px","Border radius","src/components/CorrelationPanel.ts","Not yet mapped to approved UAE Design System token","Requires review","Static extraction only"
"#2ecc71","Hex colour","src/components/CotPositioningPanel.ts","Not yet mapped to approved UAE Design System token","Requires review","Static extraction only"
"#e74c3c","Hex colour","src/components/CotPositioningPanel.ts","Not yet mapped to approved UAE Design System token","Requires review","Static extraction only"
"2px"">","Border radius","src/components/CotPositioningPanel.ts","Not yet mapped to approved UAE Design System token","Requires review","Static extraction only"
"1px""></div>","Border radius","src/components/CotPositioningPanel.ts","Not yet mapped to approved UAE Design System token","Requires review","Static extraction only"
"-apple-system, BlinkMacSystemFont, 'Segoe UI', Roboto, sans-serif","Font family declaration","src/components/CountryBriefPage.ts","Not yet mapped to approved UAE Design System token","Requires review","Static extraction only"
"#fff","Hex colour","src/components/CountryBriefPage.ts","Not yet mapped to approved UAE Design System token","Requires review","Static extraction only"
"#111","Hex colour","src/components/CountryBriefPage.ts","Not yet mapped to approved UAE Design System token","Requires review","Static extraction only"
"#2973","Hex colour","src/components/CountryDeepDivePanel.ts","Not yet mapped to approved UAE Design System token","Requires review","Static extraction only"
"#ef4444","Hex colour","src/components/CountryDeepDivePanel.ts","Not yet mapped to approved UAE Design System token","Requires review","Static extraction only"
"#f59e0b","Hex colour","src/components/CountryDeepDivePanel.ts","Not yet mapped to approved UAE Design System token","Requires review","Static extraction only"
"#64748b","Hex colour","src/components/CountryDeepDivePanel.ts","Not yet mapped to approved UAE Design System token","Requires review","Static extraction only"
"#6b6b6b","Hex colour","src/components/CountryDeepDivePanel.ts","Not yet mapped to approved UAE Design System token","Requires review","Static extraction only"
"#8B4513","Hex colour","src/components/CountryDeepDivePanel.ts","Not yet mapped to approved UAE Design System token","Requires review","Static extraction only"
"#D2691E","Hex colour","src/components/CountryDeepDivePanel.ts","Not yet mapped to approved UAE Design System token","Requires review","Static extraction only"
"#6A0DAD","Hex colour","src/components/CountryDeepDivePanel.ts","Not yet mapped to approved UAE Design System token","Requires review","Static extraction only"
"#1E90FF","Hex colour","src/components/CountryDeepDivePanel.ts","Not yet mapped to approved UAE Design System token","Requires review","Static extraction only"
"#87CEEB","Hex colour","src/components/CountryDeepDivePanel.ts","Not yet mapped to approved UAE Design System token","Requires review","Static extraction only"
"#FFD700","Hex colour","src/components/CountryDeepDivePanel.ts","Not yet mapped to approved UAE Design System token","Requires review","Static extraction only"
"#32CD32","Hex colour","src/components/CountryDeepDivePanel.ts","Not yet mapped to approved UAE Design System token","Requires review","Static extraction only"
"#22c55e","Hex colour","src/components/CountryDeepDivePanel.ts","Not yet mapped to approved UAE Design System token","Requires review","Static extraction only"
"#6b7280","Hex colour","src/components/CountryDeepDivePanel.ts","Not yet mapped to approved UAE Design System token","Requires review","Static extraction only"
"#fff","Hex colour","src/components/CountryDeepDivePanel.ts","Not yet mapped to approved UAE Design System token","Requires review","Static extraction only"
"#aaa","Hex colour","src/components/CountryDeepDivePanel.ts","Not yet mapped to approved UAE Design System token","Requires review","Static extraction only"
"#374151","Hex colour","src/components/CountryDeepDivePanel.ts","Not yet mapped to approved UAE Design System token","Requires review","Static extraction only"
"#3b82f6","Hex colour","src/components/CountryDeepDivePanel.ts","Not yet mapped to approved UAE Design System token","Requires review","Static extraction only"
"#2971","Hex colour","src/components/CountryDeepDivePanel.ts","Not yet mapped to approved UAE Design System token","Requires review","Static extraction only"
"#3377","Hex colour","src/components/CountryDeepDivePanel.ts","Not yet mapped to approved UAE Design System token","Requires review","Static extraction only"
"#ddd","Hex colour","src/components/CountryDeepDivePanel.ts","Not yet mapped to approved UAE Design System token","Requires review","Static extraction only"
"#1f2937","Hex colour","src/components/CountryDeepDivePanel.ts","Not yet mapped to approved UAE Design System token","Requires review","Static extraction only"
"#e5e7eb","Hex colour","src/components/CountryDeepDivePanel.ts","Not yet mapped to approved UAE Design System token","Requires review","Static extraction only"
"#15803d","Hex colour","src/components/CountryDeepDivePanel.ts","Not yet mapped to approved UAE Design System token","Requires review","Static extraction only"
"#dcfce7","Hex colour","src/components/CountryDeepDivePanel.ts","Not yet mapped to approved UAE Design System token","Requires review","Static extraction only"
"#b45309","Hex colour","src/components/CountryDeepDivePanel.ts","Not yet mapped to approved UAE Design System token","Requires review","Static extraction only"
"#fef3c7","Hex colour","src/components/CountryDeepDivePanel.ts","Not yet mapped to approved UAE Design System token","Requires review","Static extraction only"
"#b91c1c","Hex colour","src/components/CountryDeepDivePanel.ts","Not yet mapped to approved UAE Design System token","Requires review","Static extraction only"
"#fee2e2","Hex colour","src/components/CountryDeepDivePanel.ts","Not yet mapped to approved UAE Design System token","Requires review","Static extraction only"
"#1c1400","Hex colour","src/components/CountryDeepDivePanel.ts","Not yet mapped to approved UAE Design System token","Requires review","Static extraction only"
"#d1d5db","Hex colour","src/components/CountryDeepDivePanel.ts","Not yet mapped to approved UAE Design System token","Requires review","Static extraction only"
"#9ca3af","Hex colour","src/components/CountryDeepDivePanel.ts","Not yet mapped to approved UAE Design System token","Requires review","Static extraction only"
"#94a3b8","Hex colour","src/components/CountryDeepDivePanel.ts","Not yet mapped to approved UAE Design System token","Requires review","Static extraction only"
"3px","Border radius","src/components/CountryDeepDivePanel.ts","Not yet mapped to approved UAE Design System token","Requires review","Static extraction only"
"4px","Border radius","src/components/CountryDeepDivePanel.ts","Not yet mapped to approved UAE Design System token","Requires review","Static extraction only"
"4px`","Border radius","src/components/CountryDeepDivePanel.ts","Not yet mapped to approved UAE Design System token","Requires review","Static extraction only"
"3px'","Border radius","src/components/CountryDeepDivePanel.ts","Not yet mapped to approved UAE Design System token","Requires review","Static extraction only"
"#ffaa00","Hex colour","src/components/CountryTimeline.ts","Not yet mapped to approved UAE Design System token","Requires review","Static extraction only"
"#ff4444","Hex colour","src/components/CountryTimeline.ts","Not yet mapped to approved UAE Design System token","Requires review","Static extraction only"
"#b478ff","Hex colour","src/components/CountryTimeline.ts","Not yet mapped to approved UAE Design System token","Requires review","Static extraction only"
"#64b4ff","Hex colour","src/components/CountryTimeline.ts","Not yet mapped to approved UAE Design System token","Requires review","Static extraction only"
"#2973","Hex colour","src/components/CountryTimeline.ts","Not yet mapped to approved UAE Design System token","Requires review","Static extraction only"
"var(--font-mono)","Font family declaration","src/components/CrossSourceSignalsPanel.ts","Not yet mapped to approved UAE Design System token","Requires review","Static extraction only"
"var(--font-mono)"">${escapeHtml(evalTime)}</div>` : ''}","Font family declaration","src/components/CrossSourceSignalsPanel.ts","Not yet mapped to approved UAE Design System token","Requires review","Static extraction only"
"#ff8c8c","Hex colour","src/components/CrossSourceSignalsPanel.ts","Not yet mapped to approved UAE Design System token","Requires review","Static extraction only"
"#fff","Hex colour","src/components/CrossSourceSignalsPanel.ts","Not yet mapped to approved UAE Design System token","Requires review","Static extraction only"
"2px"">${escapeHtml(t)}</span>`","Border radius","src/components/CrossSourceSignalsPanel.ts","Not yet mapped to approved UAE Design System token","Requires review","Static extraction only"
"3px","Border radius","src/components/CrossSourceSignalsPanel.ts","Not yet mapped to approved UAE Design System token","Requires review","Static extraction only"
"50%","Border radius","src/components/CrossSourceSignalsPanel.ts","Not yet mapped to approved UAE Design System token","Requires review","Static extraction only"
"4px","Border radius","src/components/DailyMarketBriefPanel.ts","Not yet mapped to approved UAE Design System token","Requires review","Static extraction only"
"#4404","Hex colour","src/components/DeckGLMap.ts","Not yet mapped to approved UAE Design System token","Requires review","Static extraction only"
"#4396","Hex colour","src/components/DeckGLMap.ts","Not yet mapped to approved UAE Design System token","Requires review","Static extraction only"
"#4561","Hex colour","src/components/DeckGLMap.ts","Not yet mapped to approved UAE Design System token","Requires review","Static extraction only"
"#4601","Hex colour","src/components/DeckGLMap.ts","Not yet mapped to approved UAE Design System token","Requires review","Static extraction only"
"#4558","Hex colour","src/components/DeckGLMap.ts","Not yet mapped to approved UAE Design System token","Requires review","Static extraction only"
"#5042","Hex colour","src/components/DeckGLMap.ts","Not yet mapped to approved UAE Design System token","Requires review","Static extraction only"
"#3593","Hex colour","src/components/DeckGLMap.ts","Not yet mapped to approved UAE Design System token","Requires review","Static extraction only"
"#666666","Hex colour","src/components/DeckGLMap.ts","Not yet mapped to approved UAE Design System token","Requires review","Static extraction only"
"#3707","Hex colour","src/components/DeckGLMap.ts","Not yet mapped to approved UAE Design System token","Requires review","Static extraction only"
"#ffb703","Hex colour","src/components/DeckGLMap.ts","Not yet mapped to approved UAE Design System token","Requires review","Static extraction only"
"#00d1ff","Hex colour","src/components/DeckGLMap.ts","Not yet mapped to approved UAE Design System token","Requires review","Static extraction only"
"#b91c1c","Hex colour","src/components/DeckGLMap.ts","Not yet mapped to approved UAE Design System token","Requires review","Static extraction only"
"#dc2626","Hex colour","src/components/DeckGLMap.ts","Not yet mapped to approved UAE Design System token","Requires review","Static extraction only"
"#f59e0b","Hex colour","src/components/DeckGLMap.ts","Not yet mapped to approved UAE Design System token","Requires review","Static extraction only"
"#eab308","Hex colour","src/components/DeckGLMap.ts","Not yet mapped to approved UAE Design System token","Requires review","Static extraction only"
"#22c55e","Hex colour","src/components/DeckGLMap.ts","Not yet mapped to approved UAE Design System token","Requires review","Static extraction only"
"#e74c3c","Hex colour","src/components/DeckGLMap.ts","Not yet mapped to approved UAE Design System token","Requires review","Static extraction only"
"#e67e22","Hex colour","src/components/DeckGLMap.ts","Not yet mapped to approved UAE Design System token","Requires review","Static extraction only"
"#f1c40f","Hex colour","src/components/DeckGLMap.ts","Not yet mapped to approved UAE Design System token","Requires review","Static extraction only"
"#ff2828","Hex colour","src/components/DeckGLMap.ts","Not yet mapped to approved UAE Design System token","Requires review","Static extraction only"
"#9888","Hex colour","src/components/DeckGLMap.ts","Not yet mapped to approved UAE Design System token","Requires review","Static extraction only"
"#888","Hex colour","src/components/DeckGLMap.ts","Not yet mapped to approved UAE Design System token","Requires review","Static extraction only"
"#128752","Hex colour","src/components/DeckGLMap.ts","Not yet mapped to approved UAE Design System token","Requires review","Static extraction only"
"#8962","Hex colour","src/components/DeckGLMap.ts","Not yet mapped to approved UAE Design System token","Requires review","Static extraction only"
"#9660","Hex colour","src/components/DeckGLMap.ts","Not yet mapped to approved UAE Design System token","Requires review","Static extraction only"
"#9654","Hex colour","src/components/DeckGLMap.ts","Not yet mapped to approved UAE Design System token","Requires review","Static extraction only"
"#28b33e","Hex colour","src/components/DeckGLMap.ts","Not yet mapped to approved UAE Design System token","Requires review","Static extraction only"
"#dcc030","Hex colour","src/components/DeckGLMap.ts","Not yet mapped to approved UAE Design System token","Requires review","Static extraction only"
"#e87425","Hex colour","src/components/DeckGLMap.ts","Not yet mapped to approved UAE Design System token","Requires review","Static extraction only"
"#7f1d1d","Hex colour","src/components/DeckGLMap.ts","Not yet mapped to approved UAE Design System token","Requires review","Static extraction only"
"#6045","Hex colour","src/components/DeckGLMap.ts","Not yet mapped to approved UAE Design System token","Requires review","Static extraction only"
"#fff","Hex colour","src/components/DeckGLMap.ts","Not yet mapped to approved UAE Design System token","Requires review","Static extraction only"
"#3b82f6","Hex colour","src/components/DeckGLMap.ts","Not yet mapped to approved UAE Design System token","Requires review","Static extraction only"
"#334155","Hex colour","src/components/DeckGLMap.ts","Not yet mapped to approved UAE Design System token","Requires review","Static extraction only"
"#94a3b8","Hex colour","src/components/DeckGLMap.ts","Not yet mapped to approved UAE Design System token","Requires review","Static extraction only"
"#ffffff","Hex colour","src/components/DeckGLMap.ts","Not yet mapped to approved UAE Design System token","Requires review","Static extraction only"
"4px","Border radius","src/components/DeckGLMap.ts","Not yet mapped to approved UAE Design System token","Requires review","Static extraction only"
"3px","Border radius","src/components/DeckGLMap.ts","Not yet mapped to approved UAE Design System token","Requires review","Static extraction only"
"50%","Border radius","src/components/DeckGLMap.ts","Not yet mapped to approved UAE Design System token","Requires review","Static extraction only"
"#4537","Hex colour","src/components/DeductionPanel.ts","Not yet mapped to approved UAE Design System token","Requires review","Static extraction only"
"#e74c3c","Hex colour","src/components/DiseaseOutbreaksPanel.ts","Not yet mapped to approved UAE Design System token","Requires review","Static extraction only"
"#e67e22","Hex colour","src/components/DiseaseOutbreaksPanel.ts","Not yet mapped to approved UAE Design System token","Requires review","Static extraction only"
"#f1c40f","Hex colour","src/components/DiseaseOutbreaksPanel.ts","Not yet mapped to approved UAE Design System token","Requires review","Static extraction only"
"10px","Border radius","src/components/DiseaseOutbreaksPanel.ts","Not yet mapped to approved UAE Design System token","Requires review","Static extraction only"
"3px","Border radius","src/components/DiseaseOutbreaksPanel.ts","Not yet mapped to approved UAE Design System token","Requires review","Static extraction only"
"#2ecc71","Hex colour","src/components/EarningsCalendarPanel.ts","Not yet mapped to approved UAE Design System token","Requires review","Static extraction only"
"#3498db","Hex colour","src/components/EarningsCalendarPanel.ts","Not yet mapped to approved UAE Design System token","Requires review","Static extraction only"
"#e74c3c","Hex colour","src/components/EarningsCalendarPanel.ts","Not yet mapped to approved UAE Design System token","Requires review","Static extraction only"
"3px","Border radius","src/components/EarningsCalendarPanel.ts","Not yet mapped to approved UAE Design System token","Requires review","Static extraction only"
"#e74c3c","Hex colour","src/components/EconomicCalendarPanel.ts","Not yet mapped to approved UAE Design System token","Requires review","Static extraction only"
"#f39c12","Hex colour","src/components/EconomicCalendarPanel.ts","Not yet mapped to approved UAE Design System token","Requires review","Static extraction only"
"3px","Border radius","src/components/EconomicCalendarPanel.ts","Not yet mapped to approved UAE Design System token","Requires review","Static extraction only"
"50%","Border radius","src/components/EconomicCalendarPanel.ts","Not yet mapped to approved UAE Design System token","Requires review","Static extraction only"
"#27ae60","Hex colour","src/components/EconomicPanel.ts","Not yet mapped to approved UAE Design System token","Requires review","Static extraction only"
"#f1c40f","Hex colour","src/components/EconomicPanel.ts","Not yet mapped to approved UAE Design System token","Requires review","Static extraction only"
"#e67e22","Hex colour","src/components/EconomicPanel.ts","Not yet mapped to approved UAE Design System token","Requires review","Static extraction only"
"#e74c3c","Hex colour","src/components/EconomicPanel.ts","Not yet mapped to approved UAE Design System token","Requires review","Static extraction only"
"#8e44ad","Hex colour","src/components/EconomicPanel.ts","Not yet mapped to approved UAE Design System token","Requires review","Static extraction only"
"#888","Hex colour","src/components/EconomicPanel.ts","Not yet mapped to approved UAE Design System token","Requires review","Static extraction only"
"#666","Hex colour","src/components/EconomicPanel.ts","Not yet mapped to approved UAE Design System token","Requires review","Static extraction only"
"#4caf50","Hex colour","src/components/EconomicPanel.ts","Not yet mapped to approved UAE Design System token","Requires review","Static extraction only"
"#f44336","Hex colour","src/components/EconomicPanel.ts","Not yet mapped to approved UAE Design System token","Requires review","Static extraction only"
"#fff","Hex colour","src/components/EconomicPanel.ts","Not yet mapped to approved UAE Design System token","Requires review","Static extraction only"
"6px","Border radius","src/components/EconomicPanel.ts","Not yet mapped to approved UAE Design System token","Requires review","Static extraction only"
"3px","Border radius","src/components/EconomicPanel.ts","Not yet mapped to approved UAE Design System token","Requires review","Static extraction only"
"12px","Border radius","src/components/EconomicPanel.ts","Not yet mapped to approved UAE Design System token","Requires review","Static extraction only"
"2px","Border radius","src/components/EconomicPanel.ts","Not yet mapped to approved UAE Design System token","Requires review","Static extraction only"
"monospace","Font family declaration","src/components/EnergyDisruptionsPanel.ts","Not yet mapped to approved UAE Design System token","Requires review","Static extraction only"
"#e74c3c","Hex colour","src/components/EnergyDisruptionsPanel.ts","Not yet mapped to approved UAE Design System token","Requires review","Static extraction only"
"#7f8c8d","Hex colour","src/components/EnergyDisruptionsPanel.ts","Not yet mapped to approved UAE Design System token","Requires review","Static extraction only"
"#95a5a6","Hex colour","src/components/EnergyDisruptionsPanel.ts","Not yet mapped to approved UAE Design System token","Requires review","Static extraction only"
"#3378","Hex colour","src/components/EnergyDisruptionsPanel.ts","Not yet mapped to approved UAE Design System token","Requires review","Static extraction only"
"#888","Hex colour","src/components/EnergyDisruptionsPanel.ts","Not yet mapped to approved UAE Design System token","Requires review","Static extraction only"
"#aaa","Hex colour","src/components/EnergyDisruptionsPanel.ts","Not yet mapped to approved UAE Design System token","Requires review","Static extraction only"
"#eee","Hex colour","src/components/EnergyDisruptionsPanel.ts","Not yet mapped to approved UAE Design System token","Requires review","Static extraction only"
"#2980b9","Hex colour","src/components/EnergyDisruptionsPanel.ts","Not yet mapped to approved UAE Design System token","Requires review","Static extraction only"
"#fff","Hex colour","src/components/EnergyDisruptionsPanel.ts","Not yet mapped to approved UAE Design System token","Requires review","Static extraction only"
"#2471a3","Hex colour","src/components/EnergyDisruptionsPanel.ts","Not yet mapped to approved UAE Design System token","Requires review","Static extraction only"
"10px","Border radius","src/components/EnergyDisruptionsPanel.ts","Not yet mapped to approved UAE Design System token","Requires review","Static extraction only"
"8px","Border radius","src/components/EnergyDisruptionsPanel.ts","Not yet mapped to approved UAE Design System token","Requires review","Static extraction only"
"#e74c3c","Hex colour","src/components/EnergyRiskOverviewPanel.ts","Not yet mapped to approved UAE Design System token","Requires review","Static extraction only"
"#f39c12","Hex colour","src/components/EnergyRiskOverviewPanel.ts","Not yet mapped to approved UAE Design System token","Requires review","Static extraction only"
"#27ae60","Hex colour","src/components/EnergyRiskOverviewPanel.ts","Not yet mapped to approved UAE Design System token","Requires review","Static extraction only"
"#7f8c8d","Hex colour","src/components/EnergyRiskOverviewPanel.ts","Not yet mapped to approved UAE Design System token","Requires review","Static extraction only"
"6px","Border radius","src/components/EnergyRiskOverviewPanel.ts","Not yet mapped to approved UAE Design System token","Requires review","Static extraction only"
"#27ae60","Hex colour","src/components/FSIPanel.ts","Not yet mapped to approved UAE Design System token","Requires review","Static extraction only"
"#f39c12","Hex colour","src/components/FSIPanel.ts","Not yet mapped to approved UAE Design System token","Requires review","Static extraction only"
"#e67e22","Hex colour","src/components/FSIPanel.ts","Not yet mapped to approved UAE Design System token","Requires review","Static extraction only"
"#c0392b","Hex colour","src/components/FSIPanel.ts","Not yet mapped to approved UAE Design System token","Requires review","Static extraction only"
"#3845","Hex colour","src/components/FSIPanel.ts","Not yet mapped to approved UAE Design System token","Requires review","Static extraction only"
"6px","Border radius","src/components/FSIPanel.ts","Not yet mapped to approved UAE Design System token","Requires review","Static extraction only"
"4px","Border radius","src/components/FSIPanel.ts","Not yet mapped to approved UAE Design System token","Requires review","Static extraction only"
"4px""></div>","Border radius","src/components/FSIPanel.ts","Not yet mapped to approved UAE Design System token","Requires review","Static extraction only"
"#f5a623","Hex colour","src/components/FaoFoodPriceIndexPanel.ts","Not yet mapped to approved UAE Design System token","Requires review","Static extraction only"
"#7ed321","Hex colour","src/components/FaoFoodPriceIndexPanel.ts","Not yet mapped to approved UAE Design System token","Requires review","Static extraction only"
"#e86c6c","Hex colour","src/components/FaoFoodPriceIndexPanel.ts","Not yet mapped to approved UAE Design System token","Requires review","Static extraction only"
"#74c8e8","Hex colour","src/components/FaoFoodPriceIndexPanel.ts","Not yet mapped to approved UAE Design System token","Requires review","Static extraction only"
"#b57ce8","Hex colour","src/components/FaoFoodPriceIndexPanel.ts","Not yet mapped to approved UAE Design System token","Requires review","Static extraction only"
"#f0c36a","Hex colour","src/components/FaoFoodPriceIndexPanel.ts","Not yet mapped to approved UAE Design System token","Requires review","Static extraction only"
"#e74c3c","Hex colour","src/components/FearGreedPanel.ts","Not yet mapped to approved UAE Design System token","Requires review","Static extraction only"
"#e67e22","Hex colour","src/components/FearGreedPanel.ts","Not yet mapped to approved UAE Design System token","Requires review","Static extraction only"
"#f1c40f","Hex colour","src/components/FearGreedPanel.ts","Not yet mapped to approved UAE Design System token","Requires review","Static extraction only"
"#2ecc71","Hex colour","src/components/FearGreedPanel.ts","Not yet mapped to approved UAE Design System token","Requires review","Static extraction only"
"#27ae60","Hex colour","src/components/FearGreedPanel.ts","Not yet mapped to approved UAE Design System token","Requires review","Static extraction only"
"#c0392b","Hex colour","src/components/FearGreedPanel.ts","Not yet mapped to approved UAE Design System token","Requires review","Static extraction only"
"#9888","Hex colour","src/components/FearGreedPanel.ts","Not yet mapped to approved UAE Design System token","Requires review","Static extraction only"
"#fff","Hex colour","src/components/FearGreedPanel.ts","Not yet mapped to approved UAE Design System token","Requires review","Static extraction only"
"2px","Border radius","src/components/FearGreedPanel.ts","Not yet mapped to approved UAE Design System token","Requires review","Static extraction only"
"4px","Border radius","src/components/FearGreedPanel.ts","Not yet mapped to approved UAE Design System token","Requires review","Static extraction only"
"999px","Border radius","src/components/FearGreedPanel.ts","Not yet mapped to approved UAE Design System token","Requires review","Static extraction only"
"8px","Border radius","src/components/FearGreedPanel.ts","Not yet mapped to approved UAE Design System token","Requires review","Static extraction only"
"--backed","CSS custom property","src/components/ForecastPanel.ts","Not yet mapped to approved UAE Design System token","Requires review","Static extraction only"
"--flagged","CSS custom property","src/components/ForecastPanel.ts","Not yet mapped to approved UAE Design System token","Requires review","Static extraction only"
"--skeptical","CSS custom property","src/components/ForecastPanel.ts","Not yet mapped to approved UAE Design System token","Requires review","Static extraction only"
"--fc-theater-color","CSS custom property","src/components/ForecastPanel.ts","Not yet mapped to approved UAE Design System token","Requires review","Static extraction only"
"inherit","Font family declaration","src/components/ForecastPanel.ts","Not yet mapped to approved UAE Design System token","Requires review","Static extraction only"
"#e05252","Hex colour","src/components/ForecastPanel.ts","Not yet mapped to approved UAE Design System token","Requires review","Static extraction only"
"#d29922","Hex colour","src/components/ForecastPanel.ts","Not yet mapped to approved UAE Design System token","Requires review","Static extraction only"
"#58a6ff","Hex colour","src/components/ForecastPanel.ts","Not yet mapped to approved UAE Design System token","Requires review","Static extraction only"
"#bc8cff","Hex colour","src/components/ForecastPanel.ts","Not yet mapped to approved UAE Design System token","Requires review","Static extraction only"
"#f85149","Hex colour","src/components/ForecastPanel.ts","Not yet mapped to approved UAE Design System token","Requires review","Static extraction only"
"#3fb950","Hex colour","src/components/ForecastPanel.ts","Not yet mapped to approved UAE Design System token","Requires review","Static extraction only"
"#333","Hex colour","src/components/ForecastPanel.ts","Not yet mapped to approved UAE Design System token","Requires review","Static extraction only"
"#444","Hex colour","src/components/ForecastPanel.ts","Not yet mapped to approved UAE Design System token","Requires review","Static extraction only"
"#aaa","Hex colour","src/components/ForecastPanel.ts","Not yet mapped to approved UAE Design System token","Requires review","Static extraction only"
"#3b82f6","Hex colour","src/components/ForecastPanel.ts","Not yet mapped to approved UAE Design System token","Requires review","Static extraction only"
"#fff","Hex colour","src/components/ForecastPanel.ts","Not yet mapped to approved UAE Design System token","Requires review","Static extraction only"
"#161b22","Hex colour","src/components/ForecastPanel.ts","Not yet mapped to approved UAE Design System token","Requires review","Static extraction only"
"#30363d","Hex colour","src/components/ForecastPanel.ts","Not yet mapped to approved UAE Design System token","Requires review","Static extraction only"
"#40464f","Hex colour","src/components/ForecastPanel.ts","Not yet mapped to approved UAE Design System token","Requires review","Static extraction only"
"#e6edf3","Hex colour","src/components/ForecastPanel.ts","Not yet mapped to approved UAE Design System token","Requires review","Static extraction only"
"#7d8590","Hex colour","src/components/ForecastPanel.ts","Not yet mapped to approved UAE Design System token","Requires review","Static extraction only"
"#2a2a2a","Hex colour","src/components/ForecastPanel.ts","Not yet mapped to approved UAE Design System token","Requires review","Static extraction only"
"#888","Hex colour","src/components/ForecastPanel.ts","Not yet mapped to approved UAE Design System token","Requires review","Static extraction only"
"#d3d3d3","Hex colour","src/components/ForecastPanel.ts","Not yet mapped to approved UAE Design System token","Requires review","Static extraction only"
"#a0a0a0","Hex colour","src/components/ForecastPanel.ts","Not yet mapped to approved UAE Design System token","Requires review","Static extraction only"
"#666","Hex colour","src/components/ForecastPanel.ts","Not yet mapped to approved UAE Design System token","Requires review","Static extraction only"
"#363636","Hex colour","src/components/ForecastPanel.ts","Not yet mapped to approved UAE Design System token","Requires review","Static extraction only"
"#9a9a9a","Hex colour","src/components/ForecastPanel.ts","Not yet mapped to approved UAE Design System token","Requires review","Static extraction only"
"#999","Hex colour","src/components/ForecastPanel.ts","Not yet mapped to approved UAE Design System token","Requires review","Static extraction only"
"#ccc","Hex colour","src/components/ForecastPanel.ts","Not yet mapped to approved UAE Design System token","Requires review","Static extraction only"
"#555","Hex colour","src/components/ForecastPanel.ts","Not yet mapped to approved UAE Design System token","Requires review","Static extraction only"
"#5300","Hex colour","src/components/ForecastPanel.ts","Not yet mapped to approved UAE Design System token","Requires review","Static extraction only"
"#ea580c","Hex colour","src/components/ForecastPanel.ts","Not yet mapped to approved UAE Design System token","Requires review","Static extraction only"
"3px","Border radius","src/components/ForecastPanel.ts","Not yet mapped to approved UAE Design System token","Requires review","Static extraction only"
"8px","Border radius","src/components/ForecastPanel.ts","Not yet mapped to approved UAE Design System token","Requires review","Static extraction only"
"2px","Border radius","src/components/ForecastPanel.ts","Not yet mapped to approved UAE Design System token","Requires review","Static extraction only"
"5px","Border radius","src/components/ForecastPanel.ts","Not yet mapped to approved UAE Design System token","Requires review","Static extraction only"
"4px","Border radius","src/components/ForecastPanel.ts","Not yet mapped to approved UAE Design System token","Requires review","Static extraction only"
"1px","Border radius","src/components/ForecastPanel.ts","Not yet mapped to approved UAE Design System token","Requires review","Static extraction only"
"999px","Border radius","src/components/ForecastPanel.ts","Not yet mapped to approved UAE Design System token","Requires review","Static extraction only"
"50%","Border radius","src/components/ForecastPanel.ts","Not yet mapped to approved UAE Design System token","Requires review","Static extraction only"
"monospace","Font family declaration","src/components/FuelShortagePanel.ts","Not yet mapped to approved UAE Design System token","Requires review","Static extraction only"
"#e74c3c","Hex colour","src/components/FuelShortagePanel.ts","Not yet mapped to approved UAE Design System token","Requires review","Static extraction only"
"#f39c12","Hex colour","src/components/FuelShortagePanel.ts","Not yet mapped to approved UAE Design System token","Requires review","Static extraction only"
"#7f8c8d","Hex colour","src/components/FuelShortagePanel.ts","Not yet mapped to approved UAE Design System token","Requires review","Static extraction only"
"#888","Hex colour","src/components/FuelShortagePanel.ts","Not yet mapped to approved UAE Design System token","Requires review","Static extraction only"
"#eee","Hex colour","src/components/FuelShortagePanel.ts","Not yet mapped to approved UAE Design System token","Requires review","Static extraction only"
"#fff","Hex colour","src/components/FuelShortagePanel.ts","Not yet mapped to approved UAE Design System token","Requires review","Static extraction only"
"#0f1218","Hex colour","src/components/FuelShortagePanel.ts","Not yet mapped to approved UAE Design System token","Requires review","Static extraction only"
"#4ade80","Hex colour","src/components/FuelShortagePanel.ts","Not yet mapped to approved UAE Design System token","Requires review","Static extraction only"
"#aaa","Hex colour","src/components/FuelShortagePanel.ts","Not yet mapped to approved UAE Design System token","Requires review","Static extraction only"
"#2980b9","Hex colour","src/components/FuelShortagePanel.ts","Not yet mapped to approved UAE Design System token","Requires review","Static extraction only"
"#27ae60","Hex colour","src/components/FuelShortagePanel.ts","Not yet mapped to approved UAE Design System token","Requires review","Static extraction only"
"#555","Hex colour","src/components/FuelShortagePanel.ts","Not yet mapped to approved UAE Design System token","Requires review","Static extraction only"
"#ccc","Hex colour","src/components/FuelShortagePanel.ts","Not yet mapped to approved UAE Design System token","Requires review","Static extraction only"
"10px","Border radius","src/components/FuelShortagePanel.ts","Not yet mapped to approved UAE Design System token","Requires review","Static extraction only"
"6px","Border radius","src/components/FuelShortagePanel.ts","Not yet mapped to approved UAE Design System token","Requires review","Static extraction only"
"8px","Border radius","src/components/FuelShortagePanel.ts","Not yet mapped to approved UAE Design System token","Requires review","Static extraction only"
"var(--font-mono)',","Font family declaration","src/components/GlobeMap.ts","Not yet mapped to approved UAE Design System token","Requires review","Static extraction only"
"#4466cc","Hex colour","src/components/GlobeMap.ts","Not yet mapped to approved UAE Design System token","Requires review","Static extraction only"
"#ff2020","Hex colour","src/components/GlobeMap.ts","Not yet mapped to approved UAE Design System token","Requires review","Static extraction only"
"#ff8800","Hex colour","src/components/GlobeMap.ts","Not yet mapped to approved UAE Design System token","Requires review","Static extraction only"
"#4488ff","Hex colour","src/components/GlobeMap.ts","Not yet mapped to approved UAE Design System token","Requires review","Static extraction only"
"#44cc44","Hex colour","src/components/GlobeMap.ts","Not yet mapped to approved UAE Design System token","Requires review","Static extraction only"
"#aa66ff","Hex colour","src/components/GlobeMap.ts","Not yet mapped to approved UAE Design System token","Requires review","Static extraction only"
"#ff66aa","Hex colour","src/components/GlobeMap.ts","Not yet mapped to approved UAE Design System token","Requires review","Static extraction only"
"#ff4466","Hex colour","src/components/GlobeMap.ts","Not yet mapped to approved UAE Design System token","Requires review","Static extraction only"
"#ccccff","Hex colour","src/components/GlobeMap.ts","Not yet mapped to approved UAE Design System token","Requires review","Static extraction only"
"#5368","Hex colour","src/components/GlobeMap.ts","Not yet mapped to approved UAE Design System token","Requires review","Static extraction only"
"#000","Hex colour","src/components/GlobeMap.ts","Not yet mapped to approved UAE Design System token","Requires review","Static extraction only"
"#930","Hex colour","src/components/GlobeMap.ts","Not yet mapped to approved UAE Design System token","Requires review","Static extraction only"
"#ff3030","Hex colour","src/components/GlobeMap.ts","Not yet mapped to approved UAE Design System token","Requires review","Static extraction only"
"#00b4ff","Hex colour","src/components/GlobeMap.ts","Not yet mapped to approved UAE Design System token","Requires review","Static extraction only"
"#ff4444","Hex colour","src/components/GlobeMap.ts","Not yet mapped to approved UAE Design System token","Requires review","Static extraction only"
"#128752","Hex colour","src/components/GlobeMap.ts","Not yet mapped to approved UAE Design System token","Requires review","Static extraction only"
"#ff6600","Hex colour","src/components/GlobeMap.ts","Not yet mapped to approved UAE Design System token","Requires review","Static extraction only"
"#ffaa00","Hex colour","src/components/GlobeMap.ts","Not yet mapped to approved UAE Design System token","Requires review","Static extraction only"
"#ffdd00","Hex colour","src/components/GlobeMap.ts","Not yet mapped to approved UAE Design System token","Requires review","Static extraction only"
"#88ff44","Hex colour","src/components/GlobeMap.ts","Not yet mapped to approved UAE Design System token","Requires review","Static extraction only"
"#cccccc","Hex colour","src/components/GlobeMap.ts","Not yet mapped to approved UAE Design System token","Requires review","Static extraction only"
"#44aaff","Hex colour","src/components/GlobeMap.ts","Not yet mapped to approved UAE Design System token","Requires review","Static extraction only"
"#ff444499","Hex colour","src/components/GlobeMap.ts","Not yet mapped to approved UAE Design System token","Requires review","Static extraction only"
"#ffaa4466","Hex colour","src/components/GlobeMap.ts","Not yet mapped to approved UAE Design System token","Requires review","Static extraction only"
"#6688aa","Hex colour","src/components/GlobeMap.ts","Not yet mapped to approved UAE Design System token","Requires review","Static extraction only"
"#ff0044","Hex colour","src/components/GlobeMap.ts","Not yet mapped to approved UAE Design System token","Requires review","Static extraction only"
"#88aaff","Hex colour","src/components/GlobeMap.ts","Not yet mapped to approved UAE Design System token","Requires review","Static extraction only"
"#7dd3fc88","Hex colour","src/components/GlobeMap.ts","Not yet mapped to approved UAE Design System token","Requires review","Static extraction only"
"#ffcc00","Hex colour","src/components/GlobeMap.ts","Not yet mapped to approved UAE Design System token","Requires review","Static extraction only"
"#ffa000","Hex colour","src/components/GlobeMap.ts","Not yet mapped to approved UAE Design System token","Requires review","Static extraction only"
"#ffa00088","Hex colour","src/components/GlobeMap.ts","Not yet mapped to approved UAE Design System token","Requires review","Static extraction only"
"#b400ff","Hex colour","src/components/GlobeMap.ts","Not yet mapped to approved UAE Design System token","Requires review","Static extraction only"
"#b400ff88","Hex colour","src/components/GlobeMap.ts","Not yet mapped to approved UAE Design System token","Requires review","Static extraction only"
"#ff4400","Hex colour","src/components/GlobeMap.ts","Not yet mapped to approved UAE Design System token","Requires review","Static extraction only"
"#88bbff","Hex colour","src/components/GlobeMap.ts","Not yet mapped to approved UAE Design System token","Requires review","Static extraction only"
"#88bbff88","Hex colour","src/components/GlobeMap.ts","Not yet mapped to approved UAE Design System token","Requires review","Static extraction only"
"#00ccff","Hex colour","src/components/GlobeMap.ts","Not yet mapped to approved UAE Design System token","Requires review","Static extraction only"
"#88ff88","Hex colour","src/components/GlobeMap.ts","Not yet mapped to approved UAE Design System token","Requires review","Static extraction only"
"#44aaff88","Hex colour","src/components/GlobeMap.ts","Not yet mapped to approved UAE Design System token","Requires review","Static extraction only"
"#ff8844","Hex colour","src/components/GlobeMap.ts","Not yet mapped to approved UAE Design System token","Requires review","Static extraction only"
"#aaaaaa","Hex colour","src/components/GlobeMap.ts","Not yet mapped to approved UAE Design System token","Requires review","Static extraction only"
"#ffd700","Hex colour","src/components/GlobeMap.ts","Not yet mapped to approved UAE Design System token","Requires review","Static extraction only"
"#ffd70088","Hex colour","src/components/GlobeMap.ts","Not yet mapped to approved UAE Design System token","Requires review","Static extraction only"
"#ff880088","Hex colour","src/components/GlobeMap.ts","Not yet mapped to approved UAE Design System token","Requires review","Static extraction only"
"#88ddff","Hex colour","src/components/GlobeMap.ts","Not yet mapped to approved UAE Design System token","Requires review","Static extraction only"
"#88ddff88","Hex colour","src/components/GlobeMap.ts","Not yet mapped to approved UAE Design System token","Requires review","Static extraction only"
"#44cc88","Hex colour","src/components/GlobeMap.ts","Not yet mapped to approved UAE Design System token","Requires review","Static extraction only"
"#88aaff88","Hex colour","src/components/GlobeMap.ts","Not yet mapped to approved UAE Design System token","Requires review","Static extraction only"
"#44aadd","Hex colour","src/components/GlobeMap.ts","Not yet mapped to approved UAE Design System token","Requires review","Static extraction only"
"#44aadd88","Hex colour","src/components/GlobeMap.ts","Not yet mapped to approved UAE Design System token","Requires review","Static extraction only"
"#cc88ff","Hex colour","src/components/GlobeMap.ts","Not yet mapped to approved UAE Design System token","Requires review","Static extraction only"
"#cc88ff88","Hex colour","src/components/GlobeMap.ts","Not yet mapped to approved UAE Design System token","Requires review","Static extraction only"
"#3707","Hex colour","src/components/GlobeMap.ts","Not yet mapped to approved UAE Design System token","Requires review","Static extraction only"
"#7d7d8a","Hex colour","src/components/GlobeMap.ts","Not yet mapped to approved UAE Design System token","Requires review","Static extraction only"
"#ffee44","Hex colour","src/components/GlobeMap.ts","Not yet mapped to approved UAE Design System token","Requires review","Static extraction only"
"#ff282888","Hex colour","src/components/GlobeMap.ts","Not yet mapped to approved UAE Design System token","Requires review","Static extraction only"
"#ff2828","Hex colour","src/components/GlobeMap.ts","Not yet mapped to approved UAE Design System token","Requires review","Static extraction only"
"#44ff88","Hex colour","src/components/GlobeMap.ts","Not yet mapped to approved UAE Design System token","Requires review","Static extraction only"
"#00b4ff88","Hex colour","src/components/GlobeMap.ts","Not yet mapped to approved UAE Design System token","Requires review","Static extraction only"
"#00d4ff33","Hex colour","src/components/GlobeMap.ts","Not yet mapped to approved UAE Design System token","Requires review","Static extraction only"
"#00d4ff88","Hex colour","src/components/GlobeMap.ts","Not yet mapped to approved UAE Design System token","Requires review","Static extraction only"
"#00d4ff","Hex colour","src/components/GlobeMap.ts","Not yet mapped to approved UAE Design System token","Requires review","Static extraction only"
"#d4d4d4","Hex colour","src/components/GlobeMap.ts","Not yet mapped to approved UAE Design System token","Requires review","Static extraction only"
"#888","Hex colour","src/components/GlobeMap.ts","Not yet mapped to approved UAE Design System token","Requires review","Static extraction only"
"#ff5050","Hex colour","src/components/GlobeMap.ts","Not yet mapped to approved UAE Design System token","Requires review","Static extraction only"
"#ffaa44","Hex colour","src/components/GlobeMap.ts","Not yet mapped to approved UAE Design System token","Requires review","Static extraction only"
"#ff6400","Hex colour","src/components/GlobeMap.ts","Not yet mapped to approved UAE Design System token","Requires review","Static extraction only"
"#888888","Hex colour","src/components/GlobeMap.ts","Not yet mapped to approved UAE Design System token","Requires review","Static extraction only"
"#8866bb","Hex colour","src/components/GlobeMap.ts","Not yet mapped to approved UAE Design System token","Requires review","Static extraction only"
"#aaa","Hex colour","src/components/GlobeMap.ts","Not yet mapped to approved UAE Design System token","Requires review","Static extraction only"
"#8962","Hex colour","src/components/GlobeMap.ts","Not yet mapped to approved UAE Design System token","Requires review","Static extraction only"
"#9660","Hex colour","src/components/GlobeMap.ts","Not yet mapped to approved UAE Design System token","Requires review","Static extraction only"
"#128247","Hex colour","src/components/GlobeMap.ts","Not yet mapped to approved UAE Design System token","Requires review","Static extraction only"
"#128512","Hex colour","src/components/GlobeMap.ts","Not yet mapped to approved UAE Design System token","Requires review","Static extraction only"
"#9654","Hex colour","src/components/GlobeMap.ts","Not yet mapped to approved UAE Design System token","Requires review","Static extraction only"
"#aaaaff","Hex colour","src/components/GlobeMap.ts","Not yet mapped to approved UAE Design System token","Requires review","Static extraction only"
"#ffff44","Hex colour","src/components/GlobeMap.ts","Not yet mapped to approved UAE Design System token","Requires review","Static extraction only"
"#ff44ff","Hex colour","src/components/GlobeMap.ts","Not yet mapped to approved UAE Design System token","Requires review","Static extraction only"
"#44ffff","Hex colour","src/components/GlobeMap.ts","Not yet mapped to approved UAE Design System token","Requires review","Static extraction only"
"#8844ff","Hex colour","src/components/GlobeMap.ts","Not yet mapped to approved UAE Design System token","Requires review","Static extraction only"
"#88ccff","Hex colour","src/components/GlobeMap.ts","Not yet mapped to approved UAE Design System token","Requires review","Static extraction only"
"4px","Border radius","src/components/GlobeMap.ts","Not yet mapped to approved UAE Design System token","Requires review","Static extraction only"
"50%","Border radius","src/components/GlobeMap.ts","Not yet mapped to approved UAE Design System token","Requires review","Static extraction only"
"10px","Border radius","src/components/GlobeMap.ts","Not yet mapped to approved UAE Design System token","Requires review","Static extraction only"
"12px","Border radius","src/components/GlobeMap.ts","Not yet mapped to approved UAE Design System token","Requires review","Static extraction only"
"3px',","Border radius","src/components/GlobeMap.ts","Not yet mapped to approved UAE Design System token","Requires review","Static extraction only"
"3px","Border radius","src/components/GlobeMap.ts","Not yet mapped to approved UAE Design System token","Requires review","Static extraction only"
"#2ecc71","Hex colour","src/components/GoldIntelligencePanel.ts","Not yet mapped to approved UAE Design System token","Requires review","Static extraction only"
"#f5a623","Hex colour","src/components/GoldIntelligencePanel.ts","Not yet mapped to approved UAE Design System token","Requires review","Static extraction only"
"#e74c3c","Hex colour","src/components/GoldIntelligencePanel.ts","Not yet mapped to approved UAE Design System token","Requires review","Static extraction only"
"#fff","Hex colour","src/components/GoldIntelligencePanel.ts","Not yet mapped to approved UAE Design System token","Requires review","Static extraction only"
"4px","Border radius","src/components/GoldIntelligencePanel.ts","Not yet mapped to approved UAE Design System token","Requires review","Static extraction only"
"1px","Border radius","src/components/GoldIntelligencePanel.ts","Not yet mapped to approved UAE Design System token","Requires review","Static extraction only"
"2px"">","Border radius","src/components/GoldIntelligencePanel.ts","Not yet mapped to approved UAE Design System token","Requires review","Static extraction only"
"1px""></div>","Border radius","src/components/GoldIntelligencePanel.ts","Not yet mapped to approved UAE Design System token","Requires review","Static extraction only"
"4px"">","Border radius","src/components/GoldIntelligencePanel.ts","Not yet mapped to approved UAE Design System token","Requires review","Static extraction only"
"3px","Border radius","src/components/GoldIntelligencePanel.ts","Not yet mapped to approved UAE Design System token","Requires review","Static extraction only"
"50%","Border radius","src/components/GoldIntelligencePanel.ts","Not yet mapped to approved UAE Design System token","Requires review","Static extraction only"
"#e67e22","Hex colour","src/components/HormuzPanel.ts","Not yet mapped to approved UAE Design System token","Requires review","Static extraction only"
"#1abc9c","Hex colour","src/components/HormuzPanel.ts","Not yet mapped to approved UAE Design System token","Requires review","Static extraction only"
"#9b59b6","Hex colour","src/components/HormuzPanel.ts","Not yet mapped to approved UAE Design System token","Requires review","Static extraction only"
"#27ae60","Hex colour","src/components/HormuzPanel.ts","Not yet mapped to approved UAE Design System token","Requires review","Static extraction only"
"#e74c3c","Hex colour","src/components/HormuzPanel.ts","Not yet mapped to approved UAE Design System token","Requires review","Static extraction only"
"#f39c12","Hex colour","src/components/HormuzPanel.ts","Not yet mapped to approved UAE Design System token","Requires review","Static extraction only"
"#2ecc71","Hex colour","src/components/HormuzPanel.ts","Not yet mapped to approved UAE Design System token","Requires review","Static extraction only"
"#3498db","Hex colour","src/components/HormuzPanel.ts","Not yet mapped to approved UAE Design System token","Requires review","Static extraction only"
"#fff","Hex colour","src/components/HormuzPanel.ts","Not yet mapped to approved UAE Design System token","Requires review","Static extraction only"
"4px","Border radius","src/components/HormuzPanel.ts","Not yet mapped to approved UAE Design System token","Requires review","Static extraction only"
"3px","Border radius","src/components/HormuzPanel.ts","Not yet mapped to approved UAE Design System token","Requires review","Static extraction only"
"#4928","Hex colour","src/components/InsightsPanel.ts","Not yet mapped to approved UAE Design System token","Requires review","Static extraction only"
"#4890","Hex colour","src/components/InsightsPanel.ts","Not yet mapped to approved UAE Design System token","Requires review","Static extraction only"
"#4920","Hex colour","src/components/InsightsPanel.ts","Not yet mapped to approved UAE Design System token","Requires review","Static extraction only"
"#4921","Hex colour","src/components/InsightsPanel.ts","Not yet mapped to approved UAE Design System token","Requires review","Static extraction only"
"#ff2020","Hex colour","src/components/InternetDisruptionsPanel.ts","Not yet mapped to approved UAE Design System token","Requires review","Static extraction only"
"#ff8800","Hex colour","src/components/InternetDisruptionsPanel.ts","Not yet mapped to approved UAE Design System token","Requires review","Static extraction only"
"#ffcc00","Hex colour","src/components/InternetDisruptionsPanel.ts","Not yet mapped to approved UAE Design System token","Requires review","Static extraction only"
"#b400ff","Hex colour","src/components/InternetDisruptionsPanel.ts","Not yet mapped to approved UAE Design System token","Requires review","Static extraction only"
"#ff4400","Hex colour","src/components/InternetDisruptionsPanel.ts","Not yet mapped to approved UAE Design System token","Requires review","Static extraction only"
"#cc0044","Hex colour","src/components/InternetDisruptionsPanel.ts","Not yet mapped to approved UAE Design System token","Requires review","Static extraction only"
"#22c55e","Hex colour","src/components/InvestmentsPanel.ts","Not yet mapped to approved UAE Design System token","Requires review","Static extraction only"
"#f59e0b","Hex colour","src/components/InvestmentsPanel.ts","Not yet mapped to approved UAE Design System token","Requires review","Static extraction only"
"#60a5fa","Hex colour","src/components/InvestmentsPanel.ts","Not yet mapped to approved UAE Design System token","Requires review","Static extraction only"
"#a78bfa","Hex colour","src/components/InvestmentsPanel.ts","Not yet mapped to approved UAE Design System token","Requires review","Static extraction only"
"#ef4444","Hex colour","src/components/InvestmentsPanel.ts","Not yet mapped to approved UAE Design System token","Requires review","Static extraction only"
"#6b7280","Hex colour","src/components/InvestmentsPanel.ts","Not yet mapped to approved UAE Design System token","Requires review","Static extraction only"
"#5600","Hex colour","src/components/LatestBriefPanel.ts","Not yet mapped to approved UAE Design System token","Requires review","Static extraction only"
"#5608","Hex colour","src/components/LatestBriefPanel.ts","Not yet mapped to approved UAE Design System token","Requires review","Static extraction only"
"#000","Hex colour","src/components/LiveNewsPanel.ts","Not yet mapped to approved UAE Design System token","Requires review","Static extraction only"
"#ff4444","Hex colour","src/components/LlmStatusIndicator.ts","Not yet mapped to approved UAE Design System token","Requires review","Static extraction only"
"#44ff88","Hex colour","src/components/LlmStatusIndicator.ts","Not yet mapped to approved UAE Design System token","Requires review","Static extraction only"
"50%","Border radius","src/components/LlmStatusIndicator.ts","Not yet mapped to approved UAE Design System token","Requires review","Static extraction only"
"#4fc3f7","Hex colour","src/components/MacroSignalsPanel.ts","Not yet mapped to approved UAE Design System token","Requires review","Static extraction only"
"#f44336","Hex colour","src/components/MacroSignalsPanel.ts","Not yet mapped to approved UAE Design System token","Requires review","Static extraction only"
"#4caf50","Hex colour","src/components/MacroSignalsPanel.ts","Not yet mapped to approved UAE Design System token","Requires review","Static extraction only"
"#ff9800","Hex colour","src/components/MacroSignalsPanel.ts","Not yet mapped to approved UAE Design System token","Requires review","Static extraction only"
"#ff5722","Hex colour","src/components/MacroSignalsPanel.ts","Not yet mapped to approved UAE Design System token","Requires review","Static extraction only"
"#f7931a","Hex colour","src/components/MacroSignalsPanel.ts","Not yet mapped to approved UAE Design System token","Requires review","Static extraction only"
"#ab47bc","Hex colour","src/components/MacroSignalsPanel.ts","Not yet mapped to approved UAE Design System token","Requires review","Static extraction only"
"3px","Border radius","src/components/MacroSignalsPanel.ts","Not yet mapped to approved UAE Design System token","Requires review","Static extraction only"
"var(--font-mono)',","Font family declaration","src/components/Map.ts","Not yet mapped to approved UAE Design System token","Requires review","Static extraction only"
"#4404","Hex colour","src/components/Map.ts","Not yet mapped to approved UAE Design System token","Requires review","Static extraction only"
"#4669","Hex colour","src/components/Map.ts","Not yet mapped to approved UAE Design System token","Requires review","Static extraction only"
"#4429","Hex colour","src/components/Map.ts","Not yet mapped to approved UAE Design System token","Requires review","Static extraction only"
"#4442","Hex colour","src/components/Map.ts","Not yet mapped to approved UAE Design System token","Requires review","Static extraction only"
"#5080","Hex colour","src/components/Map.ts","Not yet mapped to approved UAE Design System token","Requires review","Static extraction only"
"#5022","Hex colour","src/components/Map.ts","Not yet mapped to approved UAE Design System token","Requires review","Static extraction only"
"#6046","Hex colour","src/components/Map.ts","Not yet mapped to approved UAE Design System token","Requires review","Static extraction only"
"#8b5cf6","Hex colour","src/components/Map.ts","Not yet mapped to approved UAE Design System token","Requires review","Static extraction only"
"#06b6d4","Hex colour","src/components/Map.ts","Not yet mapped to approved UAE Design System token","Requires review","Static extraction only"
"#f59e0b","Hex colour","src/components/Map.ts","Not yet mapped to approved UAE Design System token","Requires review","Static extraction only"
"#a855f7","Hex colour","src/components/Map.ts","Not yet mapped to approved UAE Design System token","Requires review","Static extraction only"
"#4ecdc4","Hex colour","src/components/Map.ts","Not yet mapped to approved UAE Design System token","Requires review","Static extraction only"
"#5017","Hex colour","src/components/Map.ts","Not yet mapped to approved UAE Design System token","Requires review","Static extraction only"
"#ff3030","Hex colour","src/components/Map.ts","Not yet mapped to approved UAE Design System token","Requires review","Static extraction only"
"#ffaa00","Hex colour","src/components/Map.ts","Not yet mapped to approved UAE Design System token","Requires review","Static extraction only"
"#3707","Hex colour","src/components/Map.ts","Not yet mapped to approved UAE Design System token","Requires review","Static extraction only"
"#888","Hex colour","src/components/Map.ts","Not yet mapped to approved UAE Design System token","Requires review","Static extraction only"
"#a064ff","Hex colour","src/components/Map.ts","Not yet mapped to approved UAE Design System token","Requires review","Static extraction only"
"#ffd700","Hex colour","src/components/Map.ts","Not yet mapped to approved UAE Design System token","Requires review","Static extraction only"
"#00d4ff","Hex colour","src/components/Map.ts","Not yet mapped to approved UAE Design System token","Requires review","Static extraction only"
"#45b7d1","Hex colour","src/components/Map.ts","Not yet mapped to approved UAE Design System token","Requires review","Static extraction only"
"#96ceb4","Hex colour","src/components/Map.ts","Not yet mapped to approved UAE Design System token","Requires review","Static extraction only"
"#f4a460","Hex colour","src/components/Map.ts","Not yet mapped to approved UAE Design System token","Requires review","Static extraction only"
"#4169e1","Hex colour","src/components/Map.ts","Not yet mapped to approved UAE Design System token","Requires review","Static extraction only"
"#888888","Hex colour","src/components/Map.ts","Not yet mapped to approved UAE Design System token","Requires review","Static extraction only"
"#d4d4d4","Hex colour","src/components/Map.ts","Not yet mapped to approved UAE Design System token","Requires review","Static extraction only"
"#aaa","Hex colour","src/components/Map.ts","Not yet mapped to approved UAE Design System token","Requires review","Static extraction only"
"#5049","Hex colour","src/components/Map.ts","Not yet mapped to approved UAE Design System token","Requires review","Static extraction only"
"3px',","Border radius","src/components/Map.ts","Not yet mapped to approved UAE Design System token","Requires review","Static extraction only"
"4px","Border radius","src/components/Map.ts","Not yet mapped to approved UAE Design System token","Requires review","Static extraction only"
"#6045","Hex colour","src/components/MapContainer.ts","Not yet mapped to approved UAE Design System token","Requires review","Static extraction only"
"#f97316","Hex colour","src/components/MapPopup.ts","Not yet mapped to approved UAE Design System token","Requires review","Static extraction only"
"#3b82f6","Hex colour","src/components/MapPopup.ts","Not yet mapped to approved UAE Design System token","Requires review","Static extraction only"
"#a855f7","Hex colour","src/components/MapPopup.ts","Not yet mapped to approved UAE Design System token","Requires review","Static extraction only"
"#22c55e","Hex colour","src/components/MapPopup.ts","Not yet mapped to approved UAE Design System token","Requires review","Static extraction only"
"#64748b","Hex colour","src/components/MapPopup.ts","Not yet mapped to approved UAE Design System token","Requires review","Static extraction only"
"#eab308","Hex colour","src/components/MapPopup.ts","Not yet mapped to approved UAE Design System token","Requires review","Static extraction only"
"#6366f1","Hex colour","src/components/MapPopup.ts","Not yet mapped to approved UAE Design System token","Requires review","Static extraction only"
"#ef4444","Hex colour","src/components/MapPopup.ts","Not yet mapped to approved UAE Design System token","Requires review","Static extraction only"
"#f59e0b","Hex colour","src/components/MapPopup.ts","Not yet mapped to approved UAE Design System token","Requires review","Static extraction only"
"#888","Hex colour","src/components/MapPopup.ts","Not yet mapped to approved UAE Design System token","Requires review","Static extraction only"
"#f44336","Hex colour","src/components/MapPopup.ts","Not yet mapped to approved UAE Design System token","Requires review","Static extraction only"
"#ff9800","Hex colour","src/components/MapPopup.ts","Not yet mapped to approved UAE Design System token","Requires review","Static extraction only"
"#4caf50","Hex colour","src/components/MapPopup.ts","Not yet mapped to approved UAE Design System token","Requires review","Static extraction only"
"#9992","Hex colour","src/components/MapPopup.ts","Not yet mapped to approved UAE Design System token","Requires review","Static extraction only"
"#44ff88","Hex colour","src/components/MapPopup.ts","Not yet mapped to approved UAE Design System token","Requires review","Static extraction only"
"#111","Hex colour","src/components/MapPopup.ts","Not yet mapped to approved UAE Design System token","Requires review","Static extraction only"
"#3707","Hex colour","src/components/MapPopup.ts","Not yet mapped to approved UAE Design System token","Requires review","Static extraction only"
"#ffaa44","Hex colour","src/components/MapPopup.ts","Not yet mapped to approved UAE Design System token","Requires review","Static extraction only"
"#5ebaff","Hex colour","src/components/MapPopup.ts","Not yet mapped to approved UAE Design System token","Requires review","Static extraction only"
"#00faf4","Hex colour","src/components/MapPopup.ts","Not yet mapped to approved UAE Design System token","Requires review","Static extraction only"
"#ffffcc","Hex colour","src/components/MapPopup.ts","Not yet mapped to approved UAE Design System token","Requires review","Static extraction only"
"#ffe775","Hex colour","src/components/MapPopup.ts","Not yet mapped to approved UAE Design System token","Requires review","Static extraction only"
"#ffc140","Hex colour","src/components/MapPopup.ts","Not yet mapped to approved UAE Design System token","Requires review","Static extraction only"
"#ff6060","Hex colour","src/components/MapPopup.ts","Not yet mapped to approved UAE Design System token","Requires review","Static extraction only"
"#ff5050","Hex colour","src/components/MapPopup.ts","Not yet mapped to approved UAE Design System token","Requires review","Static extraction only"
"#ffb432","Hex colour","src/components/MapPopup.ts","Not yet mapped to approved UAE Design System token","Requires review","Static extraction only"
"50%","Border radius","src/components/MapPopup.ts","Not yet mapped to approved UAE Design System token","Requires review","Static extraction only"
"4px","Border radius","src/components/MapPopup.ts","Not yet mapped to approved UAE Design System token","Requires review","Static extraction only"
"6px","Border radius","src/components/MapPopup.ts","Not yet mapped to approved UAE Design System token","Requires review","Static extraction only"
"#3b82f6","Hex colour","src/components/MarketBreadthPanel.ts","Not yet mapped to approved UAE Design System token","Requires review","Static extraction only"
"#f59e0b","Hex colour","src/components/MarketBreadthPanel.ts","Not yet mapped to approved UAE Design System token","Requires review","Static extraction only"
"#22c55e","Hex colour","src/components/MarketBreadthPanel.ts","Not yet mapped to approved UAE Design System token","Requires review","Static extraction only"
"#ef4444","Hex colour","src/components/MarketBreadthPanel.ts","Not yet mapped to approved UAE Design System token","Requires review","Static extraction only"
"4px","Border radius","src/components/MarketBreadthPanel.ts","Not yet mapped to approved UAE Design System token","Requires review","Static extraction only"
"50%","Border radius","src/components/MarketBreadthPanel.ts","Not yet mapped to approved UAE Design System token","Requires review","Static extraction only"
"1px","Border radius","src/components/MarketBreadthPanel.ts","Not yet mapped to approved UAE Design System token","Requires review","Static extraction only"
"6px","Border radius","src/components/MarketBreadthPanel.ts","Not yet mapped to approved UAE Design System token","Requires review","Static extraction only"
"var(--font-mono)"">${escapeHtml(card.timeframe)}</span>` : ''}","Font family declaration","src/components/MarketImplicationsPanel.ts","Not yet mapped to approved UAE Design System token","Requires review","Static extraction only"
"#e6a817","Hex colour","src/components/MarketPanel.ts","Not yet mapped to approved UAE Design System token","Requires review","Static extraction only"
"#3768","Hex colour","src/components/McpConnectModal.ts","Not yet mapped to approved UAE Design System token","Requires review","Static extraction only"
"#3768","Hex colour","src/components/McpDataPanel.ts","Not yet mapped to approved UAE Design System token","Requires review","Static extraction only"
"#ff9800","Hex colour","src/components/MilitaryCorrelationPanel.ts","Not yet mapped to approved UAE Design System token","Requires review","Static extraction only"
"4px","Border radius","src/components/MilitaryCorrelationPanel.ts","Not yet mapped to approved UAE Design System token","Requires review","Static extraction only"
"3px","Border radius","src/components/MilitaryCorrelationPanel.ts","Not yet mapped to approved UAE Design System token","Requires review","Static extraction only"
"6px","Border radius","src/components/MilitaryCorrelationPanel.ts","Not yet mapped to approved UAE Design System token","Requires review","Static extraction only"
"--category-color","CSS custom property","src/components/NewsPanel.ts","Not yet mapped to approved UAE Design System token","Requires review","Static extraction only"
"--category-background","CSS custom property","src/components/NewsPanel.ts","Not yet mapped to approved UAE Design System token","Requires review","Static extraction only"
"#4923","Hex colour","src/components/NewsPanel.ts","Not yet mapped to approved UAE Design System token","Requires review","Static extraction only"
"#107","Hex colour","src/components/NewsPanel.ts","Not yet mapped to approved UAE Design System token","Requires review","Static extraction only"
"#5873","Hex colour","src/components/NewsPanel.ts","Not yet mapped to approved UAE Design System token","Requires review","Static extraction only"
"#f59e0b","Hex colour","src/components/OilInventoriesPanel.ts","Not yet mapped to approved UAE Design System token","Requires review","Static extraction only"
"#3b82f6","Hex colour","src/components/OilInventoriesPanel.ts","Not yet mapped to approved UAE Design System token","Requires review","Static extraction only"
"#6b7280","Hex colour","src/components/OilInventoriesPanel.ts","Not yet mapped to approved UAE Design System token","Requires review","Static extraction only"
"#ef4444","Hex colour","src/components/OilInventoriesPanel.ts","Not yet mapped to approved UAE Design System token","Requires review","Static extraction only"
"#22c55e","Hex colour","src/components/OilInventoriesPanel.ts","Not yet mapped to approved UAE Design System token","Requires review","Static extraction only"
"#14b8a6","Hex colour","src/components/OilInventoriesPanel.ts","Not yet mapped to approved UAE Design System token","Requires review","Static extraction only"
"6px","Border radius","src/components/OilInventoriesPanel.ts","Not yet mapped to approved UAE Design System token","Requires review","Static extraction only"
"#4771","Hex colour","src/components/Panel.ts","Not yet mapped to approved UAE Design System token","Requires review","Static extraction only"
"#3990","Hex colour","src/components/Panel.ts","Not yet mapped to approved UAE Design System token","Requires review","Static extraction only"
"#4001","Hex colour","src/components/Panel.ts","Not yet mapped to approved UAE Design System token","Requires review","Static extraction only"
"#3814","Hex colour","src/components/Panel.ts","Not yet mapped to approved UAE Design System token","Requires review","Static extraction only"
"#2ecc71","Hex colour","src/components/PipelineStatusPanel.ts","Not yet mapped to approved UAE Design System token","Requires review","Static extraction only"
"#f39c12","Hex colour","src/components/PipelineStatusPanel.ts","Not yet mapped to approved UAE Design System token","Requires review","Static extraction only"
"#e74c3c","Hex colour","src/components/PipelineStatusPanel.ts","Not yet mapped to approved UAE Design System token","Requires review","Static extraction only"
"#9b59b6","Hex colour","src/components/PipelineStatusPanel.ts","Not yet mapped to approved UAE Design System token","Requires review","Static extraction only"
"#7f8c8d","Hex colour","src/components/PipelineStatusPanel.ts","Not yet mapped to approved UAE Design System token","Requires review","Static extraction only"
"#888","Hex colour","src/components/PipelineStatusPanel.ts","Not yet mapped to approved UAE Design System token","Requires review","Static extraction only"
"#eee","Hex colour","src/components/PipelineStatusPanel.ts","Not yet mapped to approved UAE Design System token","Requires review","Static extraction only"
"#fff","Hex colour","src/components/PipelineStatusPanel.ts","Not yet mapped to approved UAE Design System token","Requires review","Static extraction only"
"#0f1218","Hex colour","src/components/PipelineStatusPanel.ts","Not yet mapped to approved UAE Design System token","Requires review","Static extraction only"
"#4ade80","Hex colour","src/components/PipelineStatusPanel.ts","Not yet mapped to approved UAE Design System token","Requires review","Static extraction only"
"10px","Border radius","src/components/PipelineStatusPanel.ts","Not yet mapped to approved UAE Design System token","Requires review","Static extraction only"
"6px","Border radius","src/components/PipelineStatusPanel.ts","Not yet mapped to approved UAE Design System token","Requires review","Static extraction only"
"#ff0040","Hex colour","src/components/PizzIntIndicator.ts","Not yet mapped to approved UAE Design System token","Requires review","Static extraction only"
"#ff4400","Hex colour","src/components/PizzIntIndicator.ts","Not yet mapped to approved UAE Design System token","Requires review","Static extraction only"
"#ffaa00","Hex colour","src/components/PizzIntIndicator.ts","Not yet mapped to approved UAE Design System token","Requires review","Static extraction only"
"#00aaff","Hex colour","src/components/PizzIntIndicator.ts","Not yet mapped to approved UAE Design System token","Requires review","Static extraction only"
"#2d8a6e","Hex colour","src/components/PizzIntIndicator.ts","Not yet mapped to approved UAE Design System token","Requires review","Static extraction only"
"#888","Hex colour","src/components/PizzIntIndicator.ts","Not yet mapped to approved UAE Design System token","Requires review","Static extraction only"
"#000","Hex colour","src/components/PizzIntIndicator.ts","Not yet mapped to approved UAE Design System token","Requires review","Static extraction only"
"#5632","Hex colour","src/components/PlaybackControl.ts","Not yet mapped to approved UAE Design System token","Requires review","Static extraction only"
"--pos-glow-color","CSS custom property","src/components/PositioningPanel.ts","Not yet mapped to approved UAE Design System token","Requires review","Static extraction only"
"#e74c3c","Hex colour","src/components/PositioningPanel.ts","Not yet mapped to approved UAE Design System token","Requires review","Static extraction only"
"#e67e22","Hex colour","src/components/PositioningPanel.ts","Not yet mapped to approved UAE Design System token","Requires review","Static extraction only"
"#c0392b88","Hex colour","src/components/PositioningPanel.ts","Not yet mapped to approved UAE Design System token","Requires review","Static extraction only"
"#2ecc71","Hex colour","src/components/PositioningPanel.ts","Not yet mapped to approved UAE Design System token","Requires review","Static extraction only"
"#27ae60","Hex colour","src/components/PositioningPanel.ts","Not yet mapped to approved UAE Design System token","Requires review","Static extraction only"
"#2ecc7188","Hex colour","src/components/PositioningPanel.ts","Not yet mapped to approved UAE Design System token","Requires review","Static extraction only"
"#333","Hex colour","src/components/PositioningPanel.ts","Not yet mapped to approved UAE Design System token","Requires review","Static extraction only"
"#16181d","Hex colour","src/components/ProActivationChip.ts","Not yet mapped to approved UAE Design System token","Requires review","Static extraction only"
"#e8eaed","Hex colour","src/components/ProActivationChip.ts","Not yet mapped to approved UAE Design System token","Requires review","Static extraction only"
"#2a2d34","Hex colour","src/components/ProActivationChip.ts","Not yet mapped to approved UAE Design System token","Requires review","Static extraction only"
"#22c55e","Hex colour","src/components/ProActivationChip.ts","Not yet mapped to approved UAE Design System token","Requires review","Static extraction only"
"#0b0c0f","Hex colour","src/components/ProActivationChip.ts","Not yet mapped to approved UAE Design System token","Requires review","Static extraction only"
"#8b8f98","Hex colour","src/components/ProActivationChip.ts","Not yet mapped to approved UAE Design System token","Requires review","Static extraction only"
"#5617","Hex colour","src/components/ProActivationChip.ts","Not yet mapped to approved UAE Design System token","Requires review","Static extraction only"
"#5609","Hex colour","src/components/ProActivationInterstitial.ts","Not yet mapped to approved UAE Design System token","Requires review","Static extraction only"
"#5617","Hex colour","src/components/ProActivationInterstitial.ts","Not yet mapped to approved UAE Design System token","Requires review","Static extraction only"
"#5600","Hex colour","src/components/ProActivationInterstitial.ts","Not yet mapped to approved UAE Design System token","Requires review","Static extraction only"
"#5727","Hex colour","src/components/ProActivationInterstitial.ts","Not yet mapped to approved UAE Design System token","Requires review","Static extraction only"
"#5621","Hex colour","src/components/ProActivationInterstitial.ts","Not yet mapped to approved UAE Design System token","Requires review","Static extraction only"
"#5584","Hex colour","src/components/ProActivationInterstitial.ts","Not yet mapped to approved UAE Design System token","Requires review","Static extraction only"
"#5590","Hex colour","src/components/ProActivationInterstitial.ts","Not yet mapped to approved UAE Design System token","Requires review","Static extraction only"
"#5728","Hex colour","src/components/ProBanner.ts","Not yet mapped to approved UAE Design System token","Requires review","Static extraction only"
"#3758","Hex colour","src/components/ProgressChartsPanel.ts","Not yet mapped to approved UAE Design System token","Requires review","Static extraction only"
"#fff","Hex colour","src/components/ProgressChartsPanel.ts","Not yet mapped to approved UAE Design System token","Requires review","Static extraction only"
"#2963","Hex colour","src/components/RegionalIntelligenceBoard.ts","Not yet mapped to approved UAE Design System token","Requires review","Static extraction only"
"#2995","Hex colour","src/components/RegionalIntelligenceBoard.ts","Not yet mapped to approved UAE Design System token","Requires review","Static extraction only"
"#d4a015","Hex colour","src/components/RegionalIntelligenceBoard.ts","Not yet mapped to approved UAE Design System token","Requires review","Static extraction only"
"#2949","Hex colour","src/components/ResilienceWidget.ts","Not yet mapped to approved UAE Design System token","Requires review","Static extraction only"
"#2943","Hex colour","src/components/ResilienceWidget.ts","Not yet mapped to approved UAE Design System token","Requires review","Static extraction only"
"#4537","Hex colour","src/components/SearchModal.ts","Not yet mapped to approved UAE Design System token","Requires review","Static extraction only"
"#5158","Hex colour","src/components/SearchModal.ts","Not yet mapped to approved UAE Design System token","Requires review","Static extraction only"
"#4556","Hex colour","src/components/SearchModal.ts","Not yet mapped to approved UAE Design System token","Requires review","Static extraction only"
"#ff9944","Hex colour","src/components/SignalModal.ts","Not yet mapped to approved UAE Design System token","Requires review","Static extraction only"
"#e74c3c","Hex colour","src/components/SocialVelocityPanel.ts","Not yet mapped to approved UAE Design System token","Requires review","Static extraction only"
"#e67e22","Hex colour","src/components/SocialVelocityPanel.ts","Not yet mapped to approved UAE Design System token","Requires review","Static extraction only"
"#f1c40f","Hex colour","src/components/SocialVelocityPanel.ts","Not yet mapped to approved UAE Design System token","Requires review","Static extraction only"
"#27ae60","Hex colour","src/components/SocialVelocityPanel.ts","Not yet mapped to approved UAE Design System token","Requires review","Static extraction only"
"#9650","Hex colour","src/components/SocialVelocityPanel.ts","Not yet mapped to approved UAE Design System token","Requires review","Static extraction only"
"#128172","Hex colour","src/components/SocialVelocityPanel.ts","Not yet mapped to approved UAE Design System token","Requires review","Static extraction only"
"3px","Border radius","src/components/SocialVelocityPanel.ts","Not yet mapped to approved UAE Design System token","Requires review","Static extraction only"
"2px","Border radius","src/components/SocialVelocityPanel.ts","Not yet mapped to approved UAE Design System token","Requires review","Static extraction only"
"#6B8F5E","Hex colour","src/components/SpeciesComebackPanel.ts","Not yet mapped to approved UAE Design System token","Requires review","Static extraction only"
"#999","Hex colour","src/components/SpeciesComebackPanel.ts","Not yet mapped to approved UAE Design System token","Requires review","Static extraction only"
"var(--font-mono)","Font family declaration","src/components/StockAnalysisPanel.ts","Not yet mapped to approved UAE Design System token","Requires review","Static extraction only"
"var(--font-mono)"">${escapeHtml(ratingSignal)}</span>","Font family declaration","src/components/StockAnalysisPanel.ts","Not yet mapped to approved UAE Design System token","Requires review","Static extraction only"
"var(--font-mono)"">","Font family declaration","src/components/StockAnalysisPanel.ts","Not yet mapped to approved UAE Design System token","Requires review","Static extraction only"
"var(--font-mono)"">${Number.isFinite(tx.shares) ? tx.shares.toLocaleString() : '0'}</td>","Font family declaration","src/components/StockAnalysisPanel.ts","Not yet mapped to approved UAE Design System token","Requires review","Static extraction only"
"var(--font-mono)"">${valueCell}</td>","Font family declaration","src/components/StockAnalysisPanel.ts","Not yet mapped to approved UAE Design System token","Requires review","Static extraction only"
"#16a34a","Hex colour","src/components/StockAnalysisPanel.ts","Not yet mapped to approved UAE Design System token","Requires review","Static extraction only"
"#4ade80","Hex colour","src/components/StockAnalysisPanel.ts","Not yet mapped to approved UAE Design System token","Requires review","Static extraction only"
"#facc15","Hex colour","src/components/StockAnalysisPanel.ts","Not yet mapped to approved UAE Design System token","Requires review","Static extraction only"
"#f87171","Hex colour","src/components/StockAnalysisPanel.ts","Not yet mapped to approved UAE Design System token","Requires review","Static extraction only"
"#dc2626","Hex colour","src/components/StockAnalysisPanel.ts","Not yet mapped to approved UAE Design System token","Requires review","Static extraction only"
"3px"">${escapeHtml(item.dividendFrequency)}</span>`","Border radius","src/components/StockAnalysisPanel.ts","Not yet mapped to approved UAE Design System token","Requires review","Static extraction only"
"2px","Border radius","src/components/StockAnalysisPanel.ts","Not yet mapped to approved UAE Design System token","Requires review","Static extraction only"
"4px","Border radius","src/components/StockAnalysisPanel.ts","Not yet mapped to approved UAE Design System token","Requires review","Static extraction only"
"var(--font-mono)","Font family declaration","src/components/StockBacktestPanel.ts","Not yet mapped to approved UAE Design System token","Requires review","Static extraction only"
"#8df0b2","Hex colour","src/components/StockBacktestPanel.ts","Not yet mapped to approved UAE Design System token","Requires review","Static extraction only"
"#ff8c8c","Hex colour","src/components/StockBacktestPanel.ts","Not yet mapped to approved UAE Design System token","Requires review","Static extraction only"
"#2ecc71","Hex colour","src/components/StorageFacilityMapPanel.ts","Not yet mapped to approved UAE Design System token","Requires review","Static extraction only"
"#f39c12","Hex colour","src/components/StorageFacilityMapPanel.ts","Not yet mapped to approved UAE Design System token","Requires review","Static extraction only"
"#e74c3c","Hex colour","src/components/StorageFacilityMapPanel.ts","Not yet mapped to approved UAE Design System token","Requires review","Static extraction only"
"#9b59b6","Hex colour","src/components/StorageFacilityMapPanel.ts","Not yet mapped to approved UAE Design System token","Requires review","Static extraction only"
"#7f8c8d","Hex colour","src/components/StorageFacilityMapPanel.ts","Not yet mapped to approved UAE Design System token","Requires review","Static extraction only"
"#888","Hex colour","src/components/StorageFacilityMapPanel.ts","Not yet mapped to approved UAE Design System token","Requires review","Static extraction only"
"#eee","Hex colour","src/components/StorageFacilityMapPanel.ts","Not yet mapped to approved UAE Design System token","Requires review","Static extraction only"
"#fff","Hex colour","src/components/StorageFacilityMapPanel.ts","Not yet mapped to approved UAE Design System token","Requires review","Static extraction only"
"#0f1218","Hex colour","src/components/StorageFacilityMapPanel.ts","Not yet mapped to approved UAE Design System token","Requires review","Static extraction only"
"#4ade80","Hex colour","src/components/StorageFacilityMapPanel.ts","Not yet mapped to approved UAE Design System token","Requires review","Static extraction only"
"10px","Border radius","src/components/StorageFacilityMapPanel.ts","Not yet mapped to approved UAE Design System token","Requires review","Static extraction only"
"6px","Border radius","src/components/StorageFacilityMapPanel.ts","Not yet mapped to approved UAE Design System token","Requires review","Static extraction only"
"#4486","Hex colour","src/components/StoryModal.ts","Not yet mapped to approved UAE Design System token","Requires review","Static extraction only"
"--score-color","CSS custom property","src/components/StrategicRiskPanel.ts","Not yet mapped to approved UAE Design System token","Requires review","Static extraction only"
"--score-deg","CSS custom property","src/components/StrategicRiskPanel.ts","Not yet mapped to approved UAE Design System token","Requires review","Static extraction only"
"#888","Hex colour","src/components/SupplyChainPanel.ts","Not yet mapped to approved UAE Design System token","Requires review","Static extraction only"
"#7f1d1d","Hex colour","src/components/SupplyChainPanel.ts","Not yet mapped to approved UAE Design System token","Requires review","Static extraction only"
"#fff","Hex colour","src/components/SupplyChainPanel.ts","Not yet mapped to approved UAE Design System token","Requires review","Static extraction only"
"#dc2626","Hex colour","src/components/SupplyChainPanel.ts","Not yet mapped to approved UAE Design System token","Requires review","Static extraction only"
"#7f1d1d22","Hex colour","src/components/SupplyChainPanel.ts","Not yet mapped to approved UAE Design System token","Requires review","Static extraction only"
"#fca5a5","Hex colour","src/components/SupplyChainPanel.ts","Not yet mapped to approved UAE Design System token","Requires review","Static extraction only"
"#ef4444","Hex colour","src/components/SupplyChainPanel.ts","Not yet mapped to approved UAE Design System token","Requires review","Static extraction only"
"#f59e0b","Hex colour","src/components/SupplyChainPanel.ts","Not yet mapped to approved UAE Design System token","Requires review","Static extraction only"
"#ea580c","Hex colour","src/components/SupplyChainPanel.ts","Not yet mapped to approved UAE Design System token","Requires review","Static extraction only"
"#9888","Hex colour","src/components/SupplyChainPanel.ts","Not yet mapped to approved UAE Design System token","Requires review","Static extraction only"
"#e74c3c","Hex colour","src/components/SupplyChainPanel.ts","Not yet mapped to approved UAE Design System token","Requires review","Static extraction only"
"#e67e22","Hex colour","src/components/SupplyChainPanel.ts","Not yet mapped to approved UAE Design System token","Requires review","Static extraction only"
"#f1c40f","Hex colour","src/components/SupplyChainPanel.ts","Not yet mapped to approved UAE Design System token","Requires review","Static extraction only"
"#27ae60","Hex colour","src/components/SupplyChainPanel.ts","Not yet mapped to approved UAE Design System token","Requires review","Static extraction only"
"#4fc3f7","Hex colour","src/components/SupplyChainPanel.ts","Not yet mapped to approved UAE Design System token","Requires review","Static extraction only"
"3px","Border radius","src/components/SupplyChainPanel.ts","Not yet mapped to approved UAE Design System token","Requires review","Static extraction only"
"2px","Border radius","src/components/SupplyChainPanel.ts","Not yet mapped to approved UAE Design System token","Requires review","Static extraction only"
"#e0654b","Hex colour","src/components/TechReadinessPanel.ts","Not yet mapped to approved UAE Design System token","Requires review","Static extraction only"
"#ef4444","Hex colour","src/components/ThreatTimelinePanel.ts","Not yet mapped to approved UAE Design System token","Requires review","Static extraction only"
"#38bdf8","Hex colour","src/components/ThreatTimelinePanel.ts","Not yet mapped to approved UAE Design System token","Requires review","Static extraction only"
"#f97316","Hex colour","src/components/ThreatTimelinePanel.ts","Not yet mapped to approved UAE Design System token","Requires review","Static extraction only"
"#eab308","Hex colour","src/components/ThreatTimelinePanel.ts","Not yet mapped to approved UAE Design System token","Requires review","Static extraction only"
"#94a3b8","Hex colour","src/components/ThreatTimelinePanel.ts","Not yet mapped to approved UAE Design System token","Requires review","Static extraction only"
"8px","Border radius","src/components/ThreatTimelinePanel.ts","Not yet mapped to approved UAE Design System token","Requires review","Static extraction only"
"999px","Border radius","src/components/ThreatTimelinePanel.ts","Not yet mapped to approved UAE Design System token","Requires review","Static extraction only"
"3px","Border radius","src/components/TradePolicyPanel.ts","Not yet mapped to approved UAE Design System token","Requires review","Static extraction only"
"#5300","Hex colour","src/components/UcdpEventsPanel.ts","Not yet mapped to approved UAE Design System token","Requires review","Static extraction only"
"#4634","Hex colour","src/components/UnifiedSettings.ts","Not yet mapped to approved UAE Design System token","Requires review","Static extraction only"
"#4559","Hex colour","src/components/UnifiedSettings.ts","Not yet mapped to approved UAE Design System token","Requires review","Static extraction only"
"#22c55e","Hex colour","src/components/UnifiedSettings.ts","Not yet mapped to approved UAE Design System token","Requires review","Static extraction only"
"#eab308","Hex colour","src/components/UnifiedSettings.ts","Not yet mapped to approved UAE Design System token","Requires review","Static extraction only"
"#ef4444","Hex colour","src/components/UnifiedSettings.ts","Not yet mapped to approved UAE Design System token","Requires review","Static extraction only"
"#22c55e33","Hex colour","src/components/UnifiedSettings.ts","Not yet mapped to approved UAE Design System token","Requires review","Static extraction only"
"#eab30833","Hex colour","src/components/UnifiedSettings.ts","Not yet mapped to approved UAE Design System token","Requires review","Static extraction only"
"#ef444433","Hex colour","src/components/UnifiedSettings.ts","Not yet mapped to approved UAE Design System token","Requires review","Static extraction only"
"#22c55e0a","Hex colour","src/components/UnifiedSettings.ts","Not yet mapped to approved UAE Design System token","Requires review","Static extraction only"
"#eab3080a","Hex colour","src/components/UnifiedSettings.ts","Not yet mapped to approved UAE Design System token","Requires review","Static extraction only"
"#ef44440a","Hex colour","src/components/UnifiedSettings.ts","Not yet mapped to approved UAE Design System token","Requires review","Static extraction only"
"#4635","Hex colour","src/components/UnifiedSettings.ts","Not yet mapped to approved UAE Design System token","Requires review","Static extraction only"
"#5956","Hex colour","src/components/UnifiedSettings.ts","Not yet mapped to approved UAE Design System token","Requires review","Static extraction only"
"#4797","Hex colour","src/components/UnifiedSettings.ts","Not yet mapped to approved UAE Design System token","Requires review","Static extraction only"
"6px","Border radius","src/components/UnifiedSettings.ts","Not yet mapped to approved UAE Design System token","Requires review","Static extraction only"
"50%","Border radius","src/components/UnifiedSettings.ts","Not yet mapped to approved UAE Design System token","Requires review","Static extraction only"
"#22c55e","Hex colour","src/components/VerificationChecklist.ts","Not yet mapped to approved UAE Design System token","Requires review","Static extraction only"
"#84cc16","Hex colour","src/components/VerificationChecklist.ts","Not yet mapped to approved UAE Design System token","Requires review","Static extraction only"
"#eab308","Hex colour","src/components/VerificationChecklist.ts","Not yet mapped to approved UAE Design System token","Requires review","Static extraction only"
"#ef4444","Hex colour","src/components/VerificationChecklist.ts","Not yet mapped to approved UAE Design System token","Requires review","Static extraction only"
"8px","Border radius","src/components/VerificationChecklist.ts","Not yet mapped to approved UAE Design System token","Requires review","Static extraction only"
"4px","Border radius","src/components/VerificationChecklist.ts","Not yet mapped to approved UAE Design System token","Requires review","Static extraction only"
"inherit","Font family declaration","src/components/WatchlistEditor.ts","Not yet mapped to approved UAE Design System token","Requires review","Static extraction only"
"var(--font-mono)","Font family declaration","src/components/WatchlistEditor.ts","Not yet mapped to approved UAE Design System token","Requires review","Static extraction only"
"#0b0b0b","Hex colour","src/components/WatchlistEditor.ts","Not yet mapped to approved UAE Design System token","Requires review","Static extraction only"
"10px","Border radius","src/components/WatchlistEditor.ts","Not yet mapped to approved UAE Design System token","Requires review","Static extraction only"
"7px","Border radius","src/components/WatchlistEditor.ts","Not yet mapped to approved UAE Design System token","Requires review","Static extraction only"
"999px","Border radius","src/components/WatchlistEditor.ts","Not yet mapped to approved UAE Design System token","Requires review","Static extraction only"
"#3719","Hex colour","src/components/WatchlistTableView.ts","Not yet mapped to approved UAE Design System token","Requires review","Static extraction only"
"'SF Mono',SFMono-Regular,Consolas,monospace","Font family declaration","src/components/WsbTickerScannerPanel.ts","Not yet mapped to approved UAE Design System token","Requires review","Static extraction only"
"#e74c3c","Hex colour","src/components/WsbTickerScannerPanel.ts","Not yet mapped to approved UAE Design System token","Requires review","Static extraction only"
"#e67e22","Hex colour","src/components/WsbTickerScannerPanel.ts","Not yet mapped to approved UAE Design System token","Requires review","Static extraction only"
"#f1c40f","Hex colour","src/components/WsbTickerScannerPanel.ts","Not yet mapped to approved UAE Design System token","Requires review","Static extraction only"
"#27ae60","Hex colour","src/components/WsbTickerScannerPanel.ts","Not yet mapped to approved UAE Design System token","Requires review","Static extraction only"
"2px","Border radius","src/components/WsbTickerScannerPanel.ts","Not yet mapped to approved UAE Design System token","Requires review","Static extraction only"
"#2ecc71","Hex colour","src/components/YieldCurvePanel.ts","Not yet mapped to approved UAE Design System token","Requires review","Static extraction only"
"#3498db","Hex colour","src/components/YieldCurvePanel.ts","Not yet mapped to approved UAE Design System token","Requires review","Static extraction only"
"#e74c3c","Hex colour","src/components/YieldCurvePanel.ts","Not yet mapped to approved UAE Design System token","Requires review","Static extraction only"
"#27ae60","Hex colour","src/components/YieldCurvePanel.ts","Not yet mapped to approved UAE Design System token","Requires review","Static extraction only"
"#9b59b6","Hex colour","src/components/YieldCurvePanel.ts","Not yet mapped to approved UAE Design System token","Requires review","Static extraction only"
"#e67e22","Hex colour","src/components/YieldCurvePanel.ts","Not yet mapped to approved UAE Design System token","Requires review","Static extraction only"
"#fff","Hex colour","src/components/YieldCurvePanel.ts","Not yet mapped to approved UAE Design System token","Requires review","Static extraction only"
"#000","Hex colour","src/components/YieldCurvePanel.ts","Not yet mapped to approved UAE Design System token","Requires review","Static extraction only"
"4px","Border radius","src/components/YieldCurvePanel.ts","Not yet mapped to approved UAE Design System token","Requires review","Static extraction only"
"#dc2626","Hex colour","src/components/checkout-failure-banner.ts","Not yet mapped to approved UAE Design System token","Requires review","Static extraction only"
"#fff","Hex colour","src/components/checkout-failure-banner.ts","Not yet mapped to approved UAE Design System token","Requires review","Static extraction only"
"4px","Border radius","src/components/checkout-failure-banner.ts","Not yet mapped to approved UAE Design System token","Requires review","Static extraction only"
"#4559","Hex colour","src/components/confirm-dialog-labels.ts","Not yet mapped to approved UAE Design System token","Requires review","Static extraction only"
"#4559","Hex colour","src/components/confirm-dialog.ts","Not yet mapped to approved UAE Design System token","Requires review","Static extraction only"
"#ffaa44","Hex colour","src/components/deckgl-tooltip-renderers.ts","Not yet mapped to approved UAE Design System token","Requires review","Static extraction only"
"#5300","Hex colour","src/components/forecast-case-files.ts","Not yet mapped to approved UAE Design System token","Requires review","Static extraction only"
"#4561","Hex colour","src/components/map/conflict-zone-cull.ts","Not yet mapped to approved UAE Design System token","Requires review","Static extraction only"
"#4558","Hex colour","src/components/map/conflict-zone-cull.ts","Not yet mapped to approved UAE Design System token","Requires review","Static extraction only"
"#4537","Hex colour","src/components/map/conflict-zone-cull.ts","Not yet mapped to approved UAE Design System token","Requires review","Static extraction only"
"#4487","Hex colour","src/components/map/conflict-zone-cull.ts","Not yet mapped to approved UAE Design System token","Requires review","Static extraction only"
"#4558","Hex colour","src/components/map/deferred-layer-commit.ts","Not yet mapped to approved UAE Design System token","Requires review","Static extraction only"
"#4537","Hex colour","src/components/map/deferred-layer-commit.ts","Not yet mapped to approved UAE Design System token","Requires review","Static extraction only"
"#4558","Hex colour","src/components/map/render-timing.ts","Not yet mapped to approved UAE Design System token","Requires review","Static extraction only"
"#4537","Hex colour","src/components/map/render-timing.ts","Not yet mapped to approved UAE Design System token","Requires review","Static extraction only"
"#5873","Hex colour","src/components/news/source-coverage.ts","Not yet mapped to approved UAE Design System token","Requires review","Static extraction only"
"#4771","Hex colour","src/components/payment-failure-banner.ts","Not yet mapped to approved UAE Design System token","Requires review","Static extraction only"
"#b45309","Hex colour","src/components/payment-failure-banner.ts","Not yet mapped to approved UAE Design System token","Requires review","Static extraction only"
"#dc2626","Hex colour","src/components/payment-failure-banner.ts","Not yet mapped to approved UAE Design System token","Requires review","Static extraction only"
"#fff","Hex colour","src/components/payment-failure-banner.ts","Not yet mapped to approved UAE Design System token","Requires review","Static extraction only"
"4px","Border radius","src/components/payment-failure-banner.ts","Not yet mapped to approved UAE Design System token","Requires review","Static extraction only"
"#2963","Hex colour","src/components/regional-intelligence-board-utils.ts","Not yet mapped to approved UAE Design System token","Requires review","Static extraction only"
"#e0a020","Hex colour","src/components/regional-intelligence-board-utils.ts","Not yet mapped to approved UAE Design System token","Requires review","Static extraction only"
"4px","Border radius","src/components/regional-intelligence-board-utils.ts","Not yet mapped to approved UAE Design System token","Requires review","Static extraction only"
"2px","Border radius","src/components/regional-intelligence-board-utils.ts","Not yet mapped to approved UAE Design System token","Requires review","Static extraction only"
"#2949","Hex colour","src/components/resilience-widget-utils.ts","Not yet mapped to approved UAE Design System token","Requires review","Static extraction only"
"#3469","Hex colour","src/components/resilience-widget-utils.ts","Not yet mapped to approved UAE Design System token","Requires review","Static extraction only"
"#22c55e","Hex colour","src/components/resilience-widget-utils.ts","Not yet mapped to approved UAE Design System token","Requires review","Static extraction only"
"#84cc16","Hex colour","src/components/resilience-widget-utils.ts","Not yet mapped to approved UAE Design System token","Requires review","Static extraction only"
"#eab308","Hex colour","src/components/resilience-widget-utils.ts","Not yet mapped to approved UAE Design System token","Requires review","Static extraction only"
"#f97316","Hex colour","src/components/resilience-widget-utils.ts","Not yet mapped to approved UAE Design System token","Requires review","Static extraction only"
"#ef4444","Hex colour","src/components/resilience-widget-utils.ts","Not yet mapped to approved UAE Design System token","Requires review","Static extraction only"
"#2943","Hex colour","src/components/resilience-widget-utils.ts","Not yet mapped to approved UAE Design System token","Requires review","Static extraction only"
"#3737","Hex colour","src/components/resilience-widget-utils.ts","Not yet mapped to approved UAE Design System token","Requires review","Static extraction only"
"#2959","Hex colour","src/components/resilience-widget-utils.ts","Not yet mapped to approved UAE Design System token","Requires review","Static extraction only"
"#2961","Hex colour","src/components/resilience-widget-utils.ts","Not yet mapped to approved UAE Design System token","Requires review","Static extraction only"
"#ef4444","Hex colour","src/components/threat-timeline-utils.ts","Not yet mapped to approved UAE Design System token","Requires review","Static extraction only"
"#f97316","Hex colour","src/components/threat-timeline-utils.ts","Not yet mapped to approved UAE Design System token","Requires review","Static extraction only"
"#eab308","Hex colour","src/components/threat-timeline-utils.ts","Not yet mapped to approved UAE Design System token","Requires review","Static extraction only"
"#38bdf8","Hex colour","src/components/threat-timeline-utils.ts","Not yet mapped to approved UAE Design System token","Requires review","Static extraction only"
"#94a3b8","Hex colour","src/components/threat-timeline-utils.ts","Not yet mapped to approved UAE Design System token","Requires review","Static extraction only"
"#4922","Hex colour","src/components/watchlist-modal.ts","Not yet mapped to approved UAE Design System token","Requires review","Static extraction only"
"#4478","Hex colour","src/config/bases-expanded.ts","Not yet mapped to approved UAE Design System token","Requires review","Static extraction only"
"#5697","Hex colour","src/config/entities.ts","Not yet mapped to approved UAE Design System token","Requires review","Static extraction only"
"#5376","Hex colour","src/config/feed-resolution.ts","Not yet mapped to approved UAE Design System token","Requires review","Static extraction only"
"#5957","Hex colour","src/config/feeds.ts","Not yet mapped to approved UAE Design System token","Requires review","Static extraction only"
"#5960","Hex colour","src/config/feeds.ts","Not yet mapped to approved UAE Design System token","Requires review","Static extraction only"
"#5952","Hex colour","src/config/feeds.ts","Not yet mapped to approved UAE Design System token","Requires review","Static extraction only"
"#5949","Hex colour","src/config/feeds.ts","Not yet mapped to approved UAE Design System token","Requires review","Static extraction only"
"#5958","Hex colour","src/config/feeds.ts","Not yet mapped to approved UAE Design System token","Requires review","Static extraction only"
"#5950","Hex colour","src/config/feeds.ts","Not yet mapped to approved UAE Design System token","Requires review","Static extraction only"
"#5951","Hex colour","src/config/feeds.ts","Not yet mapped to approved UAE Design System token","Requires review","Static extraction only"
"#5959","Hex colour","src/config/feeds.ts","Not yet mapped to approved UAE Design System token","Requires review","Static extraction only"
"#5953","Hex colour","src/config/feeds.ts","Not yet mapped to approved UAE Design System token","Requires review","Static extraction only"
"#5954","Hex colour","src/config/feeds.ts","Not yet mapped to approved UAE Design System token","Requires review","Static extraction only"
"#3715","Hex colour","src/config/feeds.ts","Not yet mapped to approved UAE Design System token","Requires review","Static extraction only"
"#5405","Hex colour","src/config/feeds.ts","Not yet mapped to approved UAE Design System token","Requires review","Static extraction only"
"#6031","Hex colour","src/config/feeds.ts","Not yet mapped to approved UAE Design System token","Requires review","Static extraction only"
"#6000","Hex colour","src/config/feeds.ts","Not yet mapped to approved UAE Design System token","Requires review","Static extraction only"
"#5976","Hex colour","src/config/feeds.ts","Not yet mapped to approved UAE Design System token","Requires review","Static extraction only"
"#4404","Hex colour","src/config/geo-map.ts","Not yet mapped to approved UAE Design System token","Requires review","Static extraction only"
"#4443","Hex colour","src/config/geo-map.ts","Not yet mapped to approved UAE Design System token","Requires review","Static extraction only"
"#4404","Hex colour","src/config/index.ts","Not yet mapped to approved UAE Design System token","Requires review","Static extraction only"
"#4478","Hex colour","src/config/index.ts","Not yet mapped to approved UAE Design System token","Requires review","Static extraction only"
"#127919","Hex colour","src/config/map-layer-definitions.ts","Not yet mapped to approved UAE Design System token","Requires review","Static extraction only"
"#9876","Hex colour","src/config/map-layer-definitions.ts","Not yet mapped to approved UAE Design System token","Requires review","Static extraction only"
"#127963","Hex colour","src/config/map-layer-definitions.ts","Not yet mapped to approved UAE Design System token","Requires review","Static extraction only"
"#9762","Hex colour","src/config/map-layer-definitions.ts","Not yet mapped to approved UAE Design System token","Requires review","Static extraction only"
"#9888","Hex colour","src/config/map-layer-definitions.ts","Not yet mapped to approved UAE Design System token","Requires review","Static extraction only"
"#128640","Hex colour","src/config/map-layer-definitions.ts","Not yet mapped to approved UAE Design System token","Requires review","Static extraction only"
"#128752","Hex colour","src/config/map-layer-definitions.ts","Not yet mapped to approved UAE Design System token","Requires review","Static extraction only"
"#128268","Hex colour","src/config/map-layer-definitions.ts","Not yet mapped to approved UAE Design System token","Requires review","Static extraction only"
"#128738","Hex colour","src/config/map-layer-definitions.ts","Not yet mapped to approved UAE Design System token","Requires review","Static extraction only"
"#128421","Hex colour","src/config/map-layer-definitions.ts","Not yet mapped to approved UAE Design System token","Requires review","Static extraction only"
"#9992","Hex colour","src/config/map-layer-definitions.ts","Not yet mapped to approved UAE Design System token","Requires review","Static extraction only"
"#128674","Hex colour","src/config/map-layer-definitions.ts","Not yet mapped to approved UAE Design System token","Requires review","Static extraction only"
"#9875","Hex colour","src/config/map-layer-definitions.ts","Not yet mapped to approved UAE Design System token","Requires review","Static extraction only"
"#128226","Hex colour","src/config/map-layer-definitions.ts","Not yet mapped to approved UAE Design System token","Requires review","Static extraction only"
"#128101","Hex colour","src/config/map-layer-definitions.ts","Not yet mapped to approved UAE Design System token","Requires review","Static extraction only"
"#127787","Hex colour","src/config/map-layer-definitions.ts","Not yet mapped to approved UAE Design System token","Requires review","Static extraction only"
"#9928","Hex colour","src/config/map-layer-definitions.ts","Not yet mapped to approved UAE Design System token","Requires review","Static extraction only"
"#128225","Hex colour","src/config/map-layer-definitions.ts","Not yet mapped to approved UAE Design System token","Requires review","Static extraction only"
"#128737","Hex colour","src/config/map-layer-definitions.ts","Not yet mapped to approved UAE Design System token","Requires review","Static extraction only"
"#127755","Hex colour","src/config/map-layer-definitions.ts","Not yet mapped to approved UAE Design System token","Requires review","Static extraction only"
"#128293","Hex colour","src/config/map-layer-definitions.ts","Not yet mapped to approved UAE Design System token","Requires review","Static extraction only"
"#128176","Hex colour","src/config/map-layer-definitions.ts","Not yet mapped to approved UAE Design System token","Requires review","Static extraction only"
"#128142","Hex colour","src/config/map-layer-definitions.ts","Not yet mapped to approved UAE Design System token","Requires review","Static extraction only"
"#127758","Hex colour","src/config/map-layer-definitions.ts","Not yet mapped to approved UAE Design System token","Requires review","Static extraction only"
"#128200","Hex colour","src/config/map-layer-definitions.ts","Not yet mapped to approved UAE Design System token","Requires review","Static extraction only"
"#127763","Hex colour","src/config/map-layer-definitions.ts","Not yet mapped to approved UAE Design System token","Requires review","Static extraction only"
"#128683","Hex colour","src/config/map-layer-definitions.ts","Not yet mapped to approved UAE Design System token","Requires review","Static extraction only"
"#127970","Hex colour","src/config/map-layer-definitions.ts","Not yet mapped to approved UAE Design System token","Requires review","Static extraction only"
"#9889","Hex colour","src/config/map-layer-definitions.ts","Not yet mapped to approved UAE Design System token","Requires review","Static extraction only"
"#9729","Hex colour","src/config/map-layer-definitions.ts","Not yet mapped to approved UAE Design System token","Requires review","Static extraction only"
"#128197","Hex colour","src/config/map-layer-definitions.ts","Not yet mapped to approved UAE Design System token","Requires review","Static extraction only"
"#127974","Hex colour","src/config/map-layer-definitions.ts","Not yet mapped to approved UAE Design System token","Requires review","Static extraction only"
"#128230","Hex colour","src/config/map-layer-definitions.ts","Not yet mapped to approved UAE Design System token","Requires review","Static extraction only"
"#127760","Hex colour","src/config/map-layer-definitions.ts","Not yet mapped to approved UAE Design System token","Requires review","Static extraction only"
"#127775","Hex colour","src/config/map-layer-definitions.ts","Not yet mapped to approved UAE Design System token","Requires review","Static extraction only"
"#128154","Hex colour","src/config/map-layer-definitions.ts","Not yet mapped to approved UAE Design System token","Requires review","Static extraction only"
"#128522","Hex colour","src/config/map-layer-definitions.ts","Not yet mapped to approved UAE Design System token","Requires review","Static extraction only"
"#128062","Hex colour","src/config/map-layer-definitions.ts","Not yet mapped to approved UAE Design System token","Requires review","Static extraction only"
"#128301","Hex colour","src/config/map-layer-definitions.ts","Not yet mapped to approved UAE Design System token","Requires review","Static extraction only"
"#127981","Hex colour","src/config/map-layer-definitions.ts","Not yet mapped to approved UAE Design System token","Requires review","Static extraction only"
"#9973","Hex colour","src/config/map-layer-definitions.ts","Not yet mapped to approved UAE Design System token","Requires review","Static extraction only"
"#128247","Hex colour","src/config/map-layer-definitions.ts","Not yet mapped to approved UAE Design System token","Requires review","Static extraction only"
"#129440","Hex colour","src/config/map-layer-definitions.ts","Not yet mapped to approved UAE Design System token","Requires review","Static extraction only"
"#127959","Hex colour","src/config/map-layer-definitions.ts","Not yet mapped to approved UAE Design System token","Requires review","Static extraction only"
"#9881","Hex colour","src/config/map-layer-definitions.ts","Not yet mapped to approved UAE Design System token","Requires review","Static extraction only"
"#6045","Hex colour","src/config/map-layer-definitions.ts","Not yet mapped to approved UAE Design System token","Requires review","Static extraction only"
"#4478","Hex colour","src/config/military-bases.ts","Not yet mapped to approved UAE Design System token","Requires review","Static extraction only"
"#4410","Hex colour","src/config/military-bases.ts","Not yet mapped to approved UAE Design System token","Requires review","Static extraction only"
"#3366","Hex colour","src/config/panels.ts","Not yet mapped to approved UAE Design System token","Requires review","Static extraction only"
"#44ff88","Hex colour","src/config/panels.ts","Not yet mapped to approved UAE Design System token","Requires review","Static extraction only"
"#ff8844","Hex colour","src/config/panels.ts","Not yet mapped to approved UAE Design System token","Requires review","Static extraction only"
"#4488ff","Hex colour","src/config/panels.ts","Not yet mapped to approved UAE Design System token","Requires review","Static extraction only"
"#ff44ff","Hex colour","src/config/panels.ts","Not yet mapped to approved UAE Design System token","Requires review","Static extraction only"
"#ffff44","Hex colour","src/config/panels.ts","Not yet mapped to approved UAE Design System token","Requires review","Static extraction only"
"#ff4444","Hex colour","src/config/panels.ts","Not yet mapped to approved UAE Design System token","Requires review","Static extraction only"
"#44ffff","Hex colour","src/config/panels.ts","Not yet mapped to approved UAE Design System token","Requires review","Static extraction only"
"#88ff44","Hex colour","src/config/panels.ts","Not yet mapped to approved UAE Design System token","Requires review","Static extraction only"
"#ff88ff","Hex colour","src/config/panels.ts","Not yet mapped to approved UAE Design System token","Requires review","Static extraction only"
"#88ffff","Hex colour","src/config/panels.ts","Not yet mapped to approved UAE Design System token","Requires review","Static extraction only"
"#ff6b35","Hex colour","src/config/pipelines.ts","Not yet mapped to approved UAE Design System token","Requires review","Static extraction only"
"#00b4d8","Hex colour","src/config/pipelines.ts","Not yet mapped to approved UAE Design System token","Requires review","Static extraction only"
"#ffd166","Hex colour","src/config/pipelines.ts","Not yet mapped to approved UAE Design System token","Requires review","Static extraction only"
"#44ff88","Hex colour","src/config/pipelines.ts","Not yet mapped to approved UAE Design System token","Requires review","Static extraction only"
"#ffaa00","Hex colour","src/config/pipelines.ts","Not yet mapped to approved UAE Design System token","Requires review","Static extraction only"
"#5956","Hex colour","src/config/theater-presets.ts","Not yet mapped to approved UAE Design System token","Requires review","Static extraction only"
"#5950","Hex colour","src/config/theater-presets.ts","Not yet mapped to approved UAE Design System token","Requires review","Static extraction only"
"#4996","Hex colour","src/config/variant-dashboard-html.ts","Not yet mapped to approved UAE Design System token","Requires review","Static extraction only"
"#4404","Hex colour","src/config/variants/base.ts","Not yet mapped to approved UAE Design System token","Requires review","Static extraction only"
"#4907","Hex colour","src/config/variants/base.ts","Not yet mapped to approved UAE Design System token","Requires review","Static extraction only"
"#44ff88","Hex colour","src/config/variants/base.ts","Not yet mapped to approved UAE Design System token","Requires review","Static extraction only"
"#ff8844","Hex colour","src/config/variants/base.ts","Not yet mapped to approved UAE Design System token","Requires review","Static extraction only"
"#4488ff","Hex colour","src/config/variants/base.ts","Not yet mapped to approved UAE Design System token","Requires review","Static extraction only"
"#ff44ff","Hex colour","src/config/variants/base.ts","Not yet mapped to approved UAE Design System token","Requires review","Static extraction only"
"#ffff44","Hex colour","src/config/variants/base.ts","Not yet mapped to approved UAE Design System token","Requires review","Static extraction only"
"#ff4444","Hex colour","src/config/variants/base.ts","Not yet mapped to approved UAE Design System token","Requires review","Static extraction only"
"#44ffff","Hex colour","src/config/variants/base.ts","Not yet mapped to approved UAE Design System token","Requires review","Static extraction only"
"#88ff44","Hex colour","src/config/variants/base.ts","Not yet mapped to approved UAE Design System token","Requires review","Static extraction only"
"#ff88ff","Hex colour","src/config/variants/base.ts","Not yet mapped to approved UAE Design System token","Requires review","Static extraction only"
"#88ffff","Hex colour","src/config/variants/base.ts","Not yet mapped to approved UAE Design System token","Requires review","Static extraction only"
"#5873","Hex colour","src/config/variants/base.ts","Not yet mapped to approved UAE Design System token","Requires review","Static extraction only"
"#4404","Hex colour","src/config/variants/full.ts","Not yet mapped to approved UAE Design System token","Requires review","Static extraction only"
"#4404","Hex colour","src/e2e/map-harness.ts","Not yet mapped to approved UAE Design System token","Requires review","Static extraction only"
"#3925","Hex colour","src/e2e/map-harness.ts","Not yet mapped to approved UAE Design System token","Requires review","Static extraction only"
"#3994","Hex colour","src/main.ts","Not yet mapped to approved UAE Design System token","Requires review","Static extraction only"
"#4537","Hex colour","src/main.ts","Not yet mapped to approved UAE Design System token","Requires review","Static extraction only"
"#4580","Hex colour","src/main.ts","Not yet mapped to approved UAE Design System token","Requires review","Static extraction only"
"#5079","Hex colour","src/main.ts","Not yet mapped to approved UAE Design System token","Requires review","Static extraction only"
"#5622","Hex colour","src/mcp-grant-main.ts","Not yet mapped to approved UAE Design System token","Requires review","Static extraction only"
"#4923","Hex colour","src/services/activity-tracker.ts","Not yet mapped to approved UAE Design System token","Requires review","Static extraction only"
"#4926","Hex colour","src/services/activity-tracker.ts","Not yet mapped to approved UAE Design System token","Requires review","Static extraction only"
"#5697","Hex colour","src/services/analysis-core.ts","Not yet mapped to approved UAE Design System token","Requires review","Static extraction only"
"#5600","Hex colour","src/services/analyst-denial.ts","Not yet mapped to approved UAE Design System token","Requires review","Static extraction only"
"#5622","Hex colour","src/services/analyst-denial.ts","Not yet mapped to approved UAE Design System token","Requires review","Static extraction only"
"#4183","Hex colour","src/services/analytics-collector-transport.ts","Not yet mapped to approved UAE Design System token","Requires review","Static extraction only"
"#5715","Hex colour","src/services/analytics-collector-transport.ts","Not yet mapped to approved UAE Design System token","Requires review","Static extraction only"
"#5565","Hex colour","src/services/analytics-collector-transport.ts","Not yet mapped to approved UAE Design System token","Requires review","Static extraction only"
"#4183","Hex colour","src/services/analytics.ts","Not yet mapped to approved UAE Design System token","Requires review","Static extraction only"
"#4931","Hex colour","src/services/analytics.ts","Not yet mapped to approved UAE Design System token","Requires review","Static extraction only"
"#1812","Hex colour","src/services/analytics.ts","Not yet mapped to approved UAE Design System token","Requires review","Static extraction only"
"#4771","Hex colour","src/services/analytics.ts","Not yet mapped to approved UAE Design System token","Requires review","Static extraction only"
"#5609","Hex colour","src/services/analytics.ts","Not yet mapped to approved UAE Design System token","Requires review","Static extraction only"
"#5600","Hex colour","src/services/analytics.ts","Not yet mapped to approved UAE Design System token","Requires review","Static extraction only"
"#4934","Hex colour","src/services/analytics.ts","Not yet mapped to approved UAE Design System token","Requires review","Static extraction only"
"#5715","Hex colour","src/services/analytics.ts","Not yet mapped to approved UAE Design System token","Requires review","Static extraction only"
"#5165","Hex colour","src/services/analytics.ts","Not yet mapped to approved UAE Design System token","Requires review","Static extraction only"
"#3756","Hex colour","src/services/aviation/index.ts","Not yet mapped to approved UAE Design System token","Requires review","Static extraction only"
"#3795","Hex colour","src/services/aviation/index.ts","Not yet mapped to approved UAE Design System token","Requires review","Static extraction only"
"#4771","Hex colour","src/services/billing-state.ts","Not yet mapped to approved UAE Design System token","Requires review","Static extraction only"
"#4770","Hex colour","src/services/billing-state.ts","Not yet mapped to approved UAE Design System token","Requires review","Static extraction only"
"#5447","Hex colour","src/services/billing-state.ts","Not yet mapped to approved UAE Design System token","Requires review","Static extraction only"
"#4794","Hex colour","src/services/billing-state.ts","Not yet mapped to approved UAE Design System token","Requires review","Static extraction only"
"#4771","Hex colour","src/services/billing.ts","Not yet mapped to approved UAE Design System token","Requires review","Static extraction only"
"#4770","Hex colour","src/services/billing.ts","Not yet mapped to approved UAE Design System token","Requires review","Static extraction only"
"#5621","Hex colour","src/services/billing.ts","Not yet mapped to approved UAE Design System token","Requires review","Static extraction only"
"#5617","Hex colour","src/services/billing.ts","Not yet mapped to approved UAE Design System token","Requires review","Static extraction only"
"#4634","Hex colour","src/services/billing.ts","Not yet mapped to approved UAE Design System token","Requires review","Static extraction only"
"#4635","Hex colour","src/services/billing.ts","Not yet mapped to approved UAE Design System token","Requires review","Static extraction only"
"#5386","Hex colour","src/services/bootstrap.ts","Not yet mapped to approved UAE Design System token","Requires review","Static extraction only"
"#5300","Hex colour","src/services/bootstrap.ts","Not yet mapped to approved UAE Design System token","Requires review","Static extraction only"
"#5263","Hex colour","src/services/bootstrap.ts","Not yet mapped to approved UAE Design System token","Requires review","Static extraction only"
"#5287","Hex colour","src/services/bootstrap.ts","Not yet mapped to approved UAE Design System token","Requires review","Static extraction only"
"#5249","Hex colour","src/services/bootstrap.ts","Not yet mapped to approved UAE Design System token","Requires review","Static extraction only"
"#4488","Hex colour","src/services/bootstrap.ts","Not yet mapped to approved UAE Design System token","Requires review","Static extraction only"
"#5359","Hex colour","src/services/breaking-news-alerts.ts","Not yet mapped to approved UAE Design System token","Requires review","Static extraction only"
"#3800","Hex colour","src/services/cached-risk-scores.ts","Not yet mapped to approved UAE Design System token","Requires review","Static extraction only"
"#6B8F5E","Hex colour","src/services/celebration.ts","Not yet mapped to approved UAE Design System token","Requires review","Static extraction only"
"#C4A35A","Hex colour","src/services/celebration.ts","Not yet mapped to approved UAE Design System token","Requires review","Static extraction only"
"#7BA5C4","Hex colour","src/services/celebration.ts","Not yet mapped to approved UAE Design System token","Requires review","Static extraction only"
"#8BAF7A","Hex colour","src/services/celebration.ts","Not yet mapped to approved UAE Design System token","Requires review","Static extraction only"
"#E8B96E","Hex colour","src/services/celebration.ts","Not yet mapped to approved UAE Design System token","Requires review","Static extraction only"
"#7FC4C4","Hex colour","src/services/celebration.ts","Not yet mapped to approved UAE Design System token","Requires review","Static extraction only"
"#4438","Hex colour","src/services/checkout-dialog-factory.ts","Not yet mapped to approved UAE Design System token","Requires review","Static extraction only"
"#141414","Hex colour","src/services/checkout-dialog-factory.ts","Not yet mapped to approved UAE Design System token","Requires review","Static extraction only"
"#2a2a2a","Hex colour","src/services/checkout-dialog-factory.ts","Not yet mapped to approved UAE Design System token","Requires review","Static extraction only"
"#e8e8e8","Hex colour","src/services/checkout-dialog-factory.ts","Not yet mapped to approved UAE Design System token","Requires review","Static extraction only"
"#ffffff","Hex colour","src/services/checkout-dialog-factory.ts","Not yet mapped to approved UAE Design System token","Requires review","Static extraction only"
"#c8c8c8","Hex colour","src/services/checkout-dialog-factory.ts","Not yet mapped to approved UAE Design System token","Requires review","Static extraction only"
"#aaaaaa","Hex colour","src/services/checkout-dialog-factory.ts","Not yet mapped to approved UAE Design System token","Requires review","Static extraction only"
"#44ff88","Hex colour","src/services/checkout-dialog-factory.ts","Not yet mapped to approved UAE Design System token","Requires review","Static extraction only"
"#0a0a0a","Hex colour","src/services/checkout-dialog-factory.ts","Not yet mapped to approved UAE Design System token","Requires review","Static extraction only"
"#b91c1c","Hex colour","src/services/checkout-error-toast.ts","Not yet mapped to approved UAE Design System token","Requires review","Static extraction only"
"#dc2626","Hex colour","src/services/checkout-error-toast.ts","Not yet mapped to approved UAE Design System token","Requires review","Static extraction only"
"#fff","Hex colour","src/services/checkout-error-toast.ts","Not yet mapped to approved UAE Design System token","Requires review","Static extraction only"
"#4438","Hex colour","src/services/checkout-errors.ts","Not yet mapped to approved UAE Design System token","Requires review","Static extraction only"
"#3894","Hex colour","src/services/checkout-errors.ts","Not yet mapped to approved UAE Design System token","Requires review","Static extraction only"
"#5380","Hex colour","src/services/checkout-no-user-policy.ts","Not yet mapped to approved UAE Design System token","Requires review","Static extraction only"
"#4438","Hex colour","src/services/checkout-pending-dialog.ts","Not yet mapped to approved UAE Design System token","Requires review","Static extraction only"
"#5728","Hex colour","src/services/checkout-return.ts","Not yet mapped to approved UAE Design System token","Requires review","Static extraction only"
"#4449","Hex colour","src/services/checkout.ts","Not yet mapped to approved UAE Design System token","Requires review","Static extraction only"
"#4447","Hex colour","src/services/checkout.ts","Not yet mapped to approved UAE Design System token","Requires review","Static extraction only"
"#5728","Hex colour","src/services/checkout.ts","Not yet mapped to approved UAE Design System token","Requires review","Static extraction only"
"#4387","Hex colour","src/services/checkout.ts","Not yet mapped to approved UAE Design System token","Requires review","Static extraction only"
"#3163","Hex colour","src/services/checkout.ts","Not yet mapped to approved UAE Design System token","Requires review","Static extraction only"
"#0d0d0d","Hex colour","src/services/checkout.ts","Not yet mapped to approved UAE Design System token","Requires review","Static extraction only"
"#1a1a1a","Hex colour","src/services/checkout.ts","Not yet mapped to approved UAE Design System token","Requires review","Static extraction only"
"#323232","Hex colour","src/services/checkout.ts","Not yet mapped to approved UAE Design System token","Requires review","Static extraction only"
"#ffffff","Hex colour","src/services/checkout.ts","Not yet mapped to approved UAE Design System token","Requires review","Static extraction only"
"#909090","Hex colour","src/services/checkout.ts","Not yet mapped to approved UAE Design System token","Requires review","Static extraction only"
"#22c55e","Hex colour","src/services/checkout.ts","Not yet mapped to approved UAE Design System token","Requires review","Static extraction only"
"#16a34a","Hex colour","src/services/checkout.ts","Not yet mapped to approved UAE Design System token","Requires review","Static extraction only"
"#f8f9fa","Hex colour","src/services/checkout.ts","Not yet mapped to approved UAE Design System token","Requires review","Static extraction only"
"#d4d4d4","Hex colour","src/services/checkout.ts","Not yet mapped to approved UAE Design System token","Requires review","Static extraction only"
"#555555","Hex colour","src/services/checkout.ts","Not yet mapped to approved UAE Design System token","Requires review","Static extraction only"
"#15803d","Hex colour","src/services/checkout.ts","Not yet mapped to approved UAE Design System token","Requires review","Static extraction only"
"#4931","Hex colour","src/services/checkout.ts","Not yet mapped to approved UAE Design System token","Requires review","Static extraction only"
"#5380","Hex colour","src/services/checkout.ts","Not yet mapped to approved UAE Design System token","Requires review","Static extraction only"
"#4438","Hex colour","src/services/checkout.ts","Not yet mapped to approved UAE Design System token","Requires review","Static extraction only"
"#3894","Hex colour","src/services/checkout.ts","Not yet mapped to approved UAE Design System token","Requires review","Static extraction only"
"#4450","Hex colour","src/services/checkout.ts","Not yet mapped to approved UAE Design System token","Requires review","Static extraction only"
"#fff","Hex colour","src/services/checkout.ts","Not yet mapped to approved UAE Design System token","Requires review","Static extraction only"
"#251","Hex colour","src/services/checkout.ts","Not yet mapped to approved UAE Design System token","Requires review","Static extraction only"
"#4865","Hex colour","src/services/classify-gate.ts","Not yet mapped to approved UAE Design System token","Requires review","Static extraction only"
"#4779","Hex colour","src/services/classify-gate.ts","Not yet mapped to approved UAE Design System token","Requires review","Static extraction only"
"#5728","Hex colour","src/services/clerk.ts","Not yet mapped to approved UAE Design System token","Requires review","Static extraction only"
"#0f0f0f","Hex colour","src/services/clerk.ts","Not yet mapped to approved UAE Design System token","Requires review","Static extraction only"
"#141414","Hex colour","src/services/clerk.ts","Not yet mapped to approved UAE Design System token","Requires review","Static extraction only"
"#e8e8e8","Hex colour","src/services/clerk.ts","Not yet mapped to approved UAE Design System token","Requires review","Static extraction only"
"#aaaaaa","Hex colour","src/services/clerk.ts","Not yet mapped to approved UAE Design System token","Requires review","Static extraction only"
"#44ff88","Hex colour","src/services/clerk.ts","Not yet mapped to approved UAE Design System token","Requires review","Static extraction only"
"#ff4444","Hex colour","src/services/clerk.ts","Not yet mapped to approved UAE Design System token","Requires review","Static extraction only"
"#111111","Hex colour","src/services/clerk.ts","Not yet mapped to approved UAE Design System token","Requires review","Static extraction only"
"#2a2a2a","Hex colour","src/services/clerk.ts","Not yet mapped to approved UAE Design System token","Requires review","Static extraction only"
"#666666","Hex colour","src/services/clerk.ts","Not yet mapped to approved UAE Design System token","Requires review","Static extraction only"
"#000000","Hex colour","src/services/clerk.ts","Not yet mapped to approved UAE Design System token","Requires review","Static extraction only"
"#cccccc","Hex colour","src/services/clerk.ts","Not yet mapped to approved UAE Design System token","Requires review","Static extraction only"
"#888888","Hex colour","src/services/clerk.ts","Not yet mapped to approved UAE Design System token","Requires review","Static extraction only"
"#ffffff","Hex colour","src/services/clerk.ts","Not yet mapped to approved UAE Design System token","Requires review","Static extraction only"
"#f8f9fa","Hex colour","src/services/clerk.ts","Not yet mapped to approved UAE Design System token","Requires review","Static extraction only"
"#1a1a1a","Hex colour","src/services/clerk.ts","Not yet mapped to approved UAE Design System token","Requires review","Static extraction only"
"#555555","Hex colour","src/services/clerk.ts","Not yet mapped to approved UAE Design System token","Requires review","Static extraction only"
"#16a34a","Hex colour","src/services/clerk.ts","Not yet mapped to approved UAE Design System token","Requires review","Static extraction only"
"#dc2626","Hex colour","src/services/clerk.ts","Not yet mapped to approved UAE Design System token","Requires review","Static extraction only"
"#d4d4d4","Hex colour","src/services/clerk.ts","Not yet mapped to approved UAE Design System token","Requires review","Static extraction only"
"#5933","Hex colour","src/services/clerk.ts","Not yet mapped to approved UAE Design System token","Requires review","Static extraction only"
"#5300","Hex colour","src/services/conflict/index.ts","Not yet mapped to approved UAE Design System token","Requires review","Static extraction only"
"#ff3030","Hex colour","src/services/conflict/index.ts","Not yet mapped to approved UAE Design System token","Requires review","Static extraction only"
"#ff8800","Hex colour","src/services/conflict/index.ts","Not yet mapped to approved UAE Design System token","Requires review","Static extraction only"
"#ffcc00","Hex colour","src/services/conflict/index.ts","Not yet mapped to approved UAE Design System token","Requires review","Static extraction only"
"#5268","Hex colour","src/services/conflict/ucdp-classify.ts","Not yet mapped to approved UAE Design System token","Requires review","Static extraction only"
"#3242","Hex colour","src/services/correlation-engine/engine.ts","Not yet mapped to approved UAE Design System token","Requires review","Static extraction only"
"#4512","Hex colour","src/services/country-geometry.ts","Not yet mapped to approved UAE Design System token","Requires review","Static extraction only"
"#3800","Hex colour","src/services/country-instability.ts","Not yet mapped to approved UAE Design System token","Requires review","Static extraction only"
"#5300","Hex colour","src/services/cyber/index.ts","Not yet mapped to approved UAE Design System token","Requires review","Static extraction only"
"#4922","Hex colour","src/services/daily-market-brief.ts","Not yet mapped to approved UAE Design System token","Requires review","Static extraction only"
"#4929","Hex colour","src/services/daily-market-brief.ts","Not yet mapped to approved UAE Design System token","Requires review","Static extraction only"
"#4914","Hex colour","src/services/daily-market-brief.ts","Not yet mapped to approved UAE Design System token","Requires review","Static extraction only"
"#3242","Hex colour","src/services/economic/index.ts","Not yet mapped to approved UAE Design System token","Requires review","Static extraction only"
"#5728","Hex colour","src/services/entitlements.ts","Not yet mapped to approved UAE Design System token","Requires review","Static extraction only"
"#5632","Hex colour","src/services/entitlements.ts","Not yet mapped to approved UAE Design System token","Requires review","Static extraction only"
"#5697","Hex colour","src/services/entity-index.ts","Not yet mapped to approved UAE Design System token","Requires review","Static extraction only"
"#5697","Hex colour","src/services/feed-date.ts","Not yet mapped to approved UAE Design System token","Requires review","Static extraction only"
"#5873","Hex colour","src/services/feed-language.ts","Not yet mapped to approved UAE Design System token","Requires review","Static extraction only"
"#5300","Hex colour","src/services/forecast.ts","Not yet mapped to approved UAE Design System token","Requires review","Static extraction only"
"#4771","Hex colour","src/services/gates/export-resolver.ts","Not yet mapped to approved UAE Design System token","Requires review","Static extraction only"
"#5813","Hex colour","src/services/gates/export.ts","Not yet mapped to approved UAE Design System token","Requires review","Static extraction only"
"#5632","Hex colour","src/services/gates/playback-resolver.ts","Not yet mapped to approved UAE Design System token","Requires review","Static extraction only"
"#5632","Hex colour","src/services/gates/playback.ts","Not yet mapped to approved UAE Design System token","Requires review","Static extraction only"
"#5813","Hex colour","src/services/gates/playback.ts","Not yet mapped to approved UAE Design System token","Requires review","Static extraction only"
"#E8F4FD","Hex colour","src/services/happy-share-renderer.ts","Not yet mapped to approved UAE Design System token","Requires review","Static extraction only"
"#C5DFF8","Hex colour","src/services/happy-share-renderer.ts","Not yet mapped to approved UAE Design System token","Requires review","Static extraction only"
"#E8F5E4","Hex colour","src/services/happy-share-renderer.ts","Not yet mapped to approved UAE Design System token","Requires review","Static extraction only"
"#C5E8BE","Hex colour","src/services/happy-share-renderer.ts","Not yet mapped to approved UAE Design System token","Requires review","Static extraction only"
"#FDE8EE","Hex colour","src/services/happy-share-renderer.ts","Not yet mapped to approved UAE Design System token","Requires review","Static extraction only"
"#F5C5D5","Hex colour","src/services/happy-share-renderer.ts","Not yet mapped to approved UAE Design System token","Requires review","Static extraction only"
"#FDF5E8","Hex colour","src/services/happy-share-renderer.ts","Not yet mapped to approved UAE Design System token","Requires review","Static extraction only"
"#F5E2C0","Hex colour","src/services/happy-share-renderer.ts","Not yet mapped to approved UAE Design System token","Requires review","Static extraction only"
"#E4F5E8","Hex colour","src/services/happy-share-renderer.ts","Not yet mapped to approved UAE Design System token","Requires review","Static extraction only"
"#BEE8C5","Hex colour","src/services/happy-share-renderer.ts","Not yet mapped to approved UAE Design System token","Requires review","Static extraction only"
"#F0E8FD","Hex colour","src/services/happy-share-renderer.ts","Not yet mapped to approved UAE Design System token","Requires review","Static extraction only"
"#D8C5F5","Hex colour","src/services/happy-share-renderer.ts","Not yet mapped to approved UAE Design System token","Requires review","Static extraction only"
"#7BA5C4","Hex colour","src/services/happy-share-renderer.ts","Not yet mapped to approved UAE Design System token","Requires review","Static extraction only"
"#6B8F5E","Hex colour","src/services/happy-share-renderer.ts","Not yet mapped to approved UAE Design System token","Requires review","Static extraction only"
"#C48B9F","Hex colour","src/services/happy-share-renderer.ts","Not yet mapped to approved UAE Design System token","Requires review","Static extraction only"
"#C4A35A","Hex colour","src/services/happy-share-renderer.ts","Not yet mapped to approved UAE Design System token","Requires review","Static extraction only"
"#2d9a4e","Hex colour","src/services/happy-share-renderer.ts","Not yet mapped to approved UAE Design System token","Requires review","Static extraction only"
"#8b5cf6","Hex colour","src/services/happy-share-renderer.ts","Not yet mapped to approved UAE Design System token","Requires review","Static extraction only"
"#FFFFFF","Hex colour","src/services/happy-share-renderer.ts","Not yet mapped to approved UAE Design System token","Requires review","Static extraction only"
"#2D3748","Hex colour","src/services/happy-share-renderer.ts","Not yet mapped to approved UAE Design System token","Requires review","Static extraction only"
"#718096","Hex colour","src/services/happy-share-renderer.ts","Not yet mapped to approved UAE Design System token","Requires review","Static extraction only"
"#A0AEC0","Hex colour","src/services/happy-share-renderer.ts","Not yet mapped to approved UAE Design System token","Requires review","Static extraction only"
"#4715","Hex colour","src/services/health-freshness.ts","Not yet mapped to approved UAE Design System token","Requires review","Static extraction only"
"#4902","Hex colour","src/services/health-freshness.ts","Not yet mapped to approved UAE Design System token","Requires review","Static extraction only"
"#4865","Hex colour","src/services/health-freshness.ts","Not yet mapped to approved UAE Design System token","Requires review","Static extraction only"
"#4910","Hex colour","src/services/health-freshness.ts","Not yet mapped to approved UAE Design System token","Requires review","Static extraction only"
"#4907","Hex colour","src/services/health-freshness.ts","Not yet mapped to approved UAE Design System token","Requires review","Static extraction only"
"#4449","Hex colour","src/services/hosted-checkout-url.ts","Not yet mapped to approved UAE Design System token","Requires review","Static extraction only"
"#3027","Hex colour","src/services/imf-country-data.ts","Not yet mapped to approved UAE Design System token","Requires review","Static extraction only"
"#4571","Hex colour","src/services/index.ts","Not yet mapped to approved UAE Design System token","Requires review","Static extraction only"
"#4649","Hex colour","src/services/index.ts","Not yet mapped to approved UAE Design System token","Requires review","Static extraction only"
"#4921","Hex colour","src/services/insights-loader.ts","Not yet mapped to approved UAE Design System token","Requires review","Static extraction only"
"#4920","Hex colour","src/services/insights-loader.ts","Not yet mapped to approved UAE Design System token","Requires review","Static extraction only"
"#5622","Hex colour","src/services/mcp-grant-denial.ts","Not yet mapped to approved UAE Design System token","Requires review","Static extraction only"
"#4922","Hex colour","src/services/notification-channels.ts","Not yet mapped to approved UAE Design System token","Requires review","Static extraction only"
"#5622","Hex colour","src/services/notification-channels.ts","Not yet mapped to approved UAE Design System token","Requires review","Static extraction only"
"#4922","Hex colour","src/services/notifications-settings.ts","Not yet mapped to approved UAE Design System token","Requires review","Static extraction only"
"#3632","Hex colour","src/services/notifications-settings.ts","Not yet mapped to approved UAE Design System token","Requires review","Static extraction only"
"#5813","Hex colour","src/services/panel-gating.ts","Not yet mapped to approved UAE Design System token","Requires review","Static extraction only"
"#4771","Hex colour","src/services/panel-gating.ts","Not yet mapped to approved UAE Design System token","Requires review","Static extraction only"
"#5608","Hex colour","src/services/panel-gating.ts","Not yet mapped to approved UAE Design System token","Requires review","Static extraction only"
"#5733","Hex colour","src/services/prediction/index.ts","Not yet mapped to approved UAE Design System token","Requires review","Static extraction only"
"#34d399","Hex colour","src/services/preferences-content.ts","Not yet mapped to approved UAE Design System token","Requires review","Static extraction only"
"#fbbf24","Hex colour","src/services/preferences-content.ts","Not yet mapped to approved UAE Design System token","Requires review","Static extraction only"
"#f87171","Hex colour","src/services/preferences-content.ts","Not yet mapped to approved UAE Design System token","Requires review","Static extraction only"
"#888","Hex colour","src/services/preferences-content.ts","Not yet mapped to approved UAE Design System token","Requires review","Static extraction only"
"#5608","Hex colour","src/services/premium-denial.ts","Not yet mapped to approved UAE Design System token","Requires review","Static extraction only"
"#5600","Hex colour","src/services/premium-denial.ts","Not yet mapped to approved UAE Design System token","Requires review","Static extraction only"
"#5245","Hex colour","src/services/premium-fetch.ts","Not yet mapped to approved UAE Design System token","Requires review","Static extraction only"
"#5674","Hex colour","src/services/premium-fetch.ts","Not yet mapped to approved UAE Design System token","Requires review","Static extraction only"
"#5674","Hex colour","src/services/premium-intent.ts","Not yet mapped to approved UAE Design System token","Requires review","Static extraction only"
"#5219","Hex colour","src/services/premium-intent.ts","Not yet mapped to approved UAE Design System token","Requires review","Static extraction only"
"#5494","Hex colour","src/services/pro-activation-state.ts","Not yet mapped to approved UAE Design System token","Requires review","Static extraction only"
"#5617","Hex colour","src/services/pro-activation-state.ts","Not yet mapped to approved UAE Design System token","Requires review","Static extraction only"
"#5727","Hex colour","src/services/pro-activation-state.ts","Not yet mapped to approved UAE Design System token","Requires review","Static extraction only"
"#5582","Hex colour","src/services/pro-activation-state.ts","Not yet mapped to approved UAE Design System token","Requires review","Static extraction only"
"#5600","Hex colour","src/services/pro-activation-state.ts","Not yet mapped to approved UAE Design System token","Requires review","Static extraction only"
"#5609","Hex colour","src/services/pro-activation-state.ts","Not yet mapped to approved UAE Design System token","Requires review","Static extraction only"
"#5728","Hex colour","src/services/pro-banner-policy.ts","Not yet mapped to approved UAE Design System token","Requires review","Static extraction only"
"#3758","Hex colour","src/services/progress-data.ts","Not yet mapped to approved UAE Design System token","Requires review","Static extraction only"
"#6B8F5E","Hex colour","src/services/progress-data.ts","Not yet mapped to approved UAE Design System token","Requires review","Static extraction only"
"#7BA5C4","Hex colour","src/services/progress-data.ts","Not yet mapped to approved UAE Design System token","Requires review","Static extraction only"
"#C4A35A","Hex colour","src/services/progress-data.ts","Not yet mapped to approved UAE Design System token","Requires review","Static extraction only"
"#C48B9F","Hex colour","src/services/progress-data.ts","Not yet mapped to approved UAE Design System token","Requires review","Static extraction only"
"#223","Hex colour","src/services/referral.ts","Not yet mapped to approved UAE Design System token","Requires review","Static extraction only"
"#6000","Hex colour","src/services/regional-feed-rollout.ts","Not yet mapped to approved UAE Design System token","Requires review","Static extraction only"
"#5949","Hex colour","src/services/regional-feed-rollout.ts","Not yet mapped to approved UAE Design System token","Requires review","Static extraction only"
"#4478","Hex colour","src/services/related-assets.ts","Not yet mapped to approved UAE Design System token","Requires review","Static extraction only"
"#5165","Hex colour","src/services/rss.ts","Not yet mapped to approved UAE Design System token","Requires review","Static extraction only"
"#3417","Hex colour","src/services/rss.ts","Not yet mapped to approved UAE Design System token","Requires review","Static extraction only"
"#3242","Hex colour","src/services/sanctions-pressure.ts","Not yet mapped to approved UAE Design System token","Requires review","Static extraction only"
"#16a34a","Hex colour","src/services/stock-fundamentals-display.ts","Not yet mapped to approved UAE Design System token","Requires review","Static extraction only"
"#dc2626","Hex colour","src/services/stock-fundamentals-display.ts","Not yet mapped to approved UAE Design System token","Requires review","Static extraction only"
"#ef4444","Hex colour","src/services/story-renderer.ts","Not yet mapped to approved UAE Design System token","Requires review","Static extraction only"
"#f97316","Hex colour","src/services/story-renderer.ts","Not yet mapped to approved UAE Design System token","Requires review","Static extraction only"
"#eab308","Hex colour","src/services/story-renderer.ts","Not yet mapped to approved UAE Design System token","Requires review","Static extraction only"
"#22c55e","Hex colour","src/services/story-renderer.ts","Not yet mapped to approved UAE Design System token","Requires review","Static extraction only"
"#3b82f6","Hex colour","src/services/story-renderer.ts","Not yet mapped to approved UAE Design System token","Requires review","Static extraction only"
"#0c0c14","Hex colour","src/services/story-renderer.ts","Not yet mapped to approved UAE Design System token","Requires review","Static extraction only"
"#666","Hex colour","src/services/story-renderer.ts","Not yet mapped to approved UAE Design System token","Requires review","Static extraction only"
"#555","Hex colour","src/services/story-renderer.ts","Not yet mapped to approved UAE Design System token","Requires review","Static extraction only"
"#ffffff","Hex colour","src/services/story-renderer.ts","Not yet mapped to approved UAE Design System token","Requires review","Static extraction only"
"#888","Hex colour","src/services/story-renderer.ts","Not yet mapped to approved UAE Design System token","Requires review","Static extraction only"
"#777","Hex colour","src/services/story-renderer.ts","Not yet mapped to approved UAE Design System token","Requires review","Static extraction only"
"#fff","Hex colour","src/services/story-renderer.ts","Not yet mapped to approved UAE Design System token","Requires review","Static extraction only"
"#1a1a2e","Hex colour","src/services/story-renderer.ts","Not yet mapped to approved UAE Design System token","Requires review","Static extraction only"
"#dc2626","Hex colour","src/services/story-renderer.ts","Not yet mapped to approved UAE Design System token","Requires review","Static extraction only"
"#8b5cf6","Hex colour","src/services/story-renderer.ts","Not yet mapped to approved UAE Design System token","Requires review","Static extraction only"
"#aaa","Hex colour","src/services/story-renderer.ts","Not yet mapped to approved UAE Design System token","Requires review","Static extraction only"
"#999","Hex colour","src/services/story-renderer.ts","Not yet mapped to approved UAE Design System token","Requires review","Static extraction only"
"#e0e0e0","Hex colour","src/services/story-renderer.ts","Not yet mapped to approved UAE Design System token","Requires review","Static extraction only"
"#bbb","Hex colour","src/services/story-renderer.ts","Not yet mapped to approved UAE Design System token","Requires review","Static extraction only"
"#ddd","Hex colour","src/services/story-renderer.ts","Not yet mapped to approved UAE Design System token","Requires review","Static extraction only"
"#222","Hex colour","src/services/story-renderer.ts","Not yet mapped to approved UAE Design System token","Requires review","Static extraction only"
"#444","Hex colour","src/services/story-renderer.ts","Not yet mapped to approved UAE Design System token","Requires review","Static extraction only"
"#ffffff","Hex colour","src/services/story-share.ts","Not yet mapped to approved UAE Design System token","Requires review","Static extraction only"
"#000000","Hex colour","src/services/story-share.ts","Not yet mapped to approved UAE Design System token","Requires review","Static extraction only"
"#5377","Hex colour","src/services/summarization-outcome.ts","Not yet mapped to approved UAE Design System token","Requires review","Static extraction only"
"#5605","Hex colour","src/services/summarization-outcome.ts","Not yet mapped to approved UAE Design System token","Requires review","Static extraction only"
"#4913","Hex colour","src/services/summarization.ts","Not yet mapped to approved UAE Design System token","Requires review","Static extraction only"
"#4687","Hex colour","src/services/summarization.ts","Not yet mapped to approved UAE Design System token","Requires review","Static extraction only"
"#4944","Hex colour","src/services/summarization.ts","Not yet mapped to approved UAE Design System token","Requires review","Static extraction only"
"#5605","Hex colour","src/services/summarization.ts","Not yet mapped to approved UAE Design System token","Requires review","Static extraction only"
"#5377","Hex colour","src/services/summarization.ts","Not yet mapped to approved UAE Design System token","Requires review","Static extraction only"
"#4913","Hex colour","src/services/summarize-gate.ts","Not yet mapped to approved UAE Design System token","Requires review","Static extraction only"
"#4675","Hex colour","src/services/summarize-gate.ts","Not yet mapped to approved UAE Design System token","Requires review","Static extraction only"
"#4687","Hex colour","src/services/summarize-gate.ts","Not yet mapped to approved UAE Design System token","Requires review","Static extraction only"
"#5605","Hex colour","src/services/summarize-gate.ts","Not yet mapped to approved UAE Design System token","Requires review","Static extraction only"
"#3584","Hex colour","src/services/supply-chain/index.ts","Not yet mapped to approved UAE Design System token","Requires review","Static extraction only"
"#ef4444","Hex colour","src/services/threat-classifier.ts","Not yet mapped to approved UAE Design System token","Requires review","Static extraction only"
"#f97316","Hex colour","src/services/threat-classifier.ts","Not yet mapped to approved UAE Design System token","Requires review","Static extraction only"
"#eab308","Hex colour","src/services/threat-classifier.ts","Not yet mapped to approved UAE Design System token","Requires review","Static extraction only"
"#22c55e","Hex colour","src/services/threat-classifier.ts","Not yet mapped to approved UAE Design System token","Requires review","Static extraction only"
"#3b82f6","Hex colour","src/services/threat-classifier.ts","Not yet mapped to approved UAE Design System token","Requires review","Static extraction only"
"#4865","Hex colour","src/services/threat-classifier.ts","Not yet mapped to approved UAE Design System token","Requires review","Static extraction only"
"#4779","Hex colour","src/services/threat-classifier.ts","Not yet mapped to approved UAE Design System token","Requires review","Static extraction only"
"#5697","Hex colour","src/services/trending-keywords.ts","Not yet mapped to approved UAE Design System token","Requires review","Static extraction only"
"#5386","Hex colour","src/services/weather.ts","Not yet mapped to approved UAE Design System token","Requires review","Static extraction only"
"#ffd700","Hex colour","src/services/webcams/index.ts","Not yet mapped to approved UAE Design System token","Requires review","Static extraction only"
"#00d4ff","Hex colour","src/services/webcams/index.ts","Not yet mapped to approved UAE Design System token","Requires review","Static extraction only"
"#45b7d1","Hex colour","src/services/webcams/index.ts","Not yet mapped to approved UAE Design System token","Requires review","Static extraction only"
"#96ceb4","Hex colour","src/services/webcams/index.ts","Not yet mapped to approved UAE Design System token","Requires review","Static extraction only"
"#f4a460","Hex colour","src/services/webcams/index.ts","Not yet mapped to approved UAE Design System token","Requires review","Static extraction only"
"#4169e1","Hex colour","src/services/webcams/index.ts","Not yet mapped to approved UAE Design System token","Requires review","Static extraction only"
"#888888","Hex colour","src/services/webcams/index.ts","Not yet mapped to approved UAE Design System token","Requires review","Static extraction only"
"#3310","Hex colour","src/services/webmcp.ts","Not yet mapped to approved UAE Design System token","Requires review","Static extraction only"
"#6120","Hex colour","src/services/wm-session-copy.ts","Not yet mapped to approved UAE Design System token","Requires review","Static extraction only"
"#3541","Hex colour","src/services/wm-session.ts","Not yet mapped to approved UAE Design System token","Requires review","Static extraction only"
"#5674","Hex colour","src/services/wm-session.ts","Not yet mapped to approved UAE Design System token","Requires review","Static extraction only"
"#5219","Hex colour","src/services/wm-session.ts","Not yet mapped to approved UAE Design System token","Requires review","Static extraction only"
"#5251","Hex colour","src/services/wm-session.ts","Not yet mapped to approved UAE Design System token","Requires review","Static extraction only"
"#5386","Hex colour","src/services/wm-session.ts","Not yet mapped to approved UAE Design System token","Requires review","Static extraction only"
"#5245","Hex colour","src/services/wm-session.ts","Not yet mapped to approved UAE Design System token","Requires review","Static extraction only"
"#3574","Hex colour","src/services/wm-session.ts","Not yet mapped to approved UAE Design System token","Requires review","Static extraction only"
"#3575","Hex colour","src/services/wm-session.ts","Not yet mapped to approved UAE Design System token","Requires review","Static extraction only"
"#3557","Hex colour","src/services/wm-session.ts","Not yet mapped to approved UAE Design System token","Requires review","Static extraction only"
"#3845","Hex colour","src/shared/ciss-staleness.ts","Not yet mapped to approved UAE Design System token","Requires review","Static extraction only"
"#5694","Hex colour","src/shared/premium-paths.ts","Not yet mapped to approved UAE Design System token","Requires review","Static extraction only"
"#3734","Hex colour","src/shared/premium-paths.ts","Not yet mapped to approved UAE Design System token","Requires review","Static extraction only"
"#3768","Hex colour","src/shared/premium-paths.ts","Not yet mapped to approved UAE Design System token","Requires review","Static extraction only"
"#3723","Hex colour","src/shared/premium-paths.ts","Not yet mapped to approved UAE Design System token","Requires review","Static extraction only"
"#3797","Hex colour","src/shared/premium-paths.ts","Not yet mapped to approved UAE Design System token","Requires review","Static extraction only"
"#5300","Hex colour","src/shared/public-rpc-cache.ts","Not yet mapped to approved UAE Design System token","Requires review","Static extraction only"
"#5285","Hex colour","src/shared/public-rpc-cache.ts","Not yet mapped to approved UAE Design System token","Requires review","Static extraction only"
"var(--mono-font, 'JetBrains Mono', monospace)","Font family declaration","src/styles/country-deep-dive.css","Not yet mapped to approved UAE Design System token","Requires review","Static extraction only"
"#f59e0b","Hex colour","src/styles/country-deep-dive.css","Not yet mapped to approved UAE Design System token","Requires review","Static extraction only"
"#0a0a0a","Hex colour","src/styles/country-deep-dive.css","Not yet mapped to approved UAE Design System token","Requires review","Static extraction only"
"#22c55e","Hex colour","src/styles/country-deep-dive.css","Not yet mapped to approved UAE Design System token","Requires review","Static extraction only"
"#ef4444","Hex colour","src/styles/country-deep-dive.css","Not yet mapped to approved UAE Design System token","Requires review","Static extraction only"
"#84cc16","Hex colour","src/styles/country-deep-dive.css","Not yet mapped to approved UAE Design System token","Requires review","Static extraction only"
"#eab308","Hex colour","src/styles/country-deep-dive.css","Not yet mapped to approved UAE Design System token","Requires review","Static extraction only"
"#f97316","Hex colour","src/styles/country-deep-dive.css","Not yet mapped to approved UAE Design System token","Requires review","Static extraction only"
"#94a3b8","Hex colour","src/styles/country-deep-dive.css","Not yet mapped to approved UAE Design System token","Requires review","Static extraction only"
"#64748b","Hex colour","src/styles/country-deep-dive.css","Not yet mapped to approved UAE Design System token","Requires review","Static extraction only"
"#cbd5e1","Hex colour","src/styles/country-deep-dive.css","Not yet mapped to approved UAE Design System token","Requires review","Static extraction only"
"#e2e8f0","Hex colour","src/styles/country-deep-dive.css","Not yet mapped to approved UAE Design System token","Requires review","Static extraction only"
"#3b82f6","Hex colour","src/styles/country-deep-dive.css","Not yet mapped to approved UAE Design System token","Requires review","Static extraction only"
"#60a5fa","Hex colour","src/styles/country-deep-dive.css","Not yet mapped to approved UAE Design System token","Requires review","Static extraction only"
"#f87171","Hex colour","src/styles/country-deep-dive.css","Not yet mapped to approved UAE Design System token","Requires review","Static extraction only"
"#4ade80","Hex colour","src/styles/country-deep-dive.css","Not yet mapped to approved UAE Design System token","Requires review","Static extraction only"
"#475569","Hex colour","src/styles/country-deep-dive.css","Not yet mapped to approved UAE Design System token","Requires review","Static extraction only"
"#1a1a2e","Hex colour","src/styles/country-deep-dive.css","Not yet mapped to approved UAE Design System token","Requires review","Static extraction only"
"#fb923c","Hex colour","src/styles/country-deep-dive.css","Not yet mapped to approved UAE Design System token","Requires review","Static extraction only"
"#334155","Hex colour","src/styles/country-deep-dive.css","Not yet mapped to approved UAE Design System token","Requires review","Static extraction only"
"12px","Border radius","src/styles/country-deep-dive.css","Not yet mapped to approved UAE Design System token","Requires review","Static extraction only"
"6px","Border radius","src/styles/country-deep-dive.css","Not yet mapped to approved UAE Design System token","Requires review","Static extraction only"
"3px","Border radius","src/styles/country-deep-dive.css","Not yet mapped to approved UAE Design System token","Requires review","Static extraction only"
"8px","Border radius","src/styles/country-deep-dive.css","Not yet mapped to approved UAE Design System token","Requires review","Static extraction only"
"50%","Border radius","src/styles/country-deep-dive.css","Not yet mapped to approved UAE Design System token","Requires review","Static extraction only"
"999px","Border radius","src/styles/country-deep-dive.css","Not yet mapped to approved UAE Design System token","Requires review","Static extraction only"
"2px","Border radius","src/styles/country-deep-dive.css","Not yet mapped to approved UAE Design System token","Requires review","Static extraction only"
"0","Border radius","src/styles/country-deep-dive.css","Not yet mapped to approved UAE Design System token","Requires review","Static extraction only"
"4px","Border radius","src/styles/country-deep-dive.css","Not yet mapped to approved UAE Design System token","Requires review","Static extraction only"
"0 0 6px 6px","Border radius","src/styles/country-deep-dive.css","Not yet mapped to approved UAE Design System token","Requires review","Static extraction only"
"10px","Border radius","src/styles/country-deep-dive.css","Not yet mapped to approved UAE Design System token","Requires review","Static extraction only"
"#5ea7d7","Hex colour","src/styles/embed.css","Not yet mapped to approved UAE Design System token","Requires review","Static extraction only"
"#6da9cc","Hex colour","src/styles/embed.css","Not yet mapped to approved UAE Design System token","Requires review","Static extraction only"
"#06111f","Hex colour","src/styles/embed.css","Not yet mapped to approved UAE Design System token","Requires review","Static extraction only"
"#446f8a","Hex colour","src/styles/embed.css","Not yet mapped to approved UAE Design System token","Requires review","Static extraction only"
"50%","Border radius","src/styles/embed.css","Not yet mapped to approved UAE Design System token","Requires review","Static extraction only"
"4px","Border radius","src/styles/embed.css","Not yet mapped to approved UAE Design System token","Requires review","Static extraction only"
"6px","Border radius","src/styles/embed.css","Not yet mapped to approved UAE Design System token","Requires review","Static extraction only"
"--bg","CSS custom property","src/styles/happy-theme.css","Not yet mapped to approved UAE Design System token","Requires review","Static extraction only"
"--bg-secondary","CSS custom property","src/styles/happy-theme.css","Not yet mapped to approved UAE Design System token","Requires review","Static extraction only"
"--surface","CSS custom property","src/styles/happy-theme.css","Not yet mapped to approved UAE Design System token","Requires review","Static extraction only"
"--surface-hover","CSS custom property","src/styles/happy-theme.css","Not yet mapped to approved UAE Design System token","Requires review","Static extraction only"
"--surface-active","CSS custom property","src/styles/happy-theme.css","Not yet mapped to approved UAE Design System token","Requires review","Static extraction only"
"--border","CSS custom property","src/styles/happy-theme.css","Not yet mapped to approved UAE Design System token","Requires review","Static extraction only"
"--border-strong","CSS custom property","src/styles/happy-theme.css","Not yet mapped to approved UAE Design System token","Requires review","Static extraction only"
"--border-subtle","CSS custom property","src/styles/happy-theme.css","Not yet mapped to approved UAE Design System token","Requires review","Static extraction only"
"--text","CSS custom property","src/styles/happy-theme.css","Not yet mapped to approved UAE Design System token","Requires review","Static extraction only"
"--text-secondary","CSS custom property","src/styles/happy-theme.css","Not yet mapped to approved UAE Design System token","Requires review","Static extraction only"
"--text-dim","CSS custom property","src/styles/happy-theme.css","Not yet mapped to approved UAE Design System token","Requires review","Static extraction only"
"--text-muted","CSS custom property","src/styles/happy-theme.css","Not yet mapped to approved UAE Design System token","Requires review","Static extraction only"
"--text-faint","CSS custom property","src/styles/happy-theme.css","Not yet mapped to approved UAE Design System token","Requires review","Static extraction only"
"--text-ghost","CSS custom property","src/styles/happy-theme.css","Not yet mapped to approved UAE Design System token","Requires review","Static extraction only"
"--accent","CSS custom property","src/styles/happy-theme.css","Not yet mapped to approved UAE Design System token","Requires review","Static extraction only"
"--overlay-subtle","CSS custom property","src/styles/happy-theme.css","Not yet mapped to approved UAE Design System token","Requires review","Static extraction only"
"--overlay-light","CSS custom property","src/styles/happy-theme.css","Not yet mapped to approved UAE Design System token","Requires review","Static extraction only"
"--overlay-medium","CSS custom property","src/styles/happy-theme.css","Not yet mapped to approved UAE Design System token","Requires review","Static extraction only"
"--overlay-heavy","CSS custom property","src/styles/happy-theme.css","Not yet mapped to approved UAE Design System token","Requires review","Static extraction only"
"--shadow-color","CSS custom property","src/styles/happy-theme.css","Not yet mapped to approved UAE Design System token","Requires review","Static extraction only"
"--darken-light","CSS custom property","src/styles/happy-theme.css","Not yet mapped to approved UAE Design System token","Requires review","Static extraction only"
"--darken-medium","CSS custom property","src/styles/happy-theme.css","Not yet mapped to approved UAE Design System token","Requires review","Static extraction only"
"--darken-heavy","CSS custom property","src/styles/happy-theme.css","Not yet mapped to approved UAE Design System token","Requires review","Static extraction only"
"--scrollbar-thumb","CSS custom property","src/styles/happy-theme.css","Not yet mapped to approved UAE Design System token","Requires review","Static extraction only"
"--scrollbar-thumb-hover","CSS custom property","src/styles/happy-theme.css","Not yet mapped to approved UAE Design System token","Requires review","Static extraction only"
"--input-bg","CSS custom property","src/styles/happy-theme.css","Not yet mapped to approved UAE Design System token","Requires review","Static extraction only"
"--panel-bg","CSS custom property","src/styles/happy-theme.css","Not yet mapped to approved UAE Design System token","Requires review","Static extraction only"
"--panel-border","CSS custom property","src/styles/happy-theme.css","Not yet mapped to approved UAE Design System token","Requires review","Static extraction only"
"--map-bg","CSS custom property","src/styles/happy-theme.css","Not yet mapped to approved UAE Design System token","Requires review","Static extraction only"
"--map-grid","CSS custom property","src/styles/happy-theme.css","Not yet mapped to approved UAE Design System token","Requires review","Static extraction only"
"--map-country","CSS custom property","src/styles/happy-theme.css","Not yet mapped to approved UAE Design System token","Requires review","Static extraction only"
"--map-stroke","CSS custom property","src/styles/happy-theme.css","Not yet mapped to approved UAE Design System token","Requires review","Static extraction only"
"--font-body","CSS custom property","src/styles/happy-theme.css","Not yet mapped to approved UAE Design System token","Requires review","Static extraction only"
"--panel-radius","CSS custom property","src/styles/happy-theme.css","Not yet mapped to approved UAE Design System token","Requires review","Static extraction only"
"--semantic-critical","CSS custom property","src/styles/happy-theme.css","Not yet mapped to approved UAE Design System token","Requires review","Static extraction only"
"--semantic-high","CSS custom property","src/styles/happy-theme.css","Not yet mapped to approved UAE Design System token","Requires review","Static extraction only"
"--semantic-elevated","CSS custom property","src/styles/happy-theme.css","Not yet mapped to approved UAE Design System token","Requires review","Static extraction only"
"--semantic-normal","CSS custom property","src/styles/happy-theme.css","Not yet mapped to approved UAE Design System token","Requires review","Static extraction only"
"--semantic-low","CSS custom property","src/styles/happy-theme.css","Not yet mapped to approved UAE Design System token","Requires review","Static extraction only"
"--semantic-info","CSS custom property","src/styles/happy-theme.css","Not yet mapped to approved UAE Design System token","Requires review","Static extraction only"
"--semantic-positive","CSS custom property","src/styles/happy-theme.css","Not yet mapped to approved UAE Design System token","Requires review","Static extraction only"
"--threat-critical","CSS custom property","src/styles/happy-theme.css","Not yet mapped to approved UAE Design System token","Requires review","Static extraction only"
"--threat-high","CSS custom property","src/styles/happy-theme.css","Not yet mapped to approved UAE Design System token","Requires review","Static extraction only"
"--threat-medium","CSS custom property","src/styles/happy-theme.css","Not yet mapped to approved UAE Design System token","Requires review","Static extraction only"
"--threat-low","CSS custom property","src/styles/happy-theme.css","Not yet mapped to approved UAE Design System token","Requires review","Static extraction only"
"--threat-info","CSS custom property","src/styles/happy-theme.css","Not yet mapped to approved UAE Design System token","Requires review","Static extraction only"
"--defcon-1","CSS custom property","src/styles/happy-theme.css","Not yet mapped to approved UAE Design System token","Requires review","Static extraction only"
"--defcon-2","CSS custom property","src/styles/happy-theme.css","Not yet mapped to approved UAE Design System token","Requires review","Static extraction only"
"--defcon-3","CSS custom property","src/styles/happy-theme.css","Not yet mapped to approved UAE Design System token","Requires review","Static extraction only"
"--defcon-4","CSS custom property","src/styles/happy-theme.css","Not yet mapped to approved UAE Design System token","Requires review","Static extraction only"
"--defcon-5","CSS custom property","src/styles/happy-theme.css","Not yet mapped to approved UAE Design System token","Requires review","Static extraction only"
"--status-live","CSS custom property","src/styles/happy-theme.css","Not yet mapped to approved UAE Design System token","Requires review","Static extraction only"
"--status-cached","CSS custom property","src/styles/happy-theme.css","Not yet mapped to approved UAE Design System token","Requires review","Static extraction only"
"--status-unavailable","CSS custom property","src/styles/happy-theme.css","Not yet mapped to approved UAE Design System token","Requires review","Static extraction only"
"--red","CSS custom property","src/styles/happy-theme.css","Not yet mapped to approved UAE Design System token","Requires review","Static extraction only"
"--green","CSS custom property","src/styles/happy-theme.css","Not yet mapped to approved UAE Design System token","Requires review","Static extraction only"
"--yellow","CSS custom property","src/styles/happy-theme.css","Not yet mapped to approved UAE Design System token","Requires review","Static extraction only"
"var(--font-body)","Font family declaration","src/styles/happy-theme.css","Not yet mapped to approved UAE Design System token","Requires review","Static extraction only"
"#FAFAF5","Hex colour","src/styles/happy-theme.css","Not yet mapped to approved UAE Design System token","Requires review","Static extraction only"
"#F5F3EE","Hex colour","src/styles/happy-theme.css","Not yet mapped to approved UAE Design System token","Requires review","Static extraction only"
"#FFFFFF","Hex colour","src/styles/happy-theme.css","Not yet mapped to approved UAE Design System token","Requires review","Static extraction only"
"#F5F2EC","Hex colour","src/styles/happy-theme.css","Not yet mapped to approved UAE Design System token","Requires review","Static extraction only"
"#EDE9E0","Hex colour","src/styles/happy-theme.css","Not yet mapped to approved UAE Design System token","Requires review","Static extraction only"
"#DDD9CF","Hex colour","src/styles/happy-theme.css","Not yet mapped to approved UAE Design System token","Requires review","Static extraction only"
"#C8C2B5","Hex colour","src/styles/happy-theme.css","Not yet mapped to approved UAE Design System token","Requires review","Static extraction only"
"#EBE8E0","Hex colour","src/styles/happy-theme.css","Not yet mapped to approved UAE Design System token","Requires review","Static extraction only"
"#2D3A2E","Hex colour","src/styles/happy-theme.css","Not yet mapped to approved UAE Design System token","Requires review","Static extraction only"
"#4A5A4C","Hex colour","src/styles/happy-theme.css","Not yet mapped to approved UAE Design System token","Requires review","Static extraction only"
"#6B7A6D","Hex colour","src/styles/happy-theme.css","Not yet mapped to approved UAE Design System token","Requires review","Static extraction only"
"#8A9A8C","Hex colour","src/styles/happy-theme.css","Not yet mapped to approved UAE Design System token","Requires review","Static extraction only"
"#A8B4AA","Hex colour","src/styles/happy-theme.css","Not yet mapped to approved UAE Design System token","Requires review","Static extraction only"
"#C0C8C2","Hex colour","src/styles/happy-theme.css","Not yet mapped to approved UAE Design System token","Requires review","Static extraction only"
"#3D4A3E","Hex colour","src/styles/happy-theme.css","Not yet mapped to approved UAE Design System token","Requires review","Static extraction only"
"#A8A298","Hex colour","src/styles/happy-theme.css","Not yet mapped to approved UAE Design System token","Requires review","Static extraction only"
"#F2EFE8","Hex colour","src/styles/happy-theme.css","Not yet mapped to approved UAE Design System token","Requires review","Static extraction only"
"#D4E6EC","Hex colour","src/styles/happy-theme.css","Not yet mapped to approved UAE Design System token","Requires review","Static extraction only"
"#C0D8D8","Hex colour","src/styles/happy-theme.css","Not yet mapped to approved UAE Design System token","Requires review","Static extraction only"
"#B9CDA8","Hex colour","src/styles/happy-theme.css","Not yet mapped to approved UAE Design System token","Requires review","Static extraction only"
"#C8C0B5","Hex colour","src/styles/happy-theme.css","Not yet mapped to approved UAE Design System token","Requires review","Static extraction only"
"#C4A35A","Hex colour","src/styles/happy-theme.css","Not yet mapped to approved UAE Design System token","Requires review","Static extraction only"
"#6B8F5E","Hex colour","src/styles/happy-theme.css","Not yet mapped to approved UAE Design System token","Requires review","Static extraction only"
"#7BA5C4","Hex colour","src/styles/happy-theme.css","Not yet mapped to approved UAE Design System token","Requires review","Static extraction only"
"#C48B9F","Hex colour","src/styles/happy-theme.css","Not yet mapped to approved UAE Design System token","Requires review","Static extraction only"
"#8BAF7A","Hex colour","src/styles/happy-theme.css","Not yet mapped to approved UAE Design System token","Requires review","Static extraction only"
"#A8B86B","Hex colour","src/styles/happy-theme.css","Not yet mapped to approved UAE Design System token","Requires review","Static extraction only"
"#1A2332","Hex colour","src/styles/happy-theme.css","Not yet mapped to approved UAE Design System token","Requires review","Static extraction only"
"#1E2838","Hex colour","src/styles/happy-theme.css","Not yet mapped to approved UAE Design System token","Requires review","Static extraction only"
"#222E3E","Hex colour","src/styles/happy-theme.css","Not yet mapped to approved UAE Design System token","Requires review","Static extraction only"
"#2A3848","Hex colour","src/styles/happy-theme.css","Not yet mapped to approved UAE Design System token","Requires review","Static extraction only"
"#2E3E50","Hex colour","src/styles/happy-theme.css","Not yet mapped to approved UAE Design System token","Requires review","Static extraction only"
"#344050","Hex colour","src/styles/happy-theme.css","Not yet mapped to approved UAE Design System token","Requires review","Static extraction only"
"#445868","Hex colour","src/styles/happy-theme.css","Not yet mapped to approved UAE Design System token","Requires review","Static extraction only"
"#283545","Hex colour","src/styles/happy-theme.css","Not yet mapped to approved UAE Design System token","Requires review","Static extraction only"
"#E8E4DC","Hex colour","src/styles/happy-theme.css","Not yet mapped to approved UAE Design System token","Requires review","Static extraction only"
"#D0CCC4","Hex colour","src/styles/happy-theme.css","Not yet mapped to approved UAE Design System token","Requires review","Static extraction only"
"#A0A098","Hex colour","src/styles/happy-theme.css","Not yet mapped to approved UAE Design System token","Requires review","Static extraction only"
"#808880","Hex colour","src/styles/happy-theme.css","Not yet mapped to approved UAE Design System token","Requires review","Static extraction only"
"#606860","Hex colour","src/styles/happy-theme.css","Not yet mapped to approved UAE Design System token","Requires review","Static extraction only"
"#485048","Hex colour","src/styles/happy-theme.css","Not yet mapped to approved UAE Design System token","Requires review","Static extraction only"
"#5A6E80","Hex colour","src/styles/happy-theme.css","Not yet mapped to approved UAE Design System token","Requires review","Static extraction only"
"#16202E","Hex colour","src/styles/happy-theme.css","Not yet mapped to approved UAE Design System token","Requires review","Static extraction only"
"#1E3040","Hex colour","src/styles/happy-theme.css","Not yet mapped to approved UAE Design System token","Requires review","Static extraction only"
"#2D4035","Hex colour","src/styles/happy-theme.css","Not yet mapped to approved UAE Design System token","Requires review","Static extraction only"
"#3D5045","Hex colour","src/styles/happy-theme.css","Not yet mapped to approved UAE Design System token","Requires review","Static extraction only"
"#D4B36A","Hex colour","src/styles/happy-theme.css","Not yet mapped to approved UAE Design System token","Requires review","Static extraction only"
"#8BB5D4","Hex colour","src/styles/happy-theme.css","Not yet mapped to approved UAE Design System token","Requires review","Static extraction only"
"#D49BAF","Hex colour","src/styles/happy-theme.css","Not yet mapped to approved UAE Design System token","Requires review","Static extraction only"
"#9BBF8A","Hex colour","src/styles/happy-theme.css","Not yet mapped to approved UAE Design System token","Requires review","Static extraction only"
"#B8C87B","Hex colour","src/styles/happy-theme.css","Not yet mapped to approved UAE Design System token","Requires review","Static extraction only"
"#2d9a4e","Hex colour","src/styles/happy-theme.css","Not yet mapped to approved UAE Design System token","Requires review","Static extraction only"
"#8b5cf6","Hex colour","src/styles/happy-theme.css","Not yet mapped to approved UAE Design System token","Requires review","Static extraction only"
"#fff","Hex colour","src/styles/happy-theme.css","Not yet mapped to approved UAE Design System token","Requires review","Static extraction only"
"var(--panel-radius, 14px)","Border radius","src/styles/happy-theme.css","Not yet mapped to approved UAE Design System token","Requires review","Static extraction only"
"var(--panel-radius, 14px) var(--panel-radius, 14px) 0 0","Border radius","src/styles/happy-theme.css","Not yet mapped to approved UAE Design System token","Requires review","Static extraction only"
"10px","Border radius","src/styles/happy-theme.css","Not yet mapped to approved UAE Design System token","Requires review","Static extraction only"
"8px","Border radius","src/styles/happy-theme.css","Not yet mapped to approved UAE Design System token","Requires review","Static extraction only"
"0 0 0 14px","Border radius","src/styles/happy-theme.css","Not yet mapped to approved UAE Design System token","Requires review","Static extraction only"
"6px","Border radius","src/styles/happy-theme.css","Not yet mapped to approved UAE Design System token","Requires review","Static extraction only"
"50%","Border radius","src/styles/happy-theme.css","Not yet mapped to approved UAE Design System token","Requires review","Static extraction only"
"4px","Border radius","src/styles/happy-theme.css","Not yet mapped to approved UAE Design System token","Requires review","Static extraction only"
"--header-auth-slot-width","CSS custom property","src/styles/header.css","Not yet mapped to approved UAE Design System token","Requires review","Static extraction only"
"--header-findings-slot-width","CSS custom property","src/styles/header.css","Not yet mapped to approved UAE Design System token","Requires review","Static extraction only"
"6px","Border radius","src/styles/header.css","Not yet mapped to approved UAE Design System token","Requires review","Static extraction only"
"--bg","CSS custom property","src/styles/main.css","Not yet mapped to approved UAE Design System token","Requires review","Static extraction only"
"--bg-secondary","CSS custom property","src/styles/main.css","Not yet mapped to approved UAE Design System token","Requires review","Static extraction only"
"--surface","CSS custom property","src/styles/main.css","Not yet mapped to approved UAE Design System token","Requires review","Static extraction only"
"--surface-hover","CSS custom property","src/styles/main.css","Not yet mapped to approved UAE Design System token","Requires review","Static extraction only"
"--surface-active","CSS custom property","src/styles/main.css","Not yet mapped to approved UAE Design System token","Requires review","Static extraction only"
"--border","CSS custom property","src/styles/main.css","Not yet mapped to approved UAE Design System token","Requires review","Static extraction only"
"--border-strong","CSS custom property","src/styles/main.css","Not yet mapped to approved UAE Design System token","Requires review","Static extraction only"
"--border-subtle","CSS custom property","src/styles/main.css","Not yet mapped to approved UAE Design System token","Requires review","Static extraction only"
"--text","CSS custom property","src/styles/main.css","Not yet mapped to approved UAE Design System token","Requires review","Static extraction only"
"--text-secondary","CSS custom property","src/styles/main.css","Not yet mapped to approved UAE Design System token","Requires review","Static extraction only"
"--text-dim","CSS custom property","src/styles/main.css","Not yet mapped to approved UAE Design System token","Requires review","Static extraction only"
"--text-muted","CSS custom property","src/styles/main.css","Not yet mapped to approved UAE Design System token","Requires review","Static extraction only"
"--text-faint","CSS custom property","src/styles/main.css","Not yet mapped to approved UAE Design System token","Requires review","Static extraction only"
"--text-ghost","CSS custom property","src/styles/main.css","Not yet mapped to approved UAE Design System token","Requires review","Static extraction only"
"--accent","CSS custom property","src/styles/main.css","Not yet mapped to approved UAE Design System token","Requires review","Static extraction only"
"--overlay-subtle","CSS custom property","src/styles/main.css","Not yet mapped to approved UAE Design System token","Requires review","Static extraction only"
"--overlay-light","CSS custom property","src/styles/main.css","Not yet mapped to approved UAE Design System token","Requires review","Static extraction only"
"--overlay-medium","CSS custom property","src/styles/main.css","Not yet mapped to approved UAE Design System token","Requires review","Static extraction only"
"--overlay-heavy","CSS custom property","src/styles/main.css","Not yet mapped to approved UAE Design System token","Requires review","Static extraction only"
"--shadow-color","CSS custom property","src/styles/main.css","Not yet mapped to approved UAE Design System token","Requires review","Static extraction only"
"--darken-light","CSS custom property","src/styles/main.css","Not yet mapped to approved UAE Design System token","Requires review","Static extraction only"
"--darken-medium","CSS custom property","src/styles/main.css","Not yet mapped to approved UAE Design System token","Requires review","Static extraction only"
"--darken-heavy","CSS custom property","src/styles/main.css","Not yet mapped to approved UAE Design System token","Requires review","Static extraction only"
"--scrollbar-thumb","CSS custom property","src/styles/main.css","Not yet mapped to approved UAE Design System token","Requires review","Static extraction only"
"--scrollbar-thumb-hover","CSS custom property","src/styles/main.css","Not yet mapped to approved UAE Design System token","Requires review","Static extraction only"
"--input-bg","CSS custom property","src/styles/main.css","Not yet mapped to approved UAE Design System token","Requires review","Static extraction only"
"--panel-bg","CSS custom property","src/styles/main.css","Not yet mapped to approved UAE Design System token","Requires review","Static extraction only"
"--panel-border","CSS custom property","src/styles/main.css","Not yet mapped to approved UAE Design System token","Requires review","Static extraction only"
"--map-bg","CSS custom property","src/styles/main.css","Not yet mapped to approved UAE Design System token","Requires review","Static extraction only"
"--map-grid","CSS custom property","src/styles/main.css","Not yet mapped to approved UAE Design System token","Requires review","Static extraction only"
"--map-country","CSS custom property","src/styles/main.css","Not yet mapped to approved UAE Design System token","Requires review","Static extraction only"
"--map-stroke","CSS custom property","src/styles/main.css","Not yet mapped to approved UAE Design System token","Requires review","Static extraction only"
"--font-mono","CSS custom property","src/styles/main.css","Not yet mapped to approved UAE Design System token","Requires review","Static extraction only"
"--font-body-base","CSS custom property","src/styles/main.css","Not yet mapped to approved UAE Design System token","Requires review","Static extraction only"
"--font-body","CSS custom property","src/styles/main.css","Not yet mapped to approved UAE Design System token","Requires review","Static extraction only"
"--semantic-critical","CSS custom property","src/styles/main.css","Not yet mapped to approved UAE Design System token","Requires review","Static extraction only"
"--semantic-high","CSS custom property","src/styles/main.css","Not yet mapped to approved UAE Design System token","Requires review","Static extraction only"
"--semantic-elevated","CSS custom property","src/styles/main.css","Not yet mapped to approved UAE Design System token","Requires review","Static extraction only"
"--semantic-normal","CSS custom property","src/styles/main.css","Not yet mapped to approved UAE Design System token","Requires review","Static extraction only"
"--semantic-low","CSS custom property","src/styles/main.css","Not yet mapped to approved UAE Design System token","Requires review","Static extraction only"
"--semantic-info","CSS custom property","src/styles/main.css","Not yet mapped to approved UAE Design System token","Requires review","Static extraction only"
"--semantic-positive","CSS custom property","src/styles/main.css","Not yet mapped to approved UAE Design System token","Requires review","Static extraction only"
"--threat-critical","CSS custom property","src/styles/main.css","Not yet mapped to approved UAE Design System token","Requires review","Static extraction only"
"--threat-high","CSS custom property","src/styles/main.css","Not yet mapped to approved UAE Design System token","Requires review","Static extraction only"
"--threat-medium","CSS custom property","src/styles/main.css","Not yet mapped to approved UAE Design System token","Requires review","Static extraction only"
"--threat-low","CSS custom property","src/styles/main.css","Not yet mapped to approved UAE Design System token","Requires review","Static extraction only"
"--threat-info","CSS custom property","src/styles/main.css","Not yet mapped to approved UAE Design System token","Requires review","Static extraction only"
"--defcon-1","CSS custom property","src/styles/main.css","Not yet mapped to approved UAE Design System token","Requires review","Static extraction only"
"--defcon-2","CSS custom property","src/styles/main.css","Not yet mapped to approved UAE Design System token","Requires review","Static extraction only"
"--defcon-3","CSS custom property","src/styles/main.css","Not yet mapped to approved UAE Design System token","Requires review","Static extraction only"
"--defcon-4","CSS custom property","src/styles/main.css","Not yet mapped to approved UAE Design System token","Requires review","Static extraction only"
"--defcon-5","CSS custom property","src/styles/main.css","Not yet mapped to approved UAE Design System token","Requires review","Static extraction only"
"--status-live","CSS custom property","src/styles/main.css","Not yet mapped to approved UAE Design System token","Requires review","Static extraction only"
"--status-cached","CSS custom property","src/styles/main.css","Not yet mapped to approved UAE Design System token","Requires review","Static extraction only"
"--status-unavailable","CSS custom property","src/styles/main.css","Not yet mapped to approved UAE Design System token","Requires review","Static extraction only"
"--red","CSS custom property","src/styles/main.css","Not yet mapped to approved UAE Design System token","Requires review","Static extraction only"
"--red-strong","CSS custom property","src/styles/main.css","Not yet mapped to approved UAE Design System token","Requires review","Static extraction only"
"--green","CSS custom property","src/styles/main.css","Not yet mapped to approved UAE Design System token","Requires review","Static extraction only"
"--yellow","CSS custom property","src/styles/main.css","Not yet mapped to approved UAE Design System token","Requires review","Static extraction only"
"--dashboard-panel-row-min","CSS custom property","src/styles/main.css","Not yet mapped to approved UAE Design System token","Requires review","Static extraction only"
"--dashboard-panel-row-max","CSS custom property","src/styles/main.css","Not yet mapped to approved UAE Design System token","Requires review","Static extraction only"
"--dashboard-grid-gap","CSS custom property","src/styles/main.css","Not yet mapped to approved UAE Design System token","Requires review","Static extraction only"
"--dashboard-first-grid-reservation","CSS custom property","src/styles/main.css","Not yet mapped to approved UAE Design System token","Requires review","Static extraction only"
"--cable-advisory-color","CSS custom property","src/styles/main.css","Not yet mapped to approved UAE Design System token","Requires review","Static extraction only"
"--repair-ship-color","CSS custom property","src/styles/main.css","Not yet mapped to approved UAE Design System token","Requires review","Static extraction only"
"--protest-color","CSS custom property","src/styles/main.css","Not yet mapped to approved UAE Design System token","Requires review","Static extraction only"
"--datacenter-color","CSS custom property","src/styles/main.css","Not yet mapped to approved UAE Design System token","Requires review","Static extraction only"
"--outage-color","CSS custom property","src/styles/main.css","Not yet mapped to approved UAE Design System token","Requires review","Static extraction only"
"--clickable","CSS custom property","src/styles/main.css","Not yet mapped to approved UAE Design System token","Requires review","Static extraction only"
"--ais-color","CSS custom property","src/styles/main.css","Not yet mapped to approved UAE Design System token","Requires review","Static extraction only"
"--search-accent","CSS custom property","src/styles/main.css","Not yet mapped to approved UAE Design System token","Requires review","Static extraction only"
"--flight-color","CSS custom property","src/styles/main.css","Not yet mapped to approved UAE Design System token","Requires review","Static extraction only"
"--mil-color","CSS custom property","src/styles/main.css","Not yet mapped to approved UAE Design System token","Requires review","Static extraction only"
"--vessel-color","CSS custom property","src/styles/main.css","Not yet mapped to approved UAE Design System token","Requires review","Static extraction only"
"--cluster-color","CSS custom property","src/styles/main.css","Not yet mapped to approved UAE Design System token","Requires review","Static extraction only"
"--up","CSS custom property","src/styles/main.css","Not yet mapped to approved UAE Design System token","Requires review","Static extraction only"
"--down","CSS custom property","src/styles/main.css","Not yet mapped to approved UAE Design System token","Requires review","Static extraction only"
"--control","CSS custom property","src/styles/main.css","Not yet mapped to approved UAE Design System token","Requires review","Static extraction only"
"--followed","CSS custom property","src/styles/main.css","Not yet mapped to approved UAE Design System token","Requires review","Static extraction only"
"--active","CSS custom property","src/styles/main.css","Not yet mapped to approved UAE Design System token","Requires review","Static extraction only"
"--settings-bg","CSS custom property","src/styles/main.css","Not yet mapped to approved UAE Design System token","Requires review","Static extraction only"
"--settings-surface","CSS custom property","src/styles/main.css","Not yet mapped to approved UAE Design System token","Requires review","Static extraction only"
"--settings-surface-inset","CSS custom property","src/styles/main.css","Not yet mapped to approved UAE Design System token","Requires review","Static extraction only"
"--settings-border","CSS custom property","src/styles/main.css","Not yet mapped to approved UAE Design System token","Requires review","Static extraction only"
"--settings-border-strong","CSS custom property","src/styles/main.css","Not yet mapped to approved UAE Design System token","Requires review","Static extraction only"
"--settings-text","CSS custom property","src/styles/main.css","Not yet mapped to approved UAE Design System token","Requires review","Static extraction only"
"--settings-text-secondary","CSS custom property","src/styles/main.css","Not yet mapped to approved UAE Design System token","Requires review","Static extraction only"
"--settings-accent","CSS custom property","src/styles/main.css","Not yet mapped to approved UAE Design System token","Requires review","Static extraction only"
"--settings-green","CSS custom property","src/styles/main.css","Not yet mapped to approved UAE Design System token","Requires review","Static extraction only"
"--settings-yellow","CSS custom property","src/styles/main.css","Not yet mapped to approved UAE Design System token","Requires review","Static extraction only"
"--settings-red","CSS custom property","src/styles/main.css","Not yet mapped to approved UAE Design System token","Requires review","Static extraction only"
"--settings-blue","CSS custom property","src/styles/main.css","Not yet mapped to approved UAE Design System token","Requires review","Static extraction only"
"var(--font-body)","Font family declaration","src/styles/main.css","Not yet mapped to approved UAE Design System token","Requires review","Static extraction only"
"inherit","Font family declaration","src/styles/main.css","Not yet mapped to approved UAE Design System token","Requires review","Static extraction only"
"ui-monospace, SFMono-Regular, Menlo, Monaco, Consolas, monospace","Font family declaration","src/styles/main.css","Not yet mapped to approved UAE Design System token","Requires review","Static extraction only"
"var(--font-mono, monospace)","Font family declaration","src/styles/main.css","Not yet mapped to approved UAE Design System token","Requires review","Static extraction only"
"var(--font-mono)","Font family declaration","src/styles/main.css","Not yet mapped to approved UAE Design System token","Requires review","Static extraction only"
"monospace","Font family declaration","src/styles/main.css","Not yet mapped to approved UAE Design System token","Requires review","Static extraction only"
"'Courier New', monospace","Font family declaration","src/styles/main.css","Not yet mapped to approved UAE Design System token","Requires review","Static extraction only"
"var(--font-mono, 'JetBrains Mono', monospace)","Font family declaration","src/styles/main.css","Not yet mapped to approved UAE Design System token","Requires review","Static extraction only"
"var(--font-mono, 'SF Mono', monospace)","Font family declaration","src/styles/main.css","Not yet mapped to approved UAE Design System token","Requires review","Static extraction only"
"var(--font-mono) !important","Font family declaration","src/styles/main.css","Not yet mapped to approved UAE Design System token","Requires review","Static extraction only"
"inherit !important","Font family declaration","src/styles/main.css","Not yet mapped to approved UAE Design System token","Requires review","Static extraction only"
"-apple-system, BlinkMacSystemFont, 'Segoe UI', system-ui, sans-serif","Font family declaration","src/styles/main.css","Not yet mapped to approved UAE Design System token","Requires review","Static extraction only"
"'SF Mono', 'Monaco', 'Cascadia Code', monospace","Font family declaration","src/styles/main.css","Not yet mapped to approved UAE Design System token","Requires review","Static extraction only"
"#0a0a0a","Hex colour","src/styles/main.css","Not yet mapped to approved UAE Design System token","Requires review","Static extraction only"
"#111","Hex colour","src/styles/main.css","Not yet mapped to approved UAE Design System token","Requires review","Static extraction only"
"#141414","Hex colour","src/styles/main.css","Not yet mapped to approved UAE Design System token","Requires review","Static extraction only"
"#1e1e1e","Hex colour","src/styles/main.css","Not yet mapped to approved UAE Design System token","Requires review","Static extraction only"
"#1a1a2e","Hex colour","src/styles/main.css","Not yet mapped to approved UAE Design System token","Requires review","Static extraction only"
"#2a2a2a","Hex colour","src/styles/main.css","Not yet mapped to approved UAE Design System token","Requires review","Static extraction only"
"#444","Hex colour","src/styles/main.css","Not yet mapped to approved UAE Design System token","Requires review","Static extraction only"
"#1a1a1a","Hex colour","src/styles/main.css","Not yet mapped to approved UAE Design System token","Requires review","Static extraction only"
"#e8e8e8","Hex colour","src/styles/main.css","Not yet mapped to approved UAE Design System token","Requires review","Static extraction only"
"#ccc","Hex colour","src/styles/main.css","Not yet mapped to approved UAE Design System token","Requires review","Static extraction only"
"#888","Hex colour","src/styles/main.css","Not yet mapped to approved UAE Design System token","Requires review","Static extraction only"
"#666","Hex colour","src/styles/main.css","Not yet mapped to approved UAE Design System token","Requires review","Static extraction only"
"#555","Hex colour","src/styles/main.css","Not yet mapped to approved UAE Design System token","Requires review","Static extraction only"
"#fff","Hex colour","src/styles/main.css","Not yet mapped to approved UAE Design System token","Requires review","Static extraction only"
"#333","Hex colour","src/styles/main.css","Not yet mapped to approved UAE Design System token","Requires review","Static extraction only"
"#020a08","Hex colour","src/styles/main.css","Not yet mapped to approved UAE Design System token","Requires review","Static extraction only"
"#0a2a20","Hex colour","src/styles/main.css","Not yet mapped to approved UAE Design System token","Requires review","Static extraction only"
"#0a2018","Hex colour","src/styles/main.css","Not yet mapped to approved UAE Design System token","Requires review","Static extraction only"
"#0f5040","Hex colour","src/styles/main.css","Not yet mapped to approved UAE Design System token","Requires review","Static extraction only"
"#ff4444","Hex colour","src/styles/main.css","Not yet mapped to approved UAE Design System token","Requires review","Static extraction only"
"#ff8800","Hex colour","src/styles/main.css","Not yet mapped to approved UAE Design System token","Requires review","Static extraction only"
"#ffaa00","Hex colour","src/styles/main.css","Not yet mapped to approved UAE Design System token","Requires review","Static extraction only"
"#44aa44","Hex colour","src/styles/main.css","Not yet mapped to approved UAE Design System token","Requires review","Static extraction only"
"#3388ff","Hex colour","src/styles/main.css","Not yet mapped to approved UAE Design System token","Requires review","Static extraction only"
"#3b82f6","Hex colour","src/styles/main.css","Not yet mapped to approved UAE Design System token","Requires review","Static extraction only"
"#44ff88","Hex colour","src/styles/main.css","Not yet mapped to approved UAE Design System token","Requires review","Static extraction only"
"#ef4444","Hex colour","src/styles/main.css","Not yet mapped to approved UAE Design System token","Requires review","Static extraction only"
"#f97316","Hex colour","src/styles/main.css","Not yet mapped to approved UAE Design System token","Requires review","Static extraction only"
"#eab308","Hex colour","src/styles/main.css","Not yet mapped to approved UAE Design System token","Requires review","Static extraction only"
"#22c55e","Hex colour","src/styles/main.css","Not yet mapped to approved UAE Design System token","Requires review","Static extraction only"
"#ff0040","Hex colour","src/styles/main.css","Not yet mapped to approved UAE Design System token","Requires review","Static extraction only"
"#ff4400","Hex colour","src/styles/main.css","Not yet mapped to approved UAE Design System token","Requires review","Static extraction only"
"#00aaff","Hex colour","src/styles/main.css","Not yet mapped to approved UAE Design System token","Requires review","Static extraction only"
"#2d8a6e","Hex colour","src/styles/main.css","Not yet mapped to approved UAE Design System token","Requires review","Static extraction only"
"#d62b2b","Hex colour","src/styles/main.css","Not yet mapped to approved UAE Design System token","Requires review","Static extraction only"
"#ea580c","Hex colour","src/styles/main.css","Not yet mapped to approved UAE Design System token","Requires review","Static extraction only"
"#d97706","Hex colour","src/styles/main.css","Not yet mapped to approved UAE Design System token","Requires review","Static extraction only"
"#15803d","Hex colour","src/styles/main.css","Not yet mapped to approved UAE Design System token","Requires review","Static extraction only"
"#16a34a","Hex colour","src/styles/main.css","Not yet mapped to approved UAE Design System token","Requires review","Static extraction only"
"#c2410c","Hex colour","src/styles/main.css","Not yet mapped to approved UAE Design System token","Requires review","Static extraction only"
"#ca8a04","Hex colour","src/styles/main.css","Not yet mapped to approved UAE Design System token","Requires review","Static extraction only"
"#0284c7","Hex colour","src/styles/main.css","Not yet mapped to approved UAE Design System token","Requires review","Static extraction only"
"#dc2626","Hex colour","src/styles/main.css","Not yet mapped to approved UAE Design System token","Requires review","Static extraction only"
"#f8f9fa","Hex colour","src/styles/main.css","Not yet mapped to approved UAE Design System token","Requires review","Static extraction only"
"#f0f1f3","Hex colour","src/styles/main.css","Not yet mapped to approved UAE Design System token","Requires review","Static extraction only"
"#ffffff","Hex colour","src/styles/main.css","Not yet mapped to approved UAE Design System token","Requires review","Static extraction only"
"#f0f0f0","Hex colour","src/styles/main.css","Not yet mapped to approved UAE Design System token","Requires review","Static extraction only"
"#e8e8f0","Hex colour","src/styles/main.css","Not yet mapped to approved UAE Design System token","Requires review","Static extraction only"
"#d4d4d4","Hex colour","src/styles/main.css","Not yet mapped to approved UAE Design System token","Requires review","Static extraction only"
"#b0b0b0","Hex colour","src/styles/main.css","Not yet mapped to approved UAE Design System token","Requires review","Static extraction only"
"#6b6b6b","Hex colour","src/styles/main.css","Not yet mapped to approved UAE Design System token","Requires review","Static extraction only"
"#767676","Hex colour","src/styles/main.css","Not yet mapped to approved UAE Design System token","Requires review","Static extraction only"
"#aaa","Hex colour","src/styles/main.css","Not yet mapped to approved UAE Design System token","Requires review","Static extraction only"
"#bbb","Hex colour","src/styles/main.css","Not yet mapped to approved UAE Design System token","Requires review","Static extraction only"
"#111111","Hex colour","src/styles/main.css","Not yet mapped to approved UAE Design System token","Requires review","Static extraction only"
"#c0c0c0","Hex colour","src/styles/main.css","Not yet mapped to approved UAE Design System token","Requires review","Static extraction only"
"#999","Hex colour","src/styles/main.css","Not yet mapped to approved UAE Design System token","Requires review","Static extraction only"
"#e8f0f8","Hex colour","src/styles/main.css","Not yet mapped to approved UAE Design System token","Requires review","Static extraction only"
"#b0c8d8","Hex colour","src/styles/main.css","Not yet mapped to approved UAE Design System token","Requires review","Static extraction only"
"#f0e8d8","Hex colour","src/styles/main.css","Not yet mapped to approved UAE Design System token","Requires review","Static extraction only"
"#c8b8a8","Hex colour","src/styles/main.css","Not yet mapped to approved UAE Design System token","Requires review","Static extraction only"
"#1a2332","Hex colour","src/styles/main.css","Not yet mapped to approved UAE Design System token","Requires review","Static extraction only"
"#0f1923","Hex colour","src/styles/main.css","Not yet mapped to approved UAE Design System token","Requires review","Static extraction only"
"#f59e0b","Hex colour","src/styles/main.css","Not yet mapped to approved UAE Design System token","Requires review","Static extraction only"
"#4580","Hex colour","src/styles/main.css","Not yet mapped to approved UAE Design System token","Requires review","Static extraction only"
"#e0e0e0","Hex colour","src/styles/main.css","Not yet mapped to approved UAE Design System token","Requires review","Static extraction only"
"#2d5a2d","Hex colour","src/styles/main.css","Not yet mapped to approved UAE Design System token","Requires review","Static extraction only"
"#3a7a3a","Hex colour","src/styles/main.css","Not yet mapped to approved UAE Design System token","Requires review","Static extraction only"
"#2d4a5a","Hex colour","src/styles/main.css","Not yet mapped to approved UAE Design System token","Requires review","Static extraction only"
"#3a6a8a","Hex colour","src/styles/main.css","Not yet mapped to approved UAE Design System token","Requires review","Static extraction only"
"#5a4a2d","Hex colour","src/styles/main.css","Not yet mapped to approved UAE Design System token","Requires review","Static extraction only"
"#8a7a3a","Hex colour","src/styles/main.css","Not yet mapped to approved UAE Design System token","Requires review","Static extraction only"
"#5a5a5a","Hex colour","src/styles/main.css","Not yet mapped to approved UAE Design System token","Requires review","Static extraction only"
"#5332","Hex colour","src/styles/main.css","Not yet mapped to approved UAE Design System token","Requires review","Static extraction only"
"#5333","Hex colour","src/styles/main.css","Not yet mapped to approved UAE Design System token","Requires review","Static extraction only"
"#107","Hex colour","src/styles/main.css","Not yet mapped to approved UAE Design System token","Requires review","Static extraction only"
"#f44","Hex colour","src/styles/main.css","Not yet mapped to approved UAE Design System token","Requires review","Static extraction only"
"#4a9eff","Hex colour","src/styles/main.css","Not yet mapped to approved UAE Design System token","Requires review","Static extraction only"
"#829","Hex colour","src/styles/main.css","Not yet mapped to approved UAE Design System token","Requires review","Static extraction only"
"#859","Hex colour","src/styles/main.css","Not yet mapped to approved UAE Design System token","Requires review","Static extraction only"
"#000","Hex colour","src/styles/main.css","Not yet mapped to approved UAE Design System token","Requires review","Static extraction only"
"#eee","Hex colour","src/styles/main.css","Not yet mapped to approved UAE Design System token","Requires review","Static extraction only"
"#00d4ff","Hex colour","src/styles/main.css","Not yet mapped to approved UAE Design System token","Requires review","Static extraction only"
"#64748b","Hex colour","src/styles/main.css","Not yet mapped to approved UAE Design System token","Requires review","Static extraction only"
"#5ea7d7","Hex colour","src/styles/main.css","Not yet mapped to approved UAE Design System token","Requires review","Static extraction only"
"#6da9cc","Hex colour","src/styles/main.css","Not yet mapped to approved UAE Design System token","Requires review","Static extraction only"
"#06111f","Hex colour","src/styles/main.css","Not yet mapped to approved UAE Design System token","Requires review","Static extraction only"
"#446f8a","Hex colour","src/styles/main.css","Not yet mapped to approved UAE Design System token","Requires review","Static extraction only"
"#3112","Hex colour","src/styles/main.css","Not yet mapped to approved UAE Design System token","Requires review","Static extraction only"
"#ff3232","Hex colour","src/styles/main.css","Not yet mapped to approved UAE Design System token","Requires review","Static extraction only"
"#ffa500","Hex colour","src/styles/main.css","Not yet mapped to approved UAE Design System token","Requires review","Static extraction only"
"#009246","Hex colour","src/styles/main.css","Not yet mapped to approved UAE Design System token","Requires review","Static extraction only"
"#00732f","Hex colour","src/styles/main.css","Not yet mapped to approved UAE Design System token","Requires review","Static extraction only"
"#e30a17","Hex colour","src/styles/main.css","Not yet mapped to approved UAE Design System token","Requires review","Static extraction only"
"#bc002d","Hex colour","src/styles/main.css","Not yet mapped to approved UAE Design System token","Requires review","Static extraction only"
"#aa4422","Hex colour","src/styles/main.css","Not yet mapped to approved UAE Design System token","Requires review","Static extraction only"
"#8b4513","Hex colour","src/styles/main.css","Not yet mapped to approved UAE Design System token","Requires review","Static extraction only"
"#00ffaa40","Hex colour","src/styles/main.css","Not yet mapped to approved UAE Design System token","Requires review","Static extraction only"
"#00ffaa60","Hex colour","src/styles/main.css","Not yet mapped to approved UAE Design System token","Requires review","Static extraction only"
"#8844ff80","Hex colour","src/styles/main.css","Not yet mapped to approved UAE Design System token","Requires review","Static extraction only"
"#8844ff40","Hex colour","src/styles/main.css","Not yet mapped to approved UAE Design System token","Requires review","Static extraction only"
"#8844ff60","Hex colour","src/styles/main.css","Not yet mapped to approved UAE Design System token","Requires review","Static extraction only"
"#2ecc71","Hex colour","src/styles/main.css","Not yet mapped to approved UAE Design System token","Requires review","Static extraction only"
"#e67e22","Hex colour","src/styles/main.css","Not yet mapped to approved UAE Design System token","Requires review","Static extraction only"
"#8b5cf6","Hex colour","src/styles/main.css","Not yet mapped to approved UAE Design System token","Requires review","Static extraction only"
"#fbbf24","Hex colour","src/styles/main.css","Not yet mapped to approved UAE Design System token","Requires review","Static extraction only"
"#4ade80","Hex colour","src/styles/main.css","Not yet mapped to approved UAE Design System token","Requires review","Static extraction only"
"#f87171","Hex colour","src/styles/main.css","Not yet mapped to approved UAE Design System token","Requires review","Static extraction only"
"#60a5fa","Hex colour","src/styles/main.css","Not yet mapped to approved UAE Design System token","Requires review","Static extraction only"
"#a78bfa","Hex colour","src/styles/main.css","Not yet mapped to approved UAE Design System token","Requires review","Static extraction only"
"#f0c040","Hex colour","src/styles/main.css","Not yet mapped to approved UAE Design System token","Requires review","Static extraction only"
"#ff8844","Hex colour","src/styles/main.css","Not yet mapped to approved UAE Design System token","Requires review","Static extraction only"
"#cbd5e1","Hex colour","src/styles/main.css","Not yet mapped to approved UAE Design System token","Requires review","Static extraction only"
"#d4a843","Hex colour","src/styles/main.css","Not yet mapped to approved UAE Design System token","Requires review","Static extraction only"
"#b8902e","Hex colour","src/styles/main.css","Not yet mapped to approved UAE Design System token","Requires review","Static extraction only"
"#44ff8860","Hex colour","src/styles/main.css","Not yet mapped to approved UAE Design System token","Requires review","Static extraction only"
"#ff44ff60","Hex colour","src/styles/main.css","Not yet mapped to approved UAE Design System token","Requires review","Static extraction only"
"#00aaff60","Hex colour","src/styles/main.css","Not yet mapped to approved UAE Design System token","Requires review","Static extraction only"
"#ff660060","Hex colour","src/styles/main.css","Not yet mapped to approved UAE Design System token","Requires review","Static extraction only"
"#7dd3fc","Hex colour","src/styles/main.css","Not yet mapped to approved UAE Design System token","Requires review","Static extraction only"
"#ff5252","Hex colour","src/styles/main.css","Not yet mapped to approved UAE Design System token","Requires review","Static extraction only"
"#ffd740","Hex colour","src/styles/main.css","Not yet mapped to approved UAE Design System token","Requires review","Static extraction only"
"#69f0ae","Hex colour","src/styles/main.css","Not yet mapped to approved UAE Design System token","Requires review","Static extraction only"
"#ffab40","Hex colour","src/styles/main.css","Not yet mapped to approved UAE Design System token","Requires review","Static extraction only"
"#4fc3f7","Hex colour","src/styles/main.css","Not yet mapped to approved UAE Design System token","Requires review","Static extraction only"
"#4488ff","Hex colour","src/styles/main.css","Not yet mapped to approved UAE Design System token","Requires review","Static extraction only"
"#3707","Hex colour","src/styles/main.css","Not yet mapped to approved UAE Design System token","Requires review","Static extraction only"
"#9ca3af","Hex colour","src/styles/main.css","Not yet mapped to approved UAE Design System token","Requires review","Static extraction only"
"#6b8e23","Hex colour","src/styles/main.css","Not yet mapped to approved UAE Design System token","Requires review","Static extraction only"
"#dc143c","Hex colour","src/styles/main.css","Not yet mapped to approved UAE Design System token","Requires review","Static extraction only"
"#5368","Hex colour","src/styles/main.css","Not yet mapped to approved UAE Design System token","Requires review","Static extraction only"
"#4559","Hex colour","src/styles/main.css","Not yet mapped to approved UAE Design System token","Requires review","Static extraction only"
"#d64545","Hex colour","src/styles/main.css","Not yet mapped to approved UAE Design System token","Requires review","Static extraction only"
"#9aa0a6","Hex colour","src/styles/main.css","Not yet mapped to approved UAE Design System token","Requires review","Static extraction only"
"#ff2020","Hex colour","src/styles/main.css","Not yet mapped to approved UAE Design System token","Requires review","Static extraction only"
"#ffcc00","Hex colour","src/styles/main.css","Not yet mapped to approved UAE Design System token","Requires review","Static extraction only"
"#ffa000","Hex colour","src/styles/main.css","Not yet mapped to approved UAE Design System token","Requires review","Static extraction only"
"#00e5ff","Hex colour","src/styles/main.css","Not yet mapped to approved UAE Design System token","Requires review","Static extraction only"
"#5eead4","Hex colour","src/styles/main.css","Not yet mapped to approved UAE Design System token","Requires review","Static extraction only"
"#4921","Hex colour","src/styles/main.css","Not yet mapped to approved UAE Design System token","Requires review","Static extraction only"
"#4920","Hex colour","src/styles/main.css","Not yet mapped to approved UAE Design System token","Requires review","Static extraction only"
"#5956","Hex colour","src/styles/main.css","Not yet mapped to approved UAE Design System token","Requires review","Static extraction only"
"#e8eaed","Hex colour","src/styles/main.css","Not yet mapped to approved UAE Design System token","Requires review","Static extraction only"
"#93c5fd","Hex colour","src/styles/main.css","Not yet mapped to approved UAE Design System token","Requires review","Static extraction only"
"#34d399","Hex colour","src/styles/main.css","Not yet mapped to approved UAE Design System token","Requires review","Static extraction only"
"#fca5a5","Hex colour","src/styles/main.css","Not yet mapped to approved UAE Design System token","Requires review","Static extraction only"
"#1a1d21","Hex colour","src/styles/main.css","Not yet mapped to approved UAE Design System token","Requires review","Static extraction only"
"#8B0000","Hex colour","src/styles/main.css","Not yet mapped to approved UAE Design System token","Requires review","Static extraction only"
"#b45309","Hex colour","src/styles/main.css","Not yet mapped to approved UAE Design System token","Requires review","Static extraction only"
"#0a0e14","Hex colour","src/styles/main.css","Not yet mapped to approved UAE Design System token","Requires review","Static extraction only"
"#6ee89a","Hex colour","src/styles/main.css","Not yet mapped to approved UAE Design System token","Requires review","Static extraction only"
"#f5a623","Hex colour","src/styles/main.css","Not yet mapped to approved UAE Design System token","Requires review","Static extraction only"
"#8cffc9","Hex colour","src/styles/main.css","Not yet mapped to approved UAE Design System token","Requires review","Static extraction only"
"#ffb0b0","Hex colour","src/styles/main.css","Not yet mapped to approved UAE Design System token","Requires review","Static extraction only"
"#e74c3c","Hex colour","src/styles/main.css","Not yet mapped to approved UAE Design System token","Requires review","Static extraction only"
"#667eea","Hex colour","src/styles/main.css","Not yet mapped to approved UAE Design System token","Requires review","Static extraction only"
"#764ba2","Hex colour","src/styles/main.css","Not yet mapped to approved UAE Design System token","Requires review","Static extraction only"
"#e85b5b","Hex colour","src/styles/main.css","Not yet mapped to approved UAE Design System token","Requires review","Static extraction only"
"#4caf7d","Hex colour","src/styles/main.css","Not yet mapped to approved UAE Design System token","Requires review","Static extraction only"
"#94a3b8","Hex colour","src/styles/main.css","Not yet mapped to approved UAE Design System token","Requires review","Static extraction only"
"#ffb300","Hex colour","src/styles/main.css","Not yet mapped to approved UAE Design System token","Requires review","Static extraction only"
"#42a5f5","Hex colour","src/styles/main.css","Not yet mapped to approved UAE Design System token","Requires review","Static extraction only"
"#0f1117","Hex colour","src/styles/main.css","Not yet mapped to approved UAE Design System token","Requires review","Static extraction only"
"#facc15","Hex colour","src/styles/main.css","Not yet mapped to approved UAE Design System token","Requires review","Static extraction only"
"#12161c","Hex colour","src/styles/main.css","Not yet mapped to approved UAE Design System token","Requires review","Static extraction only"
"#4385","Hex colour","src/styles/main.css","Not yet mapped to approved UAE Design System token","Requires review","Static extraction only"
"#4a154b","Hex colour","src/styles/main.css","Not yet mapped to approved UAE Design System token","Requires review","Static extraction only"
"#611f69","Hex colour","src/styles/main.css","Not yet mapped to approved UAE Design System token","Requires review","Static extraction only"
"#5865f2","Hex colour","src/styles/main.css","Not yet mapped to approved UAE Design System token","Requires review","Static extraction only"
"#4752c4","Hex colour","src/styles/main.css","Not yet mapped to approved UAE Design System token","Requires review","Static extraction only"
"#4669","Hex colour","src/styles/main.css","Not yet mapped to approved UAE Design System token","Requires review","Static extraction only"
"#4538","Hex colour","src/styles/main.css","Not yet mapped to approved UAE Design System token","Requires review","Static extraction only"
"6px","Border radius","src/styles/main.css","Not yet mapped to approved UAE Design System token","Requires review","Static extraction only"
"4px","Border radius","src/styles/main.css","Not yet mapped to approved UAE Design System token","Requires review","Static extraction only"
"3px","Border radius","src/styles/main.css","Not yet mapped to approved UAE Design System token","Requires review","Static extraction only"
"50%","Border radius","src/styles/main.css","Not yet mapped to approved UAE Design System token","Requires review","Static extraction only"
"5px","Border radius","src/styles/main.css","Not yet mapped to approved UAE Design System token","Requires review","Static extraction only"
"10px","Border radius","src/styles/main.css","Not yet mapped to approved UAE Design System token","Requires review","Static extraction only"
"8px","Border radius","src/styles/main.css","Not yet mapped to approved UAE Design System token","Requires review","Static extraction only"
"999px","Border radius","src/styles/main.css","Not yet mapped to approved UAE Design System token","Requires review","Static extraction only"
"2px","Border radius","src/styles/main.css","Not yet mapped to approved UAE Design System token","Requires review","Static extraction only"
"inherit","Border radius","src/styles/main.css","Not yet mapped to approved UAE Design System token","Requires review","Static extraction only"
"var(--panel-radius, 6px)","Border radius","src/styles/main.css","Not yet mapped to approved UAE Design System token","Requires review","Static extraction only"
"0","Border radius","src/styles/main.css","Not yet mapped to approved UAE Design System token","Requires review","Static extraction only"
"0 !important","Border radius","src/styles/main.css","Not yet mapped to approved UAE Design System token","Requires review","Static extraction only"
"14px","Border radius","src/styles/main.css","Not yet mapped to approved UAE Design System token","Requires review","Static extraction only"
"16px","Border radius","src/styles/main.css","Not yet mapped to approved UAE Design System token","Requires review","Static extraction only"
"12px","Border radius","src/styles/main.css","Not yet mapped to approved UAE Design System token","Requires review","Static extraction only"
"16px 16px 0 0","Border radius","src/styles/main.css","Not yet mapped to approved UAE Design System token","Requires review","Static extraction only"
"3px 3px 0 0","Border radius","src/styles/main.css","Not yet mapped to approved UAE Design System token","Requires review","Static extraction only"
"0 0 3px 3px","Border radius","src/styles/main.css","Not yet mapped to approved UAE Design System token","Requires review","Static extraction only"
"7px","Border radius","src/styles/main.css","Not yet mapped to approved UAE Design System token","Requires review","Static extraction only"
"2px 2px 0 0","Border radius","src/styles/main.css","Not yet mapped to approved UAE Design System token","Requires review","Static extraction only"
"12px 12px 0 0","Border radius","src/styles/main.css","Not yet mapped to approved UAE Design System token","Requires review","Static extraction only"
"0 0 8px 8px","Border radius","src/styles/main.css","Not yet mapped to approved UAE Design System token","Requires review","Static extraction only"
"1px","Border radius","src/styles/main.css","Not yet mapped to approved UAE Design System token","Requires review","Static extraction only"
"9px","Border radius","src/styles/main.css","Not yet mapped to approved UAE Design System token","Requires review","Static extraction only"
"18px","Border radius","src/styles/main.css","Not yet mapped to approved UAE Design System token","Requires review","Static extraction only"
"20px","Border radius","src/styles/main.css","Not yet mapped to approved UAE Design System token","Requires review","Static extraction only"
"28px","Border radius","src/styles/main.css","Not yet mapped to approved UAE Design System token","Requires review","Static extraction only"
"14px 0 0 14px","Border radius","src/styles/main.css","Not yet mapped to approved UAE Design System token","Requires review","Static extraction only"
"6px 6px 0 0","Border radius","src/styles/main.css","Not yet mapped to approved UAE Design System token","Requires review","Static extraction only"
"6px","Border radius","src/styles/map-context-menu.css","Not yet mapped to approved UAE Design System token","Requires review","Static extraction only"
"--ready","CSS custom property","src/styles/panels.css","Not yet mapped to approved UAE Design System token","Requires review","Static extraction only"
"--watchlist-row-height","CSS custom property","src/styles/panels.css","Not yet mapped to approved UAE Design System token","Requires review","Static extraction only"
"inherit","Font family declaration","src/styles/panels.css","Not yet mapped to approved UAE Design System token","Requires review","Static extraction only"
"var(--font-mono, monospace)","Font family declaration","src/styles/panels.css","Not yet mapped to approved UAE Design System token","Requires review","Static extraction only"
"var(--font-body-base, system-ui, sans-serif)","Font family declaration","src/styles/panels.css","Not yet mapped to approved UAE Design System token","Requires review","Static extraction only"
"var(--font-mono)","Font family declaration","src/styles/panels.css","Not yet mapped to approved UAE Design System token","Requires review","Static extraction only"
"'IBM Plex Mono', ui-monospace, monospace","Font family declaration","src/styles/panels.css","Not yet mapped to approved UAE Design System token","Requires review","Static extraction only"
"'Playfair Display', Georgia, serif","Font family declaration","src/styles/panels.css","Not yet mapped to approved UAE Design System token","Requires review","Static extraction only"
"'Source Serif 4', Georgia, serif","Font family declaration","src/styles/panels.css","Not yet mapped to approved UAE Design System token","Requires review","Static extraction only"
"#888","Hex colour","src/styles/panels.css","Not yet mapped to approved UAE Design System token","Requires review","Static extraction only"
"#e8e8e8","Hex colour","src/styles/panels.css","Not yet mapped to approved UAE Design System token","Requires review","Static extraction only"
"#f59e0b","Hex colour","src/styles/panels.css","Not yet mapped to approved UAE Design System token","Requires review","Static extraction only"
"#44ff88","Hex colour","src/styles/panels.css","Not yet mapped to approved UAE Design System token","Requires review","Static extraction only"
"#3b82f6","Hex colour","src/styles/panels.css","Not yet mapped to approved UAE Design System token","Requires review","Static extraction only"
"#92400e","Hex colour","src/styles/panels.css","Not yet mapped to approved UAE Design System token","Requires review","Static extraction only"
"#22c55e","Hex colour","src/styles/panels.css","Not yet mapped to approved UAE Design System token","Requires review","Static extraction only"
"#f97316","Hex colour","src/styles/panels.css","Not yet mapped to approved UAE Design System token","Requires review","Static extraction only"
"#fff","Hex colour","src/styles/panels.css","Not yet mapped to approved UAE Design System token","Requires review","Static extraction only"
"#4488ff","Hex colour","src/styles/panels.css","Not yet mapped to approved UAE Design System token","Requires review","Static extraction only"
"#6699ff","Hex colour","src/styles/panels.css","Not yet mapped to approved UAE Design System token","Requires review","Static extraction only"
"#4ade80","Hex colour","src/styles/panels.css","Not yet mapped to approved UAE Design System token","Requires review","Static extraction only"
"#f87171","Hex colour","src/styles/panels.css","Not yet mapped to approved UAE Design System token","Requires review","Static extraction only"
"#4a9eff","Hex colour","src/styles/panels.css","Not yet mapped to approved UAE Design System token","Requires review","Static extraction only"
"#222","Hex colour","src/styles/panels.css","Not yet mapped to approved UAE Design System token","Requires review","Static extraction only"
"#0a0a0a","Hex colour","src/styles/panels.css","Not yet mapped to approved UAE Design System token","Requires review","Static extraction only"
"#f2ede4","Hex colour","src/styles/panels.css","Not yet mapped to approved UAE Design System token","Requires review","Static extraction only"
"#8b3a1f","Hex colour","src/styles/panels.css","Not yet mapped to approved UAE Design System token","Requires review","Static extraction only"
"#161616","Hex colour","src/styles/panels.css","Not yet mapped to approved UAE Design System token","Requires review","Static extraction only"
"#eee","Hex colour","src/styles/panels.css","Not yet mapped to approved UAE Design System token","Requires review","Static extraction only"
"#223","Hex colour","src/styles/panels.css","Not yet mapped to approved UAE Design System token","Requires review","Static extraction only"
"#1a1a1a","Hex colour","src/styles/panels.css","Not yet mapped to approved UAE Design System token","Requires review","Static extraction only"
"4px","Border radius","src/styles/panels.css","Not yet mapped to approved UAE Design System token","Requires review","Static extraction only"
"3px","Border radius","src/styles/panels.css","Not yet mapped to approved UAE Design System token","Requires review","Static extraction only"
"8px","Border radius","src/styles/panels.css","Not yet mapped to approved UAE Design System token","Requires review","Static extraction only"
"6px","Border radius","src/styles/panels.css","Not yet mapped to approved UAE Design System token","Requires review","Static extraction only"
"50%","Border radius","src/styles/panels.css","Not yet mapped to approved UAE Design System token","Requires review","Static extraction only"
"inherit","Border radius","src/styles/panels.css","Not yet mapped to approved UAE Design System token","Requires review","Static extraction only"
"2px","Border radius","src/styles/panels.css","Not yet mapped to approved UAE Design System token","Requires review","Static extraction only"
"5px","Border radius","src/styles/panels.css","Not yet mapped to approved UAE Design System token","Requires review","Static extraction only"
"0 5px 5px 0","Border radius","src/styles/panels.css","Not yet mapped to approved UAE Design System token","Requires review","Static extraction only"
"20px","Border radius","src/styles/panels.css","Not yet mapped to approved UAE Design System token","Requires review","Static extraction only"
"10px","Border radius","src/styles/panels.css","Not yet mapped to approved UAE Design System token","Requires review","Static extraction only"
"var(--font-mono, monospace)","Font family declaration","src/styles/route-explorer.css","Not yet mapped to approved UAE Design System token","Requires review","Static extraction only"
"#0d1117","Hex colour","src/styles/route-explorer.css","Not yet mapped to approved UAE Design System token","Requires review","Static extraction only"
"#c9d1d9","Hex colour","src/styles/route-explorer.css","Not yet mapped to approved UAE Design System token","Requires review","Static extraction only"
"#21262d","Hex colour","src/styles/route-explorer.css","Not yet mapped to approved UAE Design System token","Requires review","Static extraction only"
"#30363d","Hex colour","src/styles/route-explorer.css","Not yet mapped to approved UAE Design System token","Requires review","Static extraction only"
"#8b949e","Hex colour","src/styles/route-explorer.css","Not yet mapped to approved UAE Design System token","Requires review","Static extraction only"
"#161b22","Hex colour","src/styles/route-explorer.css","Not yet mapped to approved UAE Design System token","Requires review","Static extraction only"
"#58a6ff","Hex colour","src/styles/route-explorer.css","Not yet mapped to approved UAE Design System token","Requires review","Static extraction only"
"#1f2937","Hex colour","src/styles/route-explorer.css","Not yet mapped to approved UAE Design System token","Requires review","Static extraction only"
"#1f3a5f","Hex colour","src/styles/route-explorer.css","Not yet mapped to approved UAE Design System token","Requires review","Static extraction only"
"#f59e0b","Hex colour","src/styles/route-explorer.css","Not yet mapped to approved UAE Design System token","Requires review","Static extraction only"
"#ef4444","Hex colour","src/styles/route-explorer.css","Not yet mapped to approved UAE Design System token","Requires review","Static extraction only"
"#dc2626","Hex colour","src/styles/route-explorer.css","Not yet mapped to approved UAE Design System token","Requires review","Static extraction only"
"#22c55e","Hex colour","src/styles/route-explorer.css","Not yet mapped to approved UAE Design System token","Requires review","Static extraction only"
"#fff","Hex colour","src/styles/route-explorer.css","Not yet mapped to approved UAE Design System token","Requires review","Static extraction only"
"#4090ef","Hex colour","src/styles/route-explorer.css","Not yet mapped to approved UAE Design System token","Requires review","Static extraction only"
"6px","Border radius","src/styles/route-explorer.css","Not yet mapped to approved UAE Design System token","Requires review","Static extraction only"
"8px","Border radius","src/styles/route-explorer.css","Not yet mapped to approved UAE Design System token","Requires review","Static extraction only"
"4px","Border radius","src/styles/route-explorer.css","Not yet mapped to approved UAE Design System token","Requires review","Static extraction only"
"3px","Border radius","src/styles/route-explorer.css","Not yet mapped to approved UAE Design System token","Requires review","Static extraction only"
"50%","Border radius","src/styles/route-explorer.css","Not yet mapped to approved UAE Design System token","Requires review","Static extraction only"
"12px","Border radius","src/styles/route-explorer.css","Not yet mapped to approved UAE Design System token","Requires review","Static extraction only"
"--settings-bg","CSS custom property","src/styles/settings-window.css","Not yet mapped to approved UAE Design System token","Requires review","Static extraction only"
"--settings-surface","CSS custom property","src/styles/settings-window.css","Not yet mapped to approved UAE Design System token","Requires review","Static extraction only"
"--settings-surface-inset","CSS custom property","src/styles/settings-window.css","Not yet mapped to approved UAE Design System token","Requires review","Static extraction only"
"--settings-border","CSS custom property","src/styles/settings-window.css","Not yet mapped to approved UAE Design System token","Requires review","Static extraction only"
"--settings-border-strong","CSS custom property","src/styles/settings-window.css","Not yet mapped to approved UAE Design System token","Requires review","Static extraction only"
"--settings-text","CSS custom property","src/styles/settings-window.css","Not yet mapped to approved UAE Design System token","Requires review","Static extraction only"
"--settings-text-secondary","CSS custom property","src/styles/settings-window.css","Not yet mapped to approved UAE Design System token","Requires review","Static extraction only"
"--settings-accent","CSS custom property","src/styles/settings-window.css","Not yet mapped to approved UAE Design System token","Requires review","Static extraction only"
"--settings-green","CSS custom property","src/styles/settings-window.css","Not yet mapped to approved UAE Design System token","Requires review","Static extraction only"
"--settings-yellow","CSS custom property","src/styles/settings-window.css","Not yet mapped to approved UAE Design System token","Requires review","Static extraction only"
"--settings-red","CSS custom property","src/styles/settings-window.css","Not yet mapped to approved UAE Design System token","Requires review","Static extraction only"
"--settings-blue","CSS custom property","src/styles/settings-window.css","Not yet mapped to approved UAE Design System token","Requires review","Static extraction only"
"--font-mono","CSS custom property","src/styles/settings-window.css","Not yet mapped to approved UAE Design System token","Requires review","Static extraction only"
"-apple-system, BlinkMacSystemFont, 'Segoe UI', system-ui, sans-serif","Font family declaration","src/styles/settings-window.css","Not yet mapped to approved UAE Design System token","Requires review","Static extraction only"
"var(--font-mono)","Font family declaration","src/styles/settings-window.css","Not yet mapped to approved UAE Design System token","Requires review","Static extraction only"
"#e8eaed","Hex colour","src/styles/settings-window.css","Not yet mapped to approved UAE Design System token","Requires review","Static extraction only"
"#9aa0a6","Hex colour","src/styles/settings-window.css","Not yet mapped to approved UAE Design System token","Requires review","Static extraction only"
"#34d399","Hex colour","src/styles/settings-window.css","Not yet mapped to approved UAE Design System token","Requires review","Static extraction only"
"#fbbf24","Hex colour","src/styles/settings-window.css","Not yet mapped to approved UAE Design System token","Requires review","Static extraction only"
"#60a5fa","Hex colour","src/styles/settings-window.css","Not yet mapped to approved UAE Design System token","Requires review","Static extraction only"
"#1e1e2e","Hex colour","src/styles/settings-window.css","Not yet mapped to approved UAE Design System token","Requires review","Static extraction only"
"#fff","Hex colour","src/styles/settings-window.css","Not yet mapped to approved UAE Design System token","Requires review","Static extraction only"
"8px","Border radius","src/styles/settings-window.css","Not yet mapped to approved UAE Design System token","Requires review","Static extraction only"
"6px","Border radius","src/styles/settings-window.css","Not yet mapped to approved UAE Design System token","Requires review","Static extraction only"
"0 2px 2px 0","Border radius","src/styles/settings-window.css","Not yet mapped to approved UAE Design System token","Requires review","Static extraction only"
"50%","Border radius","src/styles/settings-window.css","Not yet mapped to approved UAE Design System token","Requires review","Static extraction only"
"3px","Border radius","src/styles/settings-window.css","Not yet mapped to approved UAE Design System token","Requires review","Static extraction only"
"10px","Border radius","src/styles/settings-window.css","Not yet mapped to approved UAE Design System token","Requires review","Static extraction only"
"4px","Border radius","src/styles/settings-window.css","Not yet mapped to approved UAE Design System token","Requires review","Static extraction only"
"12px","Border radius","src/styles/settings-window.css","Not yet mapped to approved UAE Design System token","Requires review","Static extraction only"
"2px","Border radius","src/styles/settings-window.css","Not yet mapped to approved UAE Design System token","Requires review","Static extraction only"
"#ef4444","Hex colour","src/styles/supply-chain-panel.css","Not yet mapped to approved UAE Design System token","Requires review","Static extraction only"
"#f87171","Hex colour","src/styles/supply-chain-panel.css","Not yet mapped to approved UAE Design System token","Requires review","Static extraction only"
"#fb923c","Hex colour","src/styles/supply-chain-panel.css","Not yet mapped to approved UAE Design System token","Requires review","Static extraction only"
"#fbbf24","Hex colour","src/styles/supply-chain-panel.css","Not yet mapped to approved UAE Design System token","Requires review","Static extraction only"
"#94a3b8","Hex colour","src/styles/supply-chain-panel.css","Not yet mapped to approved UAE Design System token","Requires review","Static extraction only"
"#64748b","Hex colour","src/styles/supply-chain-panel.css","Not yet mapped to approved UAE Design System token","Requires review","Static extraction only"
"3px","Border radius","src/styles/supply-chain-panel.css","Not yet mapped to approved UAE Design System token","Requires review","Static extraction only"
"6px","Border radius","src/styles/supply-chain-panel.css","Not yet mapped to approved UAE Design System token","Requires review","Static extraction only"
"#4922a","Hex colour","src/types/index.ts","Not yet mapped to approved UAE Design System token","Requires review","Static extraction only"
"#4442","Hex colour","src/utils/after-paint.ts","Not yet mapped to approved UAE Design System token","Requires review","Static extraction only"
"#4537","Hex colour","src/utils/after-paint.ts","Not yet mapped to approved UAE Design System token","Requires review","Static extraction only"
"#5042","Hex colour","src/utils/after-paint.ts","Not yet mapped to approved UAE Design System token","Requires review","Static extraction only"
"#4558","Hex colour","src/utils/after-paint.ts","Not yet mapped to approved UAE Design System token","Requires review","Static extraction only"
"#5697","Hex colour","src/utils/analysis-constants.ts","Not yet mapped to approved UAE Design System token","Requires review","Static extraction only"
"#888","Hex colour","src/utils/attribution-footer.ts","Not yet mapped to approved UAE Design System token","Requires review","Static extraction only"
"#3795","Hex colour","src/utils/circuit-breaker.ts","Not yet mapped to approved UAE Design System token","Requires review","Static extraction only"
"#3521","Hex colour","src/utils/cloud-prefs-migrations.ts","Not yet mapped to approved UAE Design System token","Requires review","Static extraction only"
"#5949","Hex colour","src/utils/cloud-prefs-migrations.ts","Not yet mapped to approved UAE Design System token","Requires review","Static extraction only"
"#5963","Hex colour","src/utils/cloud-prefs-migrations.ts","Not yet mapped to approved UAE Design System token","Requires review","Static extraction only"
"#6000","Hex colour","src/utils/cloud-prefs-migrations.ts","Not yet mapped to approved UAE Design System token","Requires review","Static extraction only"
"#5975","Hex colour","src/utils/cloud-prefs-migrations.ts","Not yet mapped to approved UAE Design System token","Requires review","Static extraction only"
"#5976","Hex colour","src/utils/cloud-prefs-migrations.ts","Not yet mapped to approved UAE Design System token","Requires review","Static extraction only"
"#5977","Hex colour","src/utils/cloud-prefs-migrations.ts","Not yet mapped to approved UAE Design System token","Requires review","Static extraction only"
"#5980","Hex colour","src/utils/cloud-prefs-migrations.ts","Not yet mapped to approved UAE Design System token","Requires review","Static extraction only"
"#5960","Hex colour","src/utils/cloud-prefs-migrations.ts","Not yet mapped to approved UAE Design System token","Requires review","Static extraction only"
"#3521","Hex colour","src/utils/cloud-prefs-sync.ts","Not yet mapped to approved UAE Design System token","Requires review","Static extraction only"
"#5963","Hex colour","src/utils/cloud-prefs-sync.ts","Not yet mapped to approved UAE Design System token","Requires review","Static extraction only"
"#6000","Hex colour","src/utils/cloud-prefs-sync.ts","Not yet mapped to approved UAE Design System token","Requires review","Static extraction only"
"#5975","Hex colour","src/utils/cloud-prefs-sync.ts","Not yet mapped to approved UAE Design System token","Requires review","Static extraction only"
"#5976","Hex colour","src/utils/cloud-prefs-sync.ts","Not yet mapped to approved UAE Design System token","Requires review","Static extraction only"
"#5977","Hex colour","src/utils/cloud-prefs-sync.ts","Not yet mapped to approved UAE Design System token","Requires review","Static extraction only"
"#5980","Hex colour","src/utils/cloud-prefs-sync.ts","Not yet mapped to approved UAE Design System token","Requires review","Static extraction only"
"#5960","Hex colour","src/utils/cloud-prefs-sync.ts","Not yet mapped to approved UAE Design System token","Requires review","Static extraction only"
"#3524","Hex colour","src/utils/cloud-prefs-sync.ts","Not yet mapped to approved UAE Design System token","Requires review","Static extraction only"
"#3479","Hex colour","src/utils/cloud-prefs-sync.ts","Not yet mapped to approved UAE Design System token","Requires review","Static extraction only"
"#ffffff","Hex colour","src/utils/contrast.ts","Not yet mapped to approved UAE Design System token","Requires review","Static extraction only"
"#1a1a1a","Hex colour","src/utils/contrast.ts","Not yet mapped to approved UAE Design System token","Requires review","Static extraction only"
"#c00","Hex colour","src/utils/country-chip-picker.ts","Not yet mapped to approved UAE Design System token","Requires review","Static extraction only"
"#3632","Hex colour","src/utils/country-chip-picker.ts","Not yet mapped to approved UAE Design System token","Requires review","Static extraction only"
"-apple-system, BlinkMacSystemFont, 'Segoe UI', Roboto, sans-serif","Font family declaration","src/utils/export-report.ts","Not yet mapped to approved UAE Design System token","Requires review","Static extraction only"
"#fff","Hex colour","src/utils/export-report.ts","Not yet mapped to approved UAE Design System token","Requires review","Static extraction only"
"#111","Hex colour","src/utils/export-report.ts","Not yet mapped to approved UAE Design System token","Requires review","Static extraction only"
"#ccc","Hex colour","src/utils/export-report.ts","Not yet mapped to approved UAE Design System token","Requires review","Static extraction only"
"#555","Hex colour","src/utils/export-report.ts","Not yet mapped to approved UAE Design System token","Requires review","Static extraction only"
"#666","Hex colour","src/utils/export-report.ts","Not yet mapped to approved UAE Design System token","Requires review","Static extraction only"
"#e3e3e3","Hex colour","src/utils/export-report.ts","Not yet mapped to approved UAE Design System token","Requires review","Static extraction only"
"#14507d","Hex colour","src/utils/export-report.ts","Not yet mapped to approved UAE Design System token","Requires review","Static extraction only"
"#5368","Hex colour","src/utils/globe-marker-budget.ts","Not yet mapped to approved UAE Design System token","Requires review","Static extraction only"
"#128512","Hex colour","src/utils/html-entities.ts","Not yet mapped to approved UAE Design System token","Requires review","Static extraction only"
"#4512","Hex colour","src/utils/lcp-debug.ts","Not yet mapped to approved UAE Design System token","Requires review","Static extraction only"
"#4923","Hex colour","src/utils/new-since-visit.ts","Not yet mapped to approved UAE Design System token","Requires review","Static extraction only"
"#4926","Hex colour","src/utils/new-since-visit.ts","Not yet mapped to approved UAE Design System token","Requires review","Static extraction only"
"#5969","Hex colour","src/utils/summary-cache-key.ts","Not yet mapped to approved UAE Design System token","Requires review","Static extraction only"
"#4944","Hex colour","src/utils/summary-cache-key.ts","Not yet mapped to approved UAE Design System token","Requires review","Static extraction only"
"#4914","Hex colour","src/utils/summary-cache-key.ts","Not yet mapped to approved UAE Design System token","Requires review","Static extraction only"
"#4923","Hex colour","src/utils/sync-keys.ts","Not yet mapped to approved UAE Design System token","Requires review","Static extraction only"
"#1A2332","Hex colour","src/utils/theme-manager.ts","Not yet mapped to approved UAE Design System token","Requires review","Static extraction only"
"#0a0f0a","Hex colour","src/utils/theme-manager.ts","Not yet mapped to approved UAE Design System token","Requires review","Static extraction only"
"#FAFAF5","Hex colour","src/utils/theme-manager.ts","Not yet mapped to approved UAE Design System token","Requires review","Static extraction only"
"#f8f9fa","Hex colour","src/utils/theme-manager.ts","Not yet mapped to approved UAE Design System token","Requires review","Static extraction only"
"#dc2626","Hex colour","src/utils/transit-chart.ts","Not yet mapped to approved UAE Design System token","Requires review","Static extraction only"
"#ea580c","Hex colour","src/utils/transit-chart.ts","Not yet mapped to approved UAE Design System token","Requires review","Static extraction only"
"#ca8a04","Hex colour","src/utils/transit-chart.ts","Not yet mapped to approved UAE Design System token","Requires review","Static extraction only"
"#0284c7","Hex colour","src/utils/transit-chart.ts","Not yet mapped to approved UAE Design System token","Requires review","Static extraction only"
"#15803d","Hex colour","src/utils/transit-chart.ts","Not yet mapped to approved UAE Design System token","Requires review","Static extraction only"
"#f59e0b","Hex colour","src/utils/transit-chart.ts","Not yet mapped to approved UAE Design System token","Requires review","Static extraction only"
"#1a1a2e","Hex colour","src/utils/transit-chart.ts","Not yet mapped to approved UAE Design System token","Requires review","Static extraction only"
"#444","Hex colour","src/utils/transit-chart.ts","Not yet mapped to approved UAE Design System token","Requires review","Static extraction only"
"#eee","Hex colour","src/utils/transit-chart.ts","Not yet mapped to approved UAE Design System token","Requires review","Static extraction only"
"#888","Hex colour","src/utils/transit-chart.ts","Not yet mapped to approved UAE Design System token","Requires review","Static extraction only"
"#fff","Hex colour","src/utils/transit-chart.ts","Not yet mapped to approved UAE Design System token","Requires review","Static extraction only"
"#000","Hex colour","src/utils/transit-chart.ts","Not yet mapped to approved UAE Design System token","Requires review","Static extraction only"
"#2a2a2a","Hex colour","src/utils/transit-chart.ts","Not yet mapped to approved UAE Design System token","Requires review","Static extraction only"
"3px","Border radius","src/utils/transit-chart.ts","Not yet mapped to approved UAE Design System token","Requires review","Static extraction only"
"1px","Border radius","src/utils/transit-chart.ts","Not yet mapped to approved UAE Design System token","Requires review","Static extraction only"
"--bg","CSS custom property","src/utils/widget-sanitizer.ts","Not yet mapped to approved UAE Design System token","Requires review","Static extraction only"
"--surface","CSS custom property","src/utils/widget-sanitizer.ts","Not yet mapped to approved UAE Design System token","Requires review","Static extraction only"
"--text","CSS custom property","src/utils/widget-sanitizer.ts","Not yet mapped to approved UAE Design System token","Requires review","Static extraction only"
"--text-secondary","CSS custom property","src/utils/widget-sanitizer.ts","Not yet mapped to approved UAE Design System token","Requires review","Static extraction only"
"--text-dim","CSS custom property","src/utils/widget-sanitizer.ts","Not yet mapped to approved UAE Design System token","Requires review","Static extraction only"
"--text-muted","CSS custom property","src/utils/widget-sanitizer.ts","Not yet mapped to approved UAE Design System token","Requires review","Static extraction only"
"--border","CSS custom property","src/utils/widget-sanitizer.ts","Not yet mapped to approved UAE Design System token","Requires review","Static extraction only"
"--border-subtle","CSS custom property","src/utils/widget-sanitizer.ts","Not yet mapped to approved UAE Design System token","Requires review","Static extraction only"
"--overlay-subtle","CSS custom property","src/utils/widget-sanitizer.ts","Not yet mapped to approved UAE Design System token","Requires review","Static extraction only"
"--green","CSS custom property","src/utils/widget-sanitizer.ts","Not yet mapped to approved UAE Design System token","Requires review","Static extraction only"
"--red","CSS custom property","src/utils/widget-sanitizer.ts","Not yet mapped to approved UAE Design System token","Requires review","Static extraction only"
"--yellow","CSS custom property","src/utils/widget-sanitizer.ts","Not yet mapped to approved UAE Design System token","Requires review","Static extraction only"
"--accent","CSS custom property","src/utils/widget-sanitizer.ts","Not yet mapped to approved UAE Design System token","Requires review","Static extraction only"
"'SF Mono','Monaco','Cascadia Code','Fira Code','DejaVu Sans Mono','Liberation Mono',monospace!important}","Font family declaration","src/utils/widget-sanitizer.ts","Not yet mapped to approved UAE Design System token","Requires review","Static extraction only"
"inherit!important}","Font family declaration","src/utils/widget-sanitizer.ts","Not yet mapped to approved UAE Design System token","Requires review","Static extraction only"
"#0a0a0a","Hex colour","src/utils/widget-sanitizer.ts","Not yet mapped to approved UAE Design System token","Requires review","Static extraction only"
"#141414","Hex colour","src/utils/widget-sanitizer.ts","Not yet mapped to approved UAE Design System token","Requires review","Static extraction only"
"#e8e8e8","Hex colour","src/utils/widget-sanitizer.ts","Not yet mapped to approved UAE Design System token","Requires review","Static extraction only"
"#ccc","Hex colour","src/utils/widget-sanitizer.ts","Not yet mapped to approved UAE Design System token","Requires review","Static extraction only"
"#888","Hex colour","src/utils/widget-sanitizer.ts","Not yet mapped to approved UAE Design System token","Requires review","Static extraction only"
"#666","Hex colour","src/utils/widget-sanitizer.ts","Not yet mapped to approved UAE Design System token","Requires review","Static extraction only"
"#2a2a2a","Hex colour","src/utils/widget-sanitizer.ts","Not yet mapped to approved UAE Design System token","Requires review","Static extraction only"
"#1a1a1a","Hex colour","src/utils/widget-sanitizer.ts","Not yet mapped to approved UAE Design System token","Requires review","Static extraction only"
"#44ff88","Hex colour","src/utils/widget-sanitizer.ts","Not yet mapped to approved UAE Design System token","Requires review","Static extraction only"
"#ff4444","Hex colour","src/utils/widget-sanitizer.ts","Not yet mapped to approved UAE Design System token","Requires review","Static extraction only"
"#ffaa00","Hex colour","src/utils/widget-sanitizer.ts","Not yet mapped to approved UAE Design System token","Requires review","Static extraction only"
"#5425","Hex colour","src/workers/load-dedupe.ts","Not yet mapped to approved UAE Design System token","Requires review","Static extraction only"
"#5425","Hex colour","src/workers/ml.worker.ts","Not yet mapped to approved UAE Design System token","Requires review","Static extraction only"
"#2025","Hex colour","tests/fixtures/cross-strait-activity/jmod-homepage.html","Not yet mapped to approved UAE Design System token","Requires review","Static extraction only"
"#efefef","Hex colour","tests/fixtures/fatf-blacklist-2026-02.html","Not yet mapped to approved UAE Design System token","Requires review","Static extraction only"
"#eceff1","Hex colour","tests/fixtures/fatf-blacklist-2026-02.html","Not yet mapped to approved UAE Design System token","Requires review","Static extraction only"
"#267589","Hex colour","tests/fixtures/fatf-blacklist-2026-02.html","Not yet mapped to approved UAE Design System token","Requires review","Static extraction only"
"#eceff1","Hex colour","tests/fixtures/fatf-entry-page-2026-02.html","Not yet mapped to approved UAE Design System token","Requires review","Static extraction only"
"#267589","Hex colour","tests/fixtures/fatf-entry-page-2026-02.html","Not yet mapped to approved UAE Design System token","Requires review","Static extraction only"
"#efefef","Hex colour","tests/fixtures/fatf-greylist-2026-02.html","Not yet mapped to approved UAE Design System token","Requires review","Static extraction only"
"#eceff1","Hex colour","tests/fixtures/fatf-greylist-2026-02.html","Not yet mapped to approved UAE Design System token","Requires review","Static extraction only"
"#267589","Hex colour","tests/fixtures/fatf-greylist-2026-02.html","Not yet mapped to approved UAE Design System token","Requires review","Static extraction only"
"#FAFAF5","Hex colour","vite.config.ts","Not yet mapped to approved UAE Design System token","Requires review","Static extraction only"
"#4996","Hex colour","vite.config.ts","Not yet mapped to approved UAE Design System token","Requires review","Static extraction only"
"#4346","Hex colour","vite.config.ts","Not yet mapped to approved UAE Design System token","Requires review","Static extraction only"
"#0a0f0a","Hex colour","vite.config.ts","Not yet mapped to approved UAE Design System token","Requires review","Static extraction only"
"#4891","Hex colour","vite.config.ts","Not yet mapped to approved UAE Design System token","Requires review","Static extraction only"
"#4404","Hex colour","vite.config.ts","Not yet mapped to approved UAE Design System token","Requires review","Static extraction only"
"#4478","Hex colour","vite.config.ts","Not yet mapped to approved UAE Design System token","Requires review","Static extraction only"
"#4486","Hex colour","vite.config.ts","Not yet mapped to approved UAE Design System token","Requires review","Static extraction only"
"#4487","Hex colour","vite.config.ts","Not yet mapped to approved UAE Design System token","Requires review","Static extraction only"
"#5165","Hex colour","vite.config.ts","Not yet mapped to approved UAE Design System token","Requires review","Static extraction only"
"#4493","Hex colour","vite.config.ts","Not yet mapped to approved UAE Design System token","Requires review","Static extraction only"
"#3923","Hex colour","workers/api-cors-preflight/src/index.js","Not yet mapped to approved UAE Design System token","Requires review","Static extraction only"
"#5338","Hex colour","workers/api-cors-preflight/src/index.js","Not yet mapped to approved UAE Design System token","Requires review","Static extraction only"
"#5338","Hex colour","workers/api-cors-preflight/src/kv-serve.js","Not yet mapped to approved UAE Design System token","Requires review","Static extraction only"
"#5300","Hex colour","workers/api-cors-preflight/src/kv-serve.js","Not yet mapped to approved UAE Design System token","Requires review","Static extraction only"
"#5338","Hex colour","workers/api-cors-preflight/src/kv-shadow.js","Not yet mapped to approved UAE Design System token","Requires review","Static extraction only"
"#5300","Hex colour","workers/api-cors-preflight/src/kv-shadow.js","Not yet mapped to approved UAE Design System token","Requires review","Static extraction only"
