"category","pattern","path"
"apiAndContracts","*api*",".github/workflows/live-api-cache-auth.yml"
"apiAndContracts","*api*","api/[...notfound].ts"
"apiAndContracts","*api*","api/_agent-metadata.ts"
"apiAndContracts","*api*","api/_agent-tool-suggest.ts"
"apiAndContracts","*api*","api/_api-key.js"
"apiAndContracts","*api*","api/_api-key.test.mjs"
"apiAndContracts","*api*","api/_bootstrap-public-tier.js"
"apiAndContracts","*api*","api/_bootstrap-r2.js"
"apiAndContracts","*api*","api/_bootstrap-tier-keys.js"
"apiAndContracts","*api*","api/_china-decision-health.js"
"apiAndContracts","*api*","api/_cii-risk-cache-keys.d.ts"
"apiAndContracts","*api*","api/_cii-risk-cache-keys.js"
"apiAndContracts","*api*","api/_client-ip.js"
"apiAndContracts","*api*","api/_content-freshness.js"
"apiAndContracts","*api*","api/_convex-error.js"
"apiAndContracts","*api*","api/_cors.js"
"apiAndContracts","*api*","api/_cors.test.mjs"
"apiAndContracts","*api*","api/_crypto.js"
"apiAndContracts","*api*","api/_github-release.js"
"apiAndContracts","*api*","api/_idempotency.d.ts"
"apiAndContracts","*api*","api/_idempotency.js"
"apiAndContracts","*api*","api/_json-response.js"
"apiAndContracts","*api*","api/_mcp-grant-hmac.ts"
"apiAndContracts","*api*","api/_notification-webhook-ssrf.ts"
"apiAndContracts","*api*","api/_oauth-token.js"
"apiAndContracts","*api*","api/_pool-coverage.js"
"apiAndContracts","*generated*","api/_product-catalog.generated.js"
"apiAndContracts","*api*","api/_rate-limit.js"
"apiAndContracts","*api*","api/_rate-limit.test.mjs"
"apiAndContracts","*api*","api/_rate-limit-fallback.js"
"apiAndContracts","*api*","api/_relay.js"
"apiAndContracts","*api*","api/_rss-allowed-domain-match.js"
"apiAndContracts","*api*","api/_rss-allowed-domains.js"
"apiAndContracts","*api*","api/_seed-envelope.js"
"apiAndContracts","*api*","api/_sentry-common.js"
"apiAndContracts","*api*","api/_sentry-common.test.mjs"
"apiAndContracts","*api*","api/_sentry-edge.js"
"apiAndContracts","*api*","api/_sentry-node.js"
"apiAndContracts","*api*","api/_session.js"
"apiAndContracts","*api*","api/_session.test.mjs"
"apiAndContracts","*api*","api/_upstash-json.d.ts"
"apiAndContracts","*api*","api/_upstash-json.js"
"apiAndContracts","*api*","api/_usage-telemetry.js"
"apiAndContracts","*api*","api/_user-api-key.js"
"apiAndContracts","*api*","api/_user-api-key.test.mjs"
"apiAndContracts","*api*","api/_wildfire-dashboard.d.ts"
"apiAndContracts","*api*","api/_wildfire-dashboard.js"
"apiAndContracts","*api*","api/a2a.ts"
"apiAndContracts","*api*","api/agent-auth.ts"
"apiAndContracts","*api*","api/analytics-health.js"
"apiAndContracts","*api*","api/analytics-health.test.mjs"
"apiAndContracts","*api*","api/api-route-exceptions.json"
"apiAndContracts","*api*","api/ask.ts"
"apiAndContracts","*api*","api/aviation/v1/[rpc].ts"
"apiAndContracts","*rpc*","api/batch/v1/[rpc].ts"
"apiAndContracts","*api*","api/bootstrap.js"
"apiAndContracts","*api*","api/bootstrap-auth.test.mjs"
"apiAndContracts","*api*","api/bootstrap-cors.test.mjs"
"apiAndContracts","*api*","api/brief/[userId]/[issueDate].ts"
"apiAndContracts","*api*","api/brief/carousel/[userId]/[issueDate]/[page].ts"
"apiAndContracts","*api*","api/brief/public/[hash].ts"
"apiAndContracts","*api*","api/brief/share-url.ts"
"apiAndContracts","*api*","api/cache-purge.js"
"apiAndContracts","*api*","api/chat-analyst.ts"
"apiAndContracts","*rpc*","api/climate/v1/[rpc].ts"
"apiAndContracts","*rpc*","api/conflict/v1/[rpc].ts"
"apiAndContracts","*api*","api/consumer-prices/v1/[rpc].ts"
"apiAndContracts","*api*","api/correlation-runtime-mode.js"
"apiAndContracts","*api*","api/create-checkout.ts"
"apiAndContracts","*api*","api/customer-portal.ts"
"apiAndContracts","*rpc*","api/cyber/v1/[rpc].ts"
"apiAndContracts","*api*","api/data/city-coords.ts"
"apiAndContracts","*api*","api/discord/oauth/callback.ts"
"apiAndContracts","*api*","api/discord/oauth/start.ts"
"apiAndContracts","*api*","api/displacement/v1/[rpc].ts"
"apiAndContracts","*api*","api/docs-mcp.ts"
"apiAndContracts","*api*","api/download.js"
"apiAndContracts","*api*","api/economic/v1/[rpc].ts"
"apiAndContracts","*api*","api/forecast/v1/[rpc].ts"
"apiAndContracts","*api*","api/fwdstart.js"
"apiAndContracts","*api*","api/geo.js"
"apiAndContracts","*api*","api/giving/v1/[rpc].ts"
"apiAndContracts","*api*","api/gpsjam.js"
"apiAndContracts","*api*","api/health.js"
"apiAndContracts","*rpc*","api/health/v1/[rpc].ts"
"apiAndContracts","*api*","api/health-cors.test.mjs"
"apiAndContracts","*api*","api/http-message-signatures-directory.ts"
"apiAndContracts","*rpc*","api/imagery/v1/[rpc].ts"
"apiAndContracts","*api*","api/infrastructure/v1/[rpc].ts"
"apiAndContracts","*rpc*","api/intelligence/v1/[rpc].ts"
"apiAndContracts","*api*","api/internal/brief-why-matters.ts"
"apiAndContracts","*api*","api/internal/china-exchange-egress.js"
"apiAndContracts","*api*","api/internal/mcp-grant-context.ts"
"apiAndContracts","*api*","api/internal/mcp-grant-mint.ts"
"apiAndContracts","*api*","api/invalidate-user-api-key-cache.ts"
"apiAndContracts","*api*","api/latest-brief.ts"
"apiAndContracts","*api*","api/leads/v1/[rpc].ts"
"apiAndContracts","*api*","api/loaders-xml-wms-regression.test.mjs"
"apiAndContracts","*rpc*","api/maritime/v1/[rpc].ts"
"apiAndContracts","*rpc*","api/market/v1/[rpc].ts"
"apiAndContracts","*api*","api/mcp.ts"
"apiAndContracts","*api*","api/mcp/auth.ts"
"apiAndContracts","*api*","api/mcp/billing-denial.ts"
"apiAndContracts","*api*","api/mcp/constants.ts"
"apiAndContracts","*api*","api/mcp/dispatch.ts"
"apiAndContracts","*api*","api/mcp/downstream.ts"
"apiAndContracts","*api*","api/mcp/error-fingerprint.ts"
"apiAndContracts","*api*","api/mcp/filters.ts"
"apiAndContracts","*api*","api/mcp/freshness.ts"
"apiAndContracts","*api*","api/mcp/handler.ts"
"apiAndContracts","*api*","api/mcp/jmespath.ts"
"apiAndContracts","*api*","api/mcp/prompts/index.ts"
"apiAndContracts","*api*","api/mcp/quota.ts"
"apiAndContracts","*api*","api/mcp/registry/analysis-tools.ts"
"apiAndContracts","*api*","api/mcp/registry/cache-tools.ts"
"apiAndContracts","*api*","api/mcp/registry/company-intel-tools.ts"
"apiAndContracts","*api*","api/mcp/registry/index.ts"
"apiAndContracts","*api*","api/mcp/registry/nlp-tools.ts"
"apiAndContracts","*api*","api/mcp/registry/rpc-tools.ts"
"apiAndContracts","*api*","api/mcp/resources/index.ts"
"apiAndContracts","*api*","api/mcp/resources/slugs.ts"
"apiAndContracts","*api*","api/mcp/rpc.ts"
"apiAndContracts","*api*","api/mcp/source-unavailable.ts"
"apiAndContracts","*api*","api/mcp/telemetry.ts"
"apiAndContracts","*api*","api/mcp/types.ts"
"apiAndContracts","*api*","api/mcp/ui/chokepoint-monitor-app.ts"
"apiAndContracts","*api*","api/mcp/ui/conflict-events-app.ts"
"apiAndContracts","*api*","api/mcp/ui/country-brief-app.ts"
"apiAndContracts","*api*","api/mcp/ui/country-risk-app.ts"
"apiAndContracts","*api*","api/mcp/ui/forecasts-app.ts"
"apiAndContracts","*api*","api/mcp/ui/market-radar-app.ts"
"apiAndContracts","*api*","api/mcp/ui/natural-disasters-app.ts"
"apiAndContracts","*api*","api/mcp/ui/news-intelligence-app.ts"
"apiAndContracts","*api*","api/mcp/ui/prediction-markets-app.ts"
"apiAndContracts","*api*","api/mcp/ui/registry.ts"
"apiAndContracts","*api*","api/mcp/ui/shell.ts"
"apiAndContracts","*api*","api/mcp/ui/world-brief-app.ts"
"apiAndContracts","*api*","api/mcp/usage.ts"
"apiAndContracts","*api*","api/mcp/utils.ts"
"apiAndContracts","*api*","api/mcp-proxy.ts"
"apiAndContracts","*api*","api/me/entitlement.ts"
"apiAndContracts","*api*","api/military/v1/[rpc].ts"
"apiAndContracts","*rpc*","api/natural/v1/[rpc].ts"
"apiAndContracts","*api*","api/news/v1/[rpc].ts"
"apiAndContracts","*api*","api/not-found.ts"
"apiAndContracts","*api*","api/notification-channels.ts"
"apiAndContracts","*api*","api/notify.ts"
"apiAndContracts","*api*","api/oauth/authorize.js"
"apiAndContracts","*api*","api/oauth/authorize-pro.ts"
"apiAndContracts","*api*","api/oauth/register.js"
"apiAndContracts","*api*","api/oauth/token.ts"
"apiAndContracts","*api*","api/oauth-authorization-server.ts"
"apiAndContracts","*api*","api/oauth-protected-resource.ts"
"apiAndContracts","*api*","api/og-story.js"
"apiAndContracts","*api*","api/og-story.test.mjs"
"apiAndContracts","*api*","api/opensky.js"
"apiAndContracts","*api*","api/oref-alerts.js"
"apiAndContracts","*api*","api/polymarket.js"
"apiAndContracts","*api*","api/positive-events/v1/[rpc].ts"
"apiAndContracts","*api*","api/prediction/v1/[rpc].ts"
"apiAndContracts","*api*","api/product-catalog.js"
"apiAndContracts","*api*","api/product-catalog.test.mjs"
"apiAndContracts","*api*","api/radiation/v1/[rpc].ts"
"apiAndContracts","*api*","api/referral/me.ts"
"apiAndContracts","*rpc*","api/research/v1/[rpc].ts"
"apiAndContracts","*api*","api/resilience/v1/[rpc].ts"
"apiAndContracts","*api*","api/reverse-geocode.js"
"apiAndContracts","*api*","api/rss-proxy.js"
"apiAndContracts","*api*","api/rss-proxy.test.mjs"
"apiAndContracts","*api*","api/sanctions/v1/[rpc].ts"
"apiAndContracts","*rpc*","api/scenario/v1/[rpc].ts"
"apiAndContracts","*api*","api/scenario/v1/run.ts"
"apiAndContracts","*api*","api/scenario/v1/status.ts"
"apiAndContracts","*api*","api/scenario/v1/templates.ts"
"apiAndContracts","*api*","api/security/report.js"
"apiAndContracts","*api*","api/security/report.test.mjs"
"apiAndContracts","*api*","api/seed-contract-probe.ts"
"apiAndContracts","*api*","api/seed-health.js"
"apiAndContracts","*rpc*","api/seismology/v1/[rpc].ts"
"apiAndContracts","*api*","api/skills/fetch-agentskills.ts"
"apiAndContracts","*api*","api/slack/oauth/callback.ts"
"apiAndContracts","*api*","api/slack/oauth/start.ts"
"apiAndContracts","*api*","api/story.js"
"apiAndContracts","*api*","api/supply-chain/hormuz-tracker.js"
"apiAndContracts","*api*","api/supply-chain/v1/[rpc].ts"
"apiAndContracts","*api*","api/supply-chain/v1/country-products.ts"
"apiAndContracts","*api*","api/supply-chain/v1/multi-sector-cost-shock.ts"
"apiAndContracts","*api*","api/symbol-search.ts"
"apiAndContracts","*api*","api/telegram-feed.js"
"apiAndContracts","*rpc*","api/thermal/v1/[rpc].ts"
"apiAndContracts","*api*","api/trade/v1/[rpc].ts"
"apiAndContracts","*rpc*","api/unrest/v1/[rpc].ts"
"apiAndContracts","*api*","api/user/mcp-quota.ts"
"apiAndContracts","*api*","api/user/mcp-revoke.ts"
"apiAndContracts","*api*","api/user-prefs.ts"
"apiAndContracts","*rpc*","api/v2/shipping/[rpc].ts"
"apiAndContracts","*api*","api/v2/shipping/webhooks/[subscriberId].ts"
"apiAndContracts","*api*","api/v2/shipping/webhooks/[subscriberId]/[action].ts"
"apiAndContracts","*api*","api/version.js"
"apiAndContracts","*api*","api/webcam/v1/[rpc].ts"
"apiAndContracts","*api*","api/widget-agent.ts"
"apiAndContracts","*api*","api/wildfire/v1/[rpc].ts"
"apiAndContracts","*api*","api/wm-session.js"
"apiAndContracts","*api*","api/wm-session.test.mjs"
"apiAndContracts","*api*","api/youtube/embed.js"
"apiAndContracts","*api*","api/youtube/embed.test.mjs"
"apiAndContracts","*api*","api/youtube/live.js"
"apiAndContracts","*generated*","audit/s03-generated-files.patch"
"apiAndContracts","*api*","blog-site/public/images/blog/build-on-worldmonitor-developer-api-open-source.jpg"
"apiAndContracts","*api*","blog-site/public/images/blog/build-on-worldmonitor-developer-api-open-source.webp"
"apiAndContracts","*api*","blog-site/public/images/blog/build-on-worldmonitor-developer-api-open-source-640.webp"
"apiAndContracts","*api*","blog-site/public/images/blog/build-supply-chain-early-warning-system-api.jpg"
"apiAndContracts","*api*","blog-site/public/images/blog/build-supply-chain-early-warning-system-api.webp"
"apiAndContracts","*api*","blog-site/public/images/blog/build-supply-chain-early-warning-system-api-640.webp"
"apiAndContracts","*api*","blog-site/public/images/blog/geopolitical-risk-alerts-slack-teams-worldmonitor-api.jpg"
"apiAndContracts","*api*","blog-site/public/images/blog/geopolitical-risk-alerts-slack-teams-worldmonitor-api.webp"
"apiAndContracts","*api*","blog-site/public/images/blog/geopolitical-risk-alerts-slack-teams-worldmonitor-api-640.webp"
"apiAndContracts","*api*","blog-site/public/images/blog/supply-chain-early-warning-dashboard-worldmonitor-api.jpg"
"apiAndContracts","*api*","blog-site/public/images/blog/supply-chain-early-warning-dashboard-worldmonitor-api.webp"
"apiAndContracts","*api*","blog-site/public/images/blog/supply-chain-early-warning-dashboard-worldmonitor-api-640.webp"
"apiAndContracts","*api*","blog-site/src/content/blog/build-on-worldmonitor-developer-api-open-source.md"
"apiAndContracts","*api*","blog-site/src/content/blog/build-supply-chain-early-warning-system-api.md"
"apiAndContracts","*api*","blog-site/src/content/blog/free-geopolitical-data-apis-2026.md"
"apiAndContracts","*api*","blog-site/src/content/blog/geopolitical-risk-alerts-slack-teams-worldmonitor-api.md"
"apiAndContracts","*api*","blog-site/src/content/blog/supply-chain-early-warning-dashboard-worldmonitor-api.md"
"apiAndContracts","*schema*","consumer-prices-core/migrations/004_drop_unused_schema.sql"
"apiAndContracts","*api*","consumer-prices-core/src/api/routes/health.ts"
"apiAndContracts","*api*","consumer-prices-core/src/api/routes/worldmonitor.ts"
"apiAndContracts","*api*","consumer-prices-core/src/api/server.test.ts"
"apiAndContracts","*api*","consumer-prices-core/src/api/server.ts"
"apiAndContracts","*api*","convex/__tests__/apiKeys.test.ts"
"apiAndContracts","*api*","convex/__tests__/apiPlanLimitEmails.test.ts"
"apiAndContracts","*api*","convex/__tests__/apiPlanLimitNotices.test.ts"
"apiAndContracts","*api*","convex/__tests__/apiPlanLimitPrune.test.ts"
"apiAndContracts","*api*","convex/__tests__/apiPlanLimitUsage.test.ts"
"apiAndContracts","*schema*","convex/__tests__/users-schema.test.ts"
"apiAndContracts","*api*","convex/_generated/api.d.ts"
"apiAndContracts","*api*","convex/_generated/api.js"
"apiAndContracts","*generated*","convex/_generated/dataModel.d.ts"
"apiAndContracts","*generated*","convex/_generated/server.d.ts"
"apiAndContracts","*generated*","convex/_generated/server.js"
"apiAndContracts","*api*","convex/apiKeys.ts"
"apiAndContracts","*api*","convex/apiPlanLimitEmails.ts"
"apiAndContracts","*api*","convex/apiPlanLimitNotices.ts"
"apiAndContracts","*api*","convex/apiPlanLimitUsage.ts"
"apiAndContracts","*schema*","convex/schema.ts"
"apiAndContracts","*api*","deploy/nginx/brotli-api-proxy.conf"
"apiAndContracts","*api*","docs/api/AviationService.openapi.json"
"apiAndContracts","*api*","docs/api/AviationService.openapi.yaml"
"apiAndContracts","*openapi*","docs/api/BatchService.openapi.json"
"apiAndContracts","*api*","docs/api/BatchService.openapi.yaml"
"apiAndContracts","*api*","docs/api/ClimateService.openapi.json"
"apiAndContracts","*api*","docs/api/ClimateService.openapi.yaml"
"apiAndContracts","*openapi*","docs/api/ConflictService.openapi.json"
"apiAndContracts","*api*","docs/api/ConflictService.openapi.yaml"
"apiAndContracts","*api*","docs/api/ConsumerPricesService.openapi.json"
"apiAndContracts","*api*","docs/api/ConsumerPricesService.openapi.yaml"
"apiAndContracts","*openapi*","docs/api/CyberService.openapi.json"
"apiAndContracts","*api*","docs/api/CyberService.openapi.yaml"
"apiAndContracts","*openapi*","docs/api/DisplacementService.openapi.json"
"apiAndContracts","*api*","docs/api/DisplacementService.openapi.yaml"
"apiAndContracts","*api*","docs/api/EconomicService.openapi.json"
"apiAndContracts","*api*","docs/api/EconomicService.openapi.yaml"
"apiAndContracts","*openapi*","docs/api/ForecastService.openapi.json"
"apiAndContracts","*openapi*","docs/api/ForecastService.openapi.yaml"
"apiAndContracts","*openapi*","docs/api/GivingService.openapi.json"
"apiAndContracts","*api*","docs/api/GivingService.openapi.yaml"
"apiAndContracts","*api*","docs/api/HealthService.openapi.json"
"apiAndContracts","*api*","docs/api/HealthService.openapi.yaml"
"apiAndContracts","*api*","docs/api/ImageryService.openapi.json"
"apiAndContracts","*openapi*","docs/api/ImageryService.openapi.yaml"
"apiAndContracts","*openapi*","docs/api/InfrastructureService.openapi.json"
"apiAndContracts","*openapi*","docs/api/InfrastructureService.openapi.yaml"
"apiAndContracts","*api*","docs/api/IntelligenceService.openapi.json"
"apiAndContracts","*openapi*","docs/api/IntelligenceService.openapi.yaml"
"apiAndContracts","*openapi*","docs/api/LeadsService.openapi.json"
"apiAndContracts","*openapi*","docs/api/LeadsService.openapi.yaml"
"apiAndContracts","*api*","docs/api/MaritimeService.openapi.json"
"apiAndContracts","*openapi*","docs/api/MaritimeService.openapi.yaml"
"apiAndContracts","*openapi*","docs/api/MarketService.openapi.json"
"apiAndContracts","*openapi*","docs/api/MarketService.openapi.yaml"
"apiAndContracts","*openapi*","docs/api/MilitaryService.openapi.json"
"apiAndContracts","*api*","docs/api/MilitaryService.openapi.yaml"
"apiAndContracts","*api*","docs/api/NaturalService.openapi.json"
"apiAndContracts","*openapi*","docs/api/NaturalService.openapi.yaml"
"apiAndContracts","*openapi*","docs/api/NewsService.openapi.json"
"apiAndContracts","*openapi*","docs/api/NewsService.openapi.yaml"
"apiAndContracts","*openapi*","docs/api/PositiveEventsService.openapi.json"
"apiAndContracts","*api*","docs/api/PositiveEventsService.openapi.yaml"
"apiAndContracts","*api*","docs/api/PredictionService.openapi.json"
"apiAndContracts","*api*","docs/api/PredictionService.openapi.yaml"
"apiAndContracts","*api*","docs/api/RadiationService.openapi.json"
"apiAndContracts","*api*","docs/api/RadiationService.openapi.yaml"
"apiAndContracts","*openapi*","docs/api/ResearchService.openapi.json"
"apiAndContracts","*openapi*","docs/api/ResearchService.openapi.yaml"
"apiAndContracts","*openapi*","docs/api/ResilienceService.openapi.json"
"apiAndContracts","*api*","docs/api/ResilienceService.openapi.yaml"
"apiAndContracts","*api*","docs/api/SanctionsService.openapi.json"
"apiAndContracts","*openapi*","docs/api/SanctionsService.openapi.yaml"
"apiAndContracts","*openapi*","docs/api/ScenarioService.openapi.json"
"apiAndContracts","*openapi*","docs/api/ScenarioService.openapi.yaml"
"apiAndContracts","*openapi*","docs/api/SeismologyService.openapi.json"
"apiAndContracts","*openapi*","docs/api/SeismologyService.openapi.yaml"
"apiAndContracts","*api*","docs/api/ShippingV2Service.openapi.json"
"apiAndContracts","*openapi*","docs/api/ShippingV2Service.openapi.yaml"
"apiAndContracts","*api*","docs/api/SupplyChainService.openapi.json"
"apiAndContracts","*api*","docs/api/SupplyChainService.openapi.yaml"
"apiAndContracts","*openapi*","docs/api/ThermalService.openapi.json"
"apiAndContracts","*api*","docs/api/ThermalService.openapi.yaml"
"apiAndContracts","*openapi*","docs/api/TradeService.openapi.json"
"apiAndContracts","*api*","docs/api/TradeService.openapi.yaml"
"apiAndContracts","*api*","docs/api/UnrestService.openapi.json"
"apiAndContracts","*api*","docs/api/UnrestService.openapi.yaml"
"apiAndContracts","*openapi*","docs/api/WebcamService.openapi.json"
"apiAndContracts","*api*","docs/api/WebcamService.openapi.yaml"
"apiAndContracts","*openapi*","docs/api/WildfireService.openapi.json"
"apiAndContracts","*api*","docs/api/WildfireService.openapi.yaml"
"apiAndContracts","*api*","docs/api/worldmonitor.openapi.yaml"
"apiAndContracts","*api*","docs/api-brief.mdx"
"apiAndContracts","*api*","docs/api-commerce.mdx"
"apiAndContracts","*api*","docs/api-key-deployment.mdx"
"apiAndContracts","*api*","docs/api-keys.mdx"
"apiAndContracts","*api*","docs/api-notifications.mdx"
"apiAndContracts","*api*","docs/api-oauth.mdx"
"apiAndContracts","*api*","docs/api-platform.mdx"
"apiAndContracts","*api*","docs/api-proxies.mdx"
"apiAndContracts","*api*","docs/api-reference.mdx"
"apiAndContracts","*api*","docs/api-scenarios.mdx"
"apiAndContracts","*api*","docs/api-shipping-v2.mdx"
"apiAndContracts","*api*","docs/api-versioning.mdx"
"apiAndContracts","*rpc*","docs/archive/todos/032-pending-p3-finance-panels-rpc-client-singletons.md"
"apiAndContracts","*api*","docs/archive/todos/053-pending-p2-daily-market-brief-framework-no-api-equivalent.md"
"apiAndContracts","*api*","docs/archive/todos/178-pending-p2-aborontroller-on-rapid-region-pill-clicks.md"
"apiAndContracts","*generated*","docs/generated/stats.json"
"apiAndContracts","*openapi*","docs/openapi/CommerceService.openapi.yaml"
"apiAndContracts","*api*","docs/zh/api-brief.mdx"
"apiAndContracts","*api*","docs/zh/api-commerce.mdx"
"apiAndContracts","*api*","docs/zh/api-key-deployment.mdx"
"apiAndContracts","*api*","docs/zh/api-keys.mdx"
"apiAndContracts","*api*","docs/zh/api-notifications.mdx"
"apiAndContracts","*api*","docs/zh/api-oauth.mdx"
"apiAndContracts","*api*","docs/zh/api-platform.mdx"
"apiAndContracts","*api*","docs/zh/api-proxies.mdx"
"apiAndContracts","*api*","docs/zh/api-reference.mdx"
"apiAndContracts","*api*","docs/zh/api-scenarios.mdx"
"apiAndContracts","*api*","docs/zh/api-shipping-v2.mdx"
"apiAndContracts","*api*","docs/zh/api-versioning.mdx"
"apiAndContracts","*generated*","pro-test/src/generated/teasers.json"
"apiAndContracts","*generated*","pro-test/src/generated/tiers.json"
"apiAndContracts","*.proto","proto/sebuf/http/annotations.proto"
"apiAndContracts","*.proto","proto/worldmonitor/aviation/v1/airport_delay.proto"
"apiAndContracts","*.proto","proto/worldmonitor/aviation/v1/aviation_news_item.proto"
"apiAndContracts","*.proto","proto/worldmonitor/aviation/v1/carrier.proto"
"apiAndContracts","*.proto","proto/worldmonitor/aviation/v1/flight_instance.proto"
"apiAndContracts","*.proto","proto/worldmonitor/aviation/v1/get_airport_ops_summary.proto"
"apiAndContracts","*.proto","proto/worldmonitor/aviation/v1/get_carrier_ops.proto"
"apiAndContracts","*.proto","proto/worldmonitor/aviation/v1/get_flight_status.proto"
"apiAndContracts","*.proto","proto/worldmonitor/aviation/v1/get_youtube_live_stream_info.proto"
"apiAndContracts","*.proto","proto/worldmonitor/aviation/v1/list_airport_delays.proto"
"apiAndContracts","*.proto","proto/worldmonitor/aviation/v1/list_airport_flights.proto"
"apiAndContracts","*.proto","proto/worldmonitor/aviation/v1/list_aviation_news.proto"
"apiAndContracts","*.proto","proto/worldmonitor/aviation/v1/position_sample.proto"
"apiAndContracts","*.proto","proto/worldmonitor/aviation/v1/price_quote.proto"
"apiAndContracts","*.proto","proto/worldmonitor/aviation/v1/search_flight_prices.proto"
"apiAndContracts","*.proto","proto/worldmonitor/aviation/v1/search_google_dates.proto"
"apiAndContracts","*.proto","proto/worldmonitor/aviation/v1/search_google_flights.proto"
"apiAndContracts","*.proto","proto/worldmonitor/aviation/v1/service.proto"
"apiAndContracts","*.proto","proto/worldmonitor/aviation/v1/track_aircraft.proto"
"apiAndContracts","*.proto","proto/worldmonitor/batch/v1/execute_batch.proto"
"apiAndContracts","*.proto","proto/worldmonitor/batch/v1/service.proto"
"apiAndContracts","*.proto","proto/worldmonitor/climate/v1/climate_anomaly.proto"
"apiAndContracts","*.proto","proto/worldmonitor/climate/v1/climate_disaster.proto"
"apiAndContracts","*.proto","proto/worldmonitor/climate/v1/climate_news_item.proto"
"apiAndContracts","*.proto","proto/worldmonitor/climate/v1/co2_monitoring.proto"
"apiAndContracts","*.proto","proto/worldmonitor/climate/v1/get_co2_monitoring.proto"
"apiAndContracts","*.proto","proto/worldmonitor/climate/v1/get_ocean_ice_data.proto"
"apiAndContracts","*.proto","proto/worldmonitor/climate/v1/list_air_quality_data.proto"
"apiAndContracts","*.proto","proto/worldmonitor/climate/v1/list_climate_anomalies.proto"
"apiAndContracts","*.proto","proto/worldmonitor/climate/v1/list_climate_disasters.proto"
"apiAndContracts","*.proto","proto/worldmonitor/climate/v1/list_climate_news.proto"
"apiAndContracts","*.proto","proto/worldmonitor/climate/v1/ocean_ice_data.proto"
"apiAndContracts","*.proto","proto/worldmonitor/climate/v1/service.proto"
"apiAndContracts","*.proto","proto/worldmonitor/conflict/v1/acled_event.proto"
"apiAndContracts","*.proto","proto/worldmonitor/conflict/v1/get_humanitarian_summary.proto"
"apiAndContracts","*.proto","proto/worldmonitor/conflict/v1/get_humanitarian_summary_batch.proto"
"apiAndContracts","*.proto","proto/worldmonitor/conflict/v1/humanitarian_summary.proto"
"apiAndContracts","*.proto","proto/worldmonitor/conflict/v1/list_acled_events.proto"
"apiAndContracts","*.proto","proto/worldmonitor/conflict/v1/list_iran_events.proto"
"apiAndContracts","*.proto","proto/worldmonitor/conflict/v1/list_ucdp_events.proto"
"apiAndContracts","*.proto","proto/worldmonitor/conflict/v1/service.proto"
"apiAndContracts","*.proto","proto/worldmonitor/conflict/v1/ucdp_event.proto"
"apiAndContracts","*.proto","proto/worldmonitor/consumer_prices/v1/consumer_prices_data.proto"
"apiAndContracts","*.proto","proto/worldmonitor/consumer_prices/v1/get_consumer_price_basket_series.proto"
"apiAndContracts","*.proto","proto/worldmonitor/consumer_prices/v1/get_consumer_price_freshness.proto"
"apiAndContracts","*.proto","proto/worldmonitor/consumer_prices/v1/get_consumer_price_overview.proto"
"apiAndContracts","*.proto","proto/worldmonitor/consumer_prices/v1/list_consumer_price_categories.proto"
"apiAndContracts","*.proto","proto/worldmonitor/consumer_prices/v1/list_consumer_price_movers.proto"
"apiAndContracts","*.proto","proto/worldmonitor/consumer_prices/v1/list_retailer_price_spreads.proto"
"apiAndContracts","*.proto","proto/worldmonitor/consumer_prices/v1/service.proto"
"apiAndContracts","*.proto","proto/worldmonitor/core/v1/country.proto"
"apiAndContracts","*.proto","proto/worldmonitor/core/v1/general_error.proto"
"apiAndContracts","*.proto","proto/worldmonitor/core/v1/geo.proto"
"apiAndContracts","*.proto","proto/worldmonitor/core/v1/i18n.proto"
"apiAndContracts","*.proto","proto/worldmonitor/core/v1/identifiers.proto"
"apiAndContracts","*.proto","proto/worldmonitor/core/v1/pagination.proto"
"apiAndContracts","*.proto","proto/worldmonitor/core/v1/severity.proto"
"apiAndContracts","*.proto","proto/worldmonitor/core/v1/time.proto"
"apiAndContracts","*.proto","proto/worldmonitor/cyber/v1/cyber_threat.proto"
"apiAndContracts","*.proto","proto/worldmonitor/cyber/v1/list_cyber_threats.proto"
"apiAndContracts","*.proto","proto/worldmonitor/cyber/v1/service.proto"
"apiAndContracts","*.proto","proto/worldmonitor/displacement/v1/displacement.proto"
"apiAndContracts","*.proto","proto/worldmonitor/displacement/v1/get_displacement_summary.proto"
"apiAndContracts","*.proto","proto/worldmonitor/displacement/v1/get_population_exposure.proto"
"apiAndContracts","*.proto","proto/worldmonitor/displacement/v1/service.proto"
"apiAndContracts","*.proto","proto/worldmonitor/economic/v1/bis_data.proto"
"apiAndContracts","*.proto","proto/worldmonitor/economic/v1/economic_data.proto"
"apiAndContracts","*.proto","proto/worldmonitor/economic/v1/get_bis_credit.proto"
"apiAndContracts","*.proto","proto/worldmonitor/economic/v1/get_bis_exchange_rates.proto"
"apiAndContracts","*.proto","proto/worldmonitor/economic/v1/get_bis_policy_rates.proto"
"apiAndContracts","*.proto","proto/worldmonitor/economic/v1/get_bls_series.proto"
"apiAndContracts","*.proto","proto/worldmonitor/economic/v1/get_china_activity_nowcast.proto"
"apiAndContracts","*.proto","proto/worldmonitor/economic/v1/get_china_macro_snapshot.proto"
"apiAndContracts","*.proto","proto/worldmonitor/economic/v1/get_crude_inventories.proto"
"apiAndContracts","*.proto","proto/worldmonitor/economic/v1/get_ecb_fx_rates.proto"
"apiAndContracts","*.proto","proto/worldmonitor/economic/v1/get_economic_calendar.proto"
"apiAndContracts","*.proto","proto/worldmonitor/economic/v1/get_economic_stress.proto"
"apiAndContracts","*.proto","proto/worldmonitor/economic/v1/get_energy_capacity.proto"
"apiAndContracts","*.proto","proto/worldmonitor/economic/v1/get_energy_crisis_policies.proto"
"apiAndContracts","*.proto","proto/worldmonitor/economic/v1/get_energy_prices.proto"
"apiAndContracts","*.proto","proto/worldmonitor/economic/v1/get_eu_fsi.proto"
"apiAndContracts","*.proto","proto/worldmonitor/economic/v1/get_eu_gas_storage.proto"
"apiAndContracts","*.proto","proto/worldmonitor/economic/v1/get_eu_yield_curve.proto"
"apiAndContracts","*.proto","proto/worldmonitor/economic/v1/get_eurostat_country_data.proto"
"apiAndContracts","*.proto","proto/worldmonitor/economic/v1/get_fao_food_price_index.proto"
"apiAndContracts","*.proto","proto/worldmonitor/economic/v1/get_fred_series.proto"
"apiAndContracts","*.proto","proto/worldmonitor/economic/v1/get_fred_series_batch.proto"
"apiAndContracts","*.proto","proto/worldmonitor/economic/v1/get_macro_signals.proto"
"apiAndContracts","*.proto","proto/worldmonitor/economic/v1/get_nat_gas_storage.proto"
"apiAndContracts","*.proto","proto/worldmonitor/economic/v1/get_national_debt.proto"
"apiAndContracts","*.proto","proto/worldmonitor/economic/v1/get_oil_inventories.proto"
"apiAndContracts","*.proto","proto/worldmonitor/economic/v1/get_oil_stocks_analysis.proto"
"apiAndContracts","*.proto","proto/worldmonitor/economic/v1/list_bigmac_prices.proto"
"apiAndContracts","*.proto","proto/worldmonitor/economic/v1/list_fuel_prices.proto"
"apiAndContracts","*.proto","proto/worldmonitor/economic/v1/list_global_tenders.proto"
"apiAndContracts","*.proto","proto/worldmonitor/economic/v1/list_grocery_basket_prices.proto"
"apiAndContracts","*.proto","proto/worldmonitor/economic/v1/list_world_bank_indicators.proto"
"apiAndContracts","*.proto","proto/worldmonitor/economic/v1/service.proto"
"apiAndContracts","*.proto","proto/worldmonitor/forecast/v1/forecast.proto"
"apiAndContracts","*.proto","proto/worldmonitor/forecast/v1/get_forecast_scorecard.proto"
"apiAndContracts","*.proto","proto/worldmonitor/forecast/v1/get_forecasts.proto"
"apiAndContracts","*.proto","proto/worldmonitor/forecast/v1/get_simulation_outcome.proto"
"apiAndContracts","*.proto","proto/worldmonitor/forecast/v1/get_simulation_package.proto"
"apiAndContracts","*.proto","proto/worldmonitor/forecast/v1/service.proto"
"apiAndContracts","*.proto","proto/worldmonitor/forecast/v1/trigger_simulation.proto"
"apiAndContracts","*.proto","proto/worldmonitor/giving/v1/get_giving_summary.proto"
"apiAndContracts","*.proto","proto/worldmonitor/giving/v1/giving.proto"
"apiAndContracts","*.proto","proto/worldmonitor/giving/v1/service.proto"
"apiAndContracts","*.proto","proto/worldmonitor/health/v1/list_air_quality_alerts.proto"
"apiAndContracts","*.proto","proto/worldmonitor/health/v1/list_disease_outbreaks.proto"
"apiAndContracts","*.proto","proto/worldmonitor/health/v1/service.proto"
"apiAndContracts","*.proto","proto/worldmonitor/imagery/v1/search_imagery.proto"
"apiAndContracts","*.proto","proto/worldmonitor/imagery/v1/service.proto"
"apiAndContracts","*.proto","proto/worldmonitor/infrastructure/v1/get_bootstrap_data.proto"
"apiAndContracts","*.proto","proto/worldmonitor/infrastructure/v1/get_cable_health.proto"
"apiAndContracts","*.proto","proto/worldmonitor/infrastructure/v1/get_ip_geo.proto"
"apiAndContracts","*.proto","proto/worldmonitor/infrastructure/v1/get_temporal_baseline.proto"
"apiAndContracts","*.proto","proto/worldmonitor/infrastructure/v1/infrastructure.proto"
"apiAndContracts","*.proto","proto/worldmonitor/infrastructure/v1/list_internet_ddos_attacks.proto"
"apiAndContracts","*.proto","proto/worldmonitor/infrastructure/v1/list_internet_outages.proto"
"apiAndContracts","*.proto","proto/worldmonitor/infrastructure/v1/list_internet_traffic_anomalies.proto"
"apiAndContracts","*.proto","proto/worldmonitor/infrastructure/v1/list_service_statuses.proto"
"apiAndContracts","*.proto","proto/worldmonitor/infrastructure/v1/list_temporal_anomalies.proto"
"apiAndContracts","*.proto","proto/worldmonitor/infrastructure/v1/record_baseline_snapshot.proto"
"apiAndContracts","*.proto","proto/worldmonitor/infrastructure/v1/reverse_geocode.proto"
"apiAndContracts","*.proto","proto/worldmonitor/infrastructure/v1/service.proto"
"apiAndContracts","*.proto","proto/worldmonitor/intelligence/v1/classify_event.proto"
"apiAndContracts","*.proto","proto/worldmonitor/intelligence/v1/compute_energy_shock.proto"
"apiAndContracts","*.proto","proto/worldmonitor/intelligence/v1/deduct_situation.proto"
"apiAndContracts","*.proto","proto/worldmonitor/intelligence/v1/get_china_decision_signals.proto"
"apiAndContracts","*.proto","proto/worldmonitor/intelligence/v1/get_company_enrichment.proto"
"apiAndContracts","*.proto","proto/worldmonitor/intelligence/v1/get_country_energy_profile.proto"
"apiAndContracts","*.proto","proto/worldmonitor/intelligence/v1/get_country_facts.proto"
"apiAndContracts","*.proto","proto/worldmonitor/intelligence/v1/get_country_intel_brief.proto"
"apiAndContracts","*.proto","proto/worldmonitor/intelligence/v1/get_country_port_activity.proto"
"apiAndContracts","*.proto","proto/worldmonitor/intelligence/v1/get_country_risk.proto"
"apiAndContracts","*.proto","proto/worldmonitor/intelligence/v1/get_gdelt_topic_timeline.proto"
"apiAndContracts","*.proto","proto/worldmonitor/intelligence/v1/get_intel_timeline.proto"
"apiAndContracts","*.proto","proto/worldmonitor/intelligence/v1/get_pizzint_status.proto"
"apiAndContracts","*.proto","proto/worldmonitor/intelligence/v1/get_regime_history.proto"
"apiAndContracts","*.proto","proto/worldmonitor/intelligence/v1/get_regional_brief.proto"
"apiAndContracts","*.proto","proto/worldmonitor/intelligence/v1/get_regional_snapshot.proto"
"apiAndContracts","*.proto","proto/worldmonitor/intelligence/v1/get_risk_scores.proto"
"apiAndContracts","*.proto","proto/worldmonitor/intelligence/v1/get_similar_events.proto"
"apiAndContracts","*.proto","proto/worldmonitor/intelligence/v1/get_social_velocity.proto"
"apiAndContracts","*.proto","proto/worldmonitor/intelligence/v1/gps_jamming.proto"
"apiAndContracts","*.proto","proto/worldmonitor/intelligence/v1/intel_history_record.proto"
"apiAndContracts","*.proto","proto/worldmonitor/intelligence/v1/intelligence.proto"
"apiAndContracts","*.proto","proto/worldmonitor/intelligence/v1/list_company_signals.proto"
"apiAndContracts","*.proto","proto/worldmonitor/intelligence/v1/list_cross_source_signals.proto"
"apiAndContracts","*.proto","proto/worldmonitor/intelligence/v1/list_gps_interference.proto"
"apiAndContracts","*.proto","proto/worldmonitor/intelligence/v1/list_market_implications.proto"
"apiAndContracts","*.proto","proto/worldmonitor/intelligence/v1/list_material_events.proto"
"apiAndContracts","*.proto","proto/worldmonitor/intelligence/v1/list_oref_alerts.proto"
"apiAndContracts","*.proto","proto/worldmonitor/intelligence/v1/list_satellites.proto"
"apiAndContracts","*.proto","proto/worldmonitor/intelligence/v1/list_security_advisories.proto"
"apiAndContracts","*.proto","proto/worldmonitor/intelligence/v1/list_telegram_feed.proto"
"apiAndContracts","*.proto","proto/worldmonitor/intelligence/v1/satellite.proto"
"apiAndContracts","*.proto","proto/worldmonitor/intelligence/v1/search_gdelt_documents.proto"
"apiAndContracts","*.proto","proto/worldmonitor/intelligence/v1/search_intel_history.proto"
"apiAndContracts","*.proto","proto/worldmonitor/intelligence/v1/search_sec_filings.proto"
"apiAndContracts","*.proto","proto/worldmonitor/intelligence/v1/service.proto"
"apiAndContracts","*.proto","proto/worldmonitor/leads/v1/register_interest.proto"
"apiAndContracts","*.proto","proto/worldmonitor/leads/v1/service.proto"
"apiAndContracts","*.proto","proto/worldmonitor/leads/v1/submit_contact.proto"
"apiAndContracts","*.proto","proto/worldmonitor/maritime/v1/get_vessel_snapshot.proto"
"apiAndContracts","*.proto","proto/worldmonitor/maritime/v1/list_navigational_warnings.proto"
"apiAndContracts","*.proto","proto/worldmonitor/maritime/v1/service.proto"
"apiAndContracts","*.proto","proto/worldmonitor/maritime/v1/vessel_snapshot.proto"
"apiAndContracts","*.proto","proto/worldmonitor/market/v1/analyze_stock.proto"
"apiAndContracts","*.proto","proto/worldmonitor/market/v1/backtest_stock.proto"
"apiAndContracts","*.proto","proto/worldmonitor/market/v1/get_cot_positioning.proto"
"apiAndContracts","*.proto","proto/worldmonitor/market/v1/get_country_stock_index.proto"
"apiAndContracts","*.proto","proto/worldmonitor/market/v1/get_fear_greed_index.proto"
"apiAndContracts","*.proto","proto/worldmonitor/market/v1/get_gold_intelligence.proto"
"apiAndContracts","*.proto","proto/worldmonitor/market/v1/get_hyperliquid_flow.proto"
"apiAndContracts","*.proto","proto/worldmonitor/market/v1/get_insider_transactions.proto"
"apiAndContracts","*.proto","proto/worldmonitor/market/v1/get_market_breadth_history.proto"
"apiAndContracts","*.proto","proto/worldmonitor/market/v1/get_sector_summary.proto"
"apiAndContracts","*.proto","proto/worldmonitor/market/v1/get_stock_analysis_history.proto"
"apiAndContracts","*.proto","proto/worldmonitor/market/v1/list_ai_tokens.proto"
"apiAndContracts","*.proto","proto/worldmonitor/market/v1/list_commodity_quotes.proto"
"apiAndContracts","*.proto","proto/worldmonitor/market/v1/list_crypto_quotes.proto"
"apiAndContracts","*.proto","proto/worldmonitor/market/v1/list_crypto_sectors.proto"
"apiAndContracts","*.proto","proto/worldmonitor/market/v1/list_defi_tokens.proto"
"apiAndContracts","*.proto","proto/worldmonitor/market/v1/list_earnings_calendar.proto"
"apiAndContracts","*.proto","proto/worldmonitor/market/v1/list_etf_flows.proto"
"apiAndContracts","*.proto","proto/worldmonitor/market/v1/list_gulf_quotes.proto"
"apiAndContracts","*.proto","proto/worldmonitor/market/v1/list_market_quotes.proto"
"apiAndContracts","*.proto","proto/worldmonitor/market/v1/list_other_tokens.proto"
"apiAndContracts","*.proto","proto/worldmonitor/market/v1/list_stablecoin_markets.proto"
"apiAndContracts","*.proto","proto/worldmonitor/market/v1/list_stored_stock_backtests.proto"
"apiAndContracts","*.proto","proto/worldmonitor/market/v1/market_quote.proto"
"apiAndContracts","*.proto","proto/worldmonitor/market/v1/service.proto"
"apiAndContracts","*.proto","proto/worldmonitor/military/v1/get_aircraft_details.proto"
"apiAndContracts","*.proto","proto/worldmonitor/military/v1/get_aircraft_details_batch.proto"
"apiAndContracts","*.proto","proto/worldmonitor/military/v1/get_theater_posture.proto"
"apiAndContracts","*.proto","proto/worldmonitor/military/v1/get_usni_fleet_report.proto"
"apiAndContracts","*.proto","proto/worldmonitor/military/v1/get_wingbits_live_flight.proto"
"apiAndContracts","*.proto","proto/worldmonitor/military/v1/get_wingbits_status.proto"
"apiAndContracts","*.proto","proto/worldmonitor/military/v1/list_defense_patents.proto"
"apiAndContracts","*.proto","proto/worldmonitor/military/v1/list_military_bases.proto"
"apiAndContracts","*.proto","proto/worldmonitor/military/v1/list_military_flights.proto"
"apiAndContracts","*.proto","proto/worldmonitor/military/v1/military_flight.proto"
"apiAndContracts","*.proto","proto/worldmonitor/military/v1/military_vessel.proto"
"apiAndContracts","*.proto","proto/worldmonitor/military/v1/service.proto"
"apiAndContracts","*.proto","proto/worldmonitor/military/v1/usni_fleet.proto"
"apiAndContracts","*.proto","proto/worldmonitor/natural/v1/list_natural_events.proto"
"apiAndContracts","*.proto","proto/worldmonitor/natural/v1/service.proto"
"apiAndContracts","*.proto","proto/worldmonitor/news/v1/get_summarize_article_cache.proto"
"apiAndContracts","*.proto","proto/worldmonitor/news/v1/list_feed_digest.proto"
"apiAndContracts","*.proto","proto/worldmonitor/news/v1/news_item.proto"
"apiAndContracts","*.proto","proto/worldmonitor/news/v1/service.proto"
"apiAndContracts","*.proto","proto/worldmonitor/news/v1/summarize_article.proto"
"apiAndContracts","*.proto","proto/worldmonitor/positive_events/v1/list_positive_geo_events.proto"
"apiAndContracts","*.proto","proto/worldmonitor/positive_events/v1/service.proto"
"apiAndContracts","*.proto","proto/worldmonitor/prediction/v1/list_prediction_markets.proto"
"apiAndContracts","*.proto","proto/worldmonitor/prediction/v1/prediction_market.proto"
"apiAndContracts","*.proto","proto/worldmonitor/prediction/v1/service.proto"
"apiAndContracts","*.proto","proto/worldmonitor/radiation/v1/list_radiation_observations.proto"
"apiAndContracts","*.proto","proto/worldmonitor/radiation/v1/radiation_observation.proto"
"apiAndContracts","*.proto","proto/worldmonitor/radiation/v1/service.proto"
"apiAndContracts","*.proto","proto/worldmonitor/research/v1/list_arxiv_papers.proto"
"apiAndContracts","*.proto","proto/worldmonitor/research/v1/list_hackernews_items.proto"
"apiAndContracts","*.proto","proto/worldmonitor/research/v1/list_tech_events.proto"
"apiAndContracts","*.proto","proto/worldmonitor/research/v1/list_trending_repos.proto"
"apiAndContracts","*.proto","proto/worldmonitor/research/v1/research_item.proto"
"apiAndContracts","*.proto","proto/worldmonitor/research/v1/service.proto"
"apiAndContracts","*.proto","proto/worldmonitor/resilience/v1/get_resilience_ranking.proto"
"apiAndContracts","*.proto","proto/worldmonitor/resilience/v1/get_resilience_runtime_manifest.proto"
"apiAndContracts","*.proto","proto/worldmonitor/resilience/v1/get_resilience_score.proto"
"apiAndContracts","*.proto","proto/worldmonitor/resilience/v1/resilience.proto"
"apiAndContracts","*.proto","proto/worldmonitor/resilience/v1/service.proto"
"apiAndContracts","*.proto","proto/worldmonitor/sanctions/v1/country_sanctions_pressure.proto"
"apiAndContracts","*.proto","proto/worldmonitor/sanctions/v1/list_sanctions_pressure.proto"
"apiAndContracts","*.proto","proto/worldmonitor/sanctions/v1/lookup_entity.proto"
"apiAndContracts","*.proto","proto/worldmonitor/sanctions/v1/program_sanctions_pressure.proto"
"apiAndContracts","*.proto","proto/worldmonitor/sanctions/v1/sanctions_entry.proto"
"apiAndContracts","*.proto","proto/worldmonitor/sanctions/v1/service.proto"
"apiAndContracts","*.proto","proto/worldmonitor/scenario/v1/get_scenario_status.proto"
"apiAndContracts","*.proto","proto/worldmonitor/scenario/v1/list_scenario_templates.proto"
"apiAndContracts","*.proto","proto/worldmonitor/scenario/v1/run_scenario.proto"
"apiAndContracts","*.proto","proto/worldmonitor/scenario/v1/service.proto"
"apiAndContracts","*.proto","proto/worldmonitor/seismology/v1/earthquake.proto"
"apiAndContracts","*.proto","proto/worldmonitor/seismology/v1/list_earthquakes.proto"
"apiAndContracts","*.proto","proto/worldmonitor/seismology/v1/service.proto"
"apiAndContracts","*.proto","proto/worldmonitor/shipping/v2/list_webhooks.proto"
"apiAndContracts","*.proto","proto/worldmonitor/shipping/v2/register_webhook.proto"
"apiAndContracts","*.proto","proto/worldmonitor/shipping/v2/route_intelligence.proto"
"apiAndContracts","*.proto","proto/worldmonitor/shipping/v2/service.proto"
"apiAndContracts","*.proto","proto/worldmonitor/supply_chain/v1/get_bypass_options.proto"
"apiAndContracts","*.proto","proto/worldmonitor/supply_chain/v1/get_china_corridor_control_towers.proto"
"apiAndContracts","*.proto","proto/worldmonitor/supply_chain/v1/get_chokepoint_history.proto"
"apiAndContracts","*.proto","proto/worldmonitor/supply_chain/v1/get_chokepoint_status.proto"
"apiAndContracts","*.proto","proto/worldmonitor/supply_chain/v1/get_country_chokepoint_index.proto"
"apiAndContracts","*.proto","proto/worldmonitor/supply_chain/v1/get_country_cost_shock.proto"
"apiAndContracts","*.proto","proto/worldmonitor/supply_chain/v1/get_country_products.proto"
"apiAndContracts","*.proto","proto/worldmonitor/supply_chain/v1/get_critical_minerals.proto"
"apiAndContracts","*.proto","proto/worldmonitor/supply_chain/v1/get_multi_sector_cost_shock.proto"
"apiAndContracts","*.proto","proto/worldmonitor/supply_chain/v1/get_route_explorer_lane.proto"
"apiAndContracts","*.proto","proto/worldmonitor/supply_chain/v1/get_route_impact.proto"
"apiAndContracts","*.proto","proto/worldmonitor/supply_chain/v1/get_sector_dependency.proto"
"apiAndContracts","*.proto","proto/worldmonitor/supply_chain/v1/get_shipping_rates.proto"
"apiAndContracts","*.proto","proto/worldmonitor/supply_chain/v1/get_shipping_stress.proto"
"apiAndContracts","*.proto","proto/worldmonitor/supply_chain/v1/list_energy_disruptions.proto"
"apiAndContracts","*.proto","proto/worldmonitor/supply_chain/v1/list_fuel_shortages.proto"
"apiAndContracts","*.proto","proto/worldmonitor/supply_chain/v1/list_pipelines.proto"
"apiAndContracts","*.proto","proto/worldmonitor/supply_chain/v1/list_storage_facilities.proto"
"apiAndContracts","*.proto","proto/worldmonitor/supply_chain/v1/service.proto"
"apiAndContracts","*.proto","proto/worldmonitor/supply_chain/v1/supply_chain_data.proto"
"apiAndContracts","*.proto","proto/worldmonitor/thermal/v1/list_thermal_escalations.proto"
"apiAndContracts","*.proto","proto/worldmonitor/thermal/v1/service.proto"
"apiAndContracts","*.proto","proto/worldmonitor/thermal/v1/thermal_escalation_cluster.proto"
"apiAndContracts","*.proto","proto/worldmonitor/trade/v1/get_customs_revenue.proto"
"apiAndContracts","*.proto","proto/worldmonitor/trade/v1/get_tariff_trends.proto"
"apiAndContracts","*.proto","proto/worldmonitor/trade/v1/get_trade_barriers.proto"
"apiAndContracts","*.proto","proto/worldmonitor/trade/v1/get_trade_flows.proto"
"apiAndContracts","*.proto","proto/worldmonitor/trade/v1/get_trade_restrictions.proto"
"apiAndContracts","*.proto","proto/worldmonitor/trade/v1/list_comtrade_flows.proto"
"apiAndContracts","*.proto","proto/worldmonitor/trade/v1/service.proto"
"apiAndContracts","*.proto","proto/worldmonitor/trade/v1/trade_data.proto"
"apiAndContracts","*.proto","proto/worldmonitor/unrest/v1/list_unrest_events.proto"
"apiAndContracts","*.proto","proto/worldmonitor/unrest/v1/service.proto"
"apiAndContracts","*.proto","proto/worldmonitor/unrest/v1/unrest_event.proto"
"apiAndContracts","*.proto","proto/worldmonitor/webcam/v1/get_webcam_image.proto"
"apiAndContracts","*.proto","proto/worldmonitor/webcam/v1/list_webcams.proto"
"apiAndContracts","*.proto","proto/worldmonitor/webcam/v1/service.proto"
"apiAndContracts","*.proto","proto/worldmonitor/wildfire/v1/fire_detection.proto"
"apiAndContracts","*.proto","proto/worldmonitor/wildfire/v1/list_fire_detections.proto"
"apiAndContracts","*.proto","proto/worldmonitor/wildfire/v1/service.proto"
"apiAndContracts","*api*","public/.well-known/api-catalog"
"apiAndContracts","*api*","public/api/llms.txt"
"apiAndContracts","*api*","public/openapi.md"
"apiAndContracts","*schema*","public/schemamap.xml"
"apiAndContracts","*api*","scripts/_conflict-hapi.mjs"
"apiAndContracts","*schema*","scripts/apply-openapi-filter-param-schemas.mjs"
"apiAndContracts","*api*","scripts/audit-mcp-api-coverage.mjs"
"apiAndContracts","*openapi*","scripts/build-openapi-json.mjs"
"apiAndContracts","*api*","scripts/enforce-sebuf-api-contract.mjs"
"apiAndContracts","*openapi*","scripts/lib/openapi-codegen.mjs"
"apiAndContracts","*api*","scripts/openapi-dedup-responses.mjs"
"apiAndContracts","*api*","scripts/openapi-dedup-schemas.mjs"
"apiAndContracts","*openapi*","scripts/openapi-inject-async-jobs.mjs"
"apiAndContracts","*openapi*","scripts/openapi-inject-china-corridors.mjs"
"apiAndContracts","*openapi*","scripts/openapi-inject-china-decision-signals.mjs"
"apiAndContracts","*api*","scripts/openapi-inject-deprecated.mjs"
"apiAndContracts","*openapi*","scripts/openapi-inject-examples.mjs"
"apiAndContracts","*openapi*","scripts/openapi-inject-idempotency.mjs"
"apiAndContracts","*api*","scripts/openapi-inject-jmespath.mjs"
"apiAndContracts","*api*","scripts/openapi-inject-rate-limit-errors.mjs"
"apiAndContracts","*api*","scripts/openapi-inject-required.mjs"
"apiAndContracts","*api*","scripts/openapi-inject-security.mjs"
"apiAndContracts","*openapi*","scripts/openapi-inject-servers.mjs"
"apiAndContracts","*openapi*","scripts/openapi-inject-webhooks.mjs"
"apiAndContracts","*api*","scripts/shared/hapi-app-identifier.json"
"apiAndContracts","*openapi*","scripts/shared/openapi-filter-param-contracts.json"
"apiAndContracts","*generated*","scripts/shared/product-catalog.generated.json"
"apiAndContracts","*generated*","scripts/shared/product-facts.generated.json"
"apiAndContracts","*api*","server/__tests__/gateway-api-rate-limit.test.ts"
"apiAndContracts","*api*","server/__tests__/gateway-user-key-apiaccess.test.ts"
"apiAndContracts","*api*","server/__tests__/user-api-key-negative-cache.test.ts"
"apiAndContracts","*api*","server/__tests__/user-api-key-validation.test.ts"
"apiAndContracts","*api*","server/_shared/api-key-rate-limit.ts"
"apiAndContracts","*api*","server/_shared/user-api-key.ts"
"apiAndContracts","*api*","shared/hapi-app-identifier.json"
"apiAndContracts","*openapi*","shared/openapi-filter-param-contracts.json"
"apiAndContracts","*generated*","shared/product-catalog.generated.json"
"apiAndContracts","*generated*","shared/product-facts.generated.json"
"apiAndContracts","*generated*","src/config/product-ids.generated.ts"
"apiAndContracts","*generated*","src/config/products.generated.ts"
"apiAndContracts","*generated*","src/generated/client/worldmonitor/aviation/v1/service_client.ts"
"apiAndContracts","*generated*","src/generated/client/worldmonitor/batch/v1/service_client.ts"
"apiAndContracts","*generated*","src/generated/client/worldmonitor/climate/v1/service_client.ts"
"apiAndContracts","*generated*","src/generated/client/worldmonitor/conflict/v1/service_client.ts"
"apiAndContracts","*generated*","src/generated/client/worldmonitor/consumer_prices/v1/service_client.ts"
"apiAndContracts","*generated*","src/generated/client/worldmonitor/cyber/v1/service_client.ts"
"apiAndContracts","*generated*","src/generated/client/worldmonitor/displacement/v1/service_client.ts"
"apiAndContracts","*generated*","src/generated/client/worldmonitor/economic/v1/service_client.ts"
"apiAndContracts","*generated*","src/generated/client/worldmonitor/forecast/v1/service_client.ts"
"apiAndContracts","*generated*","src/generated/client/worldmonitor/giving/v1/service_client.ts"
"apiAndContracts","*generated*","src/generated/client/worldmonitor/health/v1/service_client.ts"
"apiAndContracts","*generated*","src/generated/client/worldmonitor/imagery/v1/service_client.ts"
"apiAndContracts","*generated*","src/generated/client/worldmonitor/infrastructure/v1/service_client.ts"
"apiAndContracts","*generated*","src/generated/client/worldmonitor/intelligence/v1/service_client.ts"
"apiAndContracts","*generated*","src/generated/client/worldmonitor/leads/v1/service_client.ts"
"apiAndContracts","*generated*","src/generated/client/worldmonitor/maritime/v1/service_client.ts"
"apiAndContracts","*generated*","src/generated/client/worldmonitor/market/v1/service_client.ts"
"apiAndContracts","*generated*","src/generated/client/worldmonitor/military/v1/service_client.ts"
"apiAndContracts","*generated*","src/generated/client/worldmonitor/natural/v1/service_client.ts"
"apiAndContracts","*generated*","src/generated/client/worldmonitor/news/v1/service_client.ts"
"apiAndContracts","*generated*","src/generated/client/worldmonitor/positive_events/v1/service_client.ts"
"apiAndContracts","*generated*","src/generated/client/worldmonitor/prediction/v1/service_client.ts"
"apiAndContracts","*generated*","src/generated/client/worldmonitor/radiation/v1/service_client.ts"
"apiAndContracts","*generated*","src/generated/client/worldmonitor/research/v1/service_client.ts"
"apiAndContracts","*generated*","src/generated/client/worldmonitor/resilience/v1/service_client.ts"
"apiAndContracts","*generated*","src/generated/client/worldmonitor/sanctions/v1/service_client.ts"
"apiAndContracts","*generated*","src/generated/client/worldmonitor/scenario/v1/service_client.ts"
"apiAndContracts","*generated*","src/generated/client/worldmonitor/seismology/v1/service_client.ts"
"apiAndContracts","*generated*","src/generated/client/worldmonitor/shipping/v2/service_client.ts"
"apiAndContracts","*generated*","src/generated/client/worldmonitor/supply_chain/v1/service_client.ts"
"apiAndContracts","*generated*","src/generated/client/worldmonitor/thermal/v1/service_client.ts"
"apiAndContracts","*generated*","src/generated/client/worldmonitor/trade/v1/service_client.ts"
"apiAndContracts","*generated*","src/generated/client/worldmonitor/unrest/v1/service_client.ts"
"apiAndContracts","*generated*","src/generated/client/worldmonitor/webcam/v1/service_client.ts"
"apiAndContracts","*generated*","src/generated/client/worldmonitor/wildfire/v1/service_client.ts"
"apiAndContracts","*generated*","src/generated/server/request_validation.ts"
"apiAndContracts","*generated*","src/generated/server/worldmonitor/aviation/v1/service_server.ts"
"apiAndContracts","*generated*","src/generated/server/worldmonitor/batch/v1/service_server.ts"
"apiAndContracts","*generated*","src/generated/server/worldmonitor/climate/v1/service_server.ts"
"apiAndContracts","*generated*","src/generated/server/worldmonitor/conflict/v1/service_server.ts"
"apiAndContracts","*generated*","src/generated/server/worldmonitor/consumer_prices/v1/service_server.ts"
"apiAndContracts","*generated*","src/generated/server/worldmonitor/cyber/v1/service_server.ts"
"apiAndContracts","*generated*","src/generated/server/worldmonitor/displacement/v1/service_server.ts"
"apiAndContracts","*generated*","src/generated/server/worldmonitor/economic/v1/service_server.ts"
"apiAndContracts","*generated*","src/generated/server/worldmonitor/forecast/v1/service_server.ts"
"apiAndContracts","*generated*","src/generated/server/worldmonitor/giving/v1/service_server.ts"
"apiAndContracts","*generated*","src/generated/server/worldmonitor/health/v1/service_server.ts"
"apiAndContracts","*generated*","src/generated/server/worldmonitor/imagery/v1/service_server.ts"
"apiAndContracts","*generated*","src/generated/server/worldmonitor/infrastructure/v1/service_server.ts"
"apiAndContracts","*generated*","src/generated/server/worldmonitor/intelligence/v1/service_server.ts"
"apiAndContracts","*generated*","src/generated/server/worldmonitor/leads/v1/service_server.ts"
"apiAndContracts","*generated*","src/generated/server/worldmonitor/maritime/v1/service_server.ts"
"apiAndContracts","*generated*","src/generated/server/worldmonitor/market/v1/service_server.ts"
"apiAndContracts","*generated*","src/generated/server/worldmonitor/military/v1/service_server.ts"
"apiAndContracts","*generated*","src/generated/server/worldmonitor/natural/v1/service_server.ts"
"apiAndContracts","*generated*","src/generated/server/worldmonitor/news/v1/service_server.ts"
"apiAndContracts","*generated*","src/generated/server/worldmonitor/positive_events/v1/service_server.ts"
"apiAndContracts","*generated*","src/generated/server/worldmonitor/prediction/v1/service_server.ts"
"apiAndContracts","*generated*","src/generated/server/worldmonitor/radiation/v1/service_server.ts"
"apiAndContracts","*generated*","src/generated/server/worldmonitor/research/v1/service_server.ts"
"apiAndContracts","*generated*","src/generated/server/worldmonitor/resilience/v1/service_server.ts"
"apiAndContracts","*generated*","src/generated/server/worldmonitor/sanctions/v1/service_server.ts"
"apiAndContracts","*generated*","src/generated/server/worldmonitor/scenario/v1/service_server.ts"
"apiAndContracts","*generated*","src/generated/server/worldmonitor/seismology/v1/service_server.ts"
"apiAndContracts","*generated*","src/generated/server/worldmonitor/shipping/v2/service_server.ts"
"apiAndContracts","*generated*","src/generated/server/worldmonitor/supply_chain/v1/service_server.ts"
"apiAndContracts","*generated*","src/generated/server/worldmonitor/thermal/v1/service_server.ts"
"apiAndContracts","*generated*","src/generated/server/worldmonitor/trade/v1/service_server.ts"
"apiAndContracts","*generated*","src/generated/server/worldmonitor/unrest/v1/service_server.ts"
"apiAndContracts","*generated*","src/generated/server/worldmonitor/webcam/v1/service_server.ts"
"apiAndContracts","*generated*","src/generated/server/worldmonitor/wildfire/v1/service_server.ts"
"apiAndContracts","*api*","src/services/api-keys.ts"
"apiAndContracts","*api*","src/services/api-plan-limit-notices.ts"
"apiAndContracts","*generated*","src/services/generated-rpc-clients.ts"
"apiAndContracts","*rpc*","src/services/public-rpc-fetch.ts"
"apiAndContracts","*rpc*","src/services/rpc-client.ts"
"apiAndContracts","*rpc*","src/shared/pro-fresh-rpc.ts"
"apiAndContracts","*rpc*","src/shared/public-rpc-cache.ts"
"apiAndContracts","*api*","src-tauri/sidecar/local-api-server.mjs"
"apiAndContracts","*api*","src-tauri/sidecar/local-api-server.test.mjs"
"apiAndContracts","*api*","tests/api-deprecation-policy.test.mjs"
"apiAndContracts","*api*","tests/api-idempotency.test.mjs"
"apiAndContracts","*api*","tests/api-key-rate-limit.test.mts"
"apiAndContracts","*api*","tests/api-keys.test.mts"
"apiAndContracts","*api*","tests/api-not-found.test.mjs"
"apiAndContracts","*api*","tests/api-notfound-catchall.test.mjs"
"apiAndContracts","*api*","tests/api-plan-limit-notices-ui.test.mts"
"apiAndContracts","*api*","tests/api-plan-limit-readiness.test.mts"
"apiAndContracts","*api*","tests/china-corridor-openapi-contract.test.mjs"
"apiAndContracts","*openapi*","tests/china-decision-signals-openapi-contract.test.mts"
"apiAndContracts","*rpc*","tests/china-macro-rpc.test.mts"
"apiAndContracts","*api*","tests/frontend-cii-legacy-api-guard.test.mts"
"apiAndContracts","*rpc*","tests/gateway-rpc-no-store-contract.test.mts"
"apiAndContracts","*generated*","tests/generated-api-description-guard.test.mjs"
"apiAndContracts","*generated*","tests/generated-request-validation.test.mts"
"apiAndContracts","*rpc*","tests/generated-rpc-clients.test.mts"
"apiAndContracts","*api*","tests/hapi-app-identifier-not-flagged.test.mjs"
"apiAndContracts","*api*","tests/hapi-gdelt-circuit-breakers.test.mjs"
"apiAndContracts","*schema*","tests/helpers/json-schema-mini.mjs"
"apiAndContracts","*api*","tests/live-api-cache-auth-regression.test.mjs"
"apiAndContracts","*rpc*","tests/mcp-analysis-rpc-tools.test.mjs"
"apiAndContracts","*rpc*","tests/mcp-analysis-rpc-tools-contract.test.mjs"
"apiAndContracts","*api*","tests/mcp-api-parity.test.mjs"
"apiAndContracts","*schema*","tests/mcp-output-schema-coverage.test.mjs"
"apiAndContracts","*schema*","tests/mcp-schema-default-parity.test.mjs"
"apiAndContracts","*schema*","tests/mcp-telemetry-schema.test.mjs"
"apiAndContracts","*openapi*","tests/openapi-async-jobs-contract.test.mjs"
"apiAndContracts","*api*","tests/openapi-batch-contract.test.mjs"
"apiAndContracts","*api*","tests/openapi-deprecated-contract.test.mjs"
"apiAndContracts","*api*","tests/openapi-empty-200-degradation.test.mjs"
"apiAndContracts","*openapi*","tests/openapi-examples-contract.test.mjs"
"apiAndContracts","*api*","tests/openapi-filter-param-schemas.test.mjs"
"apiAndContracts","*api*","tests/openapi-idempotency-contract.test.mjs"
"apiAndContracts","*openapi*","tests/openapi-jmespath-contract.test.mjs"
"apiAndContracts","*openapi*","tests/openapi-json-dedup.test.mjs"
"apiAndContracts","*openapi*","tests/openapi-rate-limit-errors-contract.test.mjs"
"apiAndContracts","*openapi*","tests/openapi-security-contract.test.mjs"
"apiAndContracts","*openapi*","tests/openapi-seo-description.test.mjs"
"apiAndContracts","*openapi*","tests/openapi-servers-contract.test.mjs"
"apiAndContracts","*openapi*","tests/openapi-webhooks-contract.test.mjs"
"apiAndContracts","*rpc*","tests/prediction-market-rpc.test.mts"
"apiAndContracts","*api*","tests/product-catalog-api-allowance.test.mts"
"apiAndContracts","*rpc*","tests/public-rpc-fetch.test.mts"
"apiAndContracts","*api*","tests/resilience-per-capita-normalization.test.mts"
"apiAndContracts","*schema*","tests/resilience-pillar-schema.test.mts"
"apiAndContracts","*schema*","tests/resilience-validation-artifacts-schema.test.mts"
"apiAndContracts","*rpc*","tests/rpc-premium-billing-denial.test.mts"
"apiAndContracts","*api*","tests/seed-conflict-intel-hapi-circuit-breaker.test.mjs"
"apiAndContracts","*schema*","tests/swf-manifest-loader-schema-extension.test.mjs"
"apiAndContracts","*api*","tsconfig.api.json"
"apiAndContracts","*api*","workers/api-cors-preflight/index.test.mjs"
"apiAndContracts","*api*","workers/api-cors-preflight/kv-serve.test.mjs"
"apiAndContracts","*api*","workers/api-cors-preflight/kv-shadow.test.mjs"
"apiAndContracts","*api*","workers/api-cors-preflight/package.json"
"apiAndContracts","*api*","workers/api-cors-preflight/README.md"
"apiAndContracts","*api*","workers/api-cors-preflight/src/index.js"
"apiAndContracts","*api*","workers/api-cors-preflight/src/kv-serve.js"
"apiAndContracts","*api*","workers/api-cors-preflight/src/kv-serve-mode.js"
"apiAndContracts","*api*","workers/api-cors-preflight/src/kv-shadow.js"
"apiAndContracts","*api*","workers/api-cors-preflight/wrangler.toml"
"applicationEntry","index.html","index.html"
"applicationEntry","src/app.*","src/App.ts"
"applicationEntry","src/main.*","src/main.ts"
"deployment",".github/workflows/*",".github/workflows/analytics-collector-monitor.yml"
"deployment",".github/workflows/*",".github/workflows/build-desktop.yml"
"deployment",".github/workflows/*",".github/workflows/china-decision-parity-live.yml"
"deployment",".github/workflows/*",".github/workflows/contributor-trust.yml"
"deployment","*deploy*",".github/workflows/convex-deploy.yml"
"deployment",".github/workflows/*",".github/workflows/deploy-gate.yml"
"deployment","*deploy*",".github/workflows/deploy-worker.yml"
"deployment",".github/workflows/*",".github/workflows/docker-publish.yml"
"deployment",".github/workflows/*",".github/workflows/feed-validation.yml"
"deployment",".github/workflows/*",".github/workflows/indexnow-submit.yml"
"deployment",".github/workflows/*",".github/workflows/lint.yml"
"deployment",".github/workflows/*",".github/workflows/lint-code.yml"
"deployment",".github/workflows/*",".github/workflows/live-api-cache-auth.yml"
"deployment",".github/workflows/*",".github/workflows/mcp-live-smoke.yml"
"deployment",".github/workflows/*",".github/workflows/pro-bundle-freshness.yml"
"deployment",".github/workflows/*",".github/workflows/proto-check.yml"
"deployment",".github/workflows/*",".github/workflows/publish-cli.yml"
"deployment",".github/workflows/*",".github/workflows/publish-go.yml"
"deployment",".github/workflows/*",".github/workflows/publish-python.yml"
"deployment",".github/workflows/*",".github/workflows/publish-ruby.yml"
"deployment",".github/workflows/*",".github/workflows/security-audit.yml"
"deployment",".github/workflows/*",".github/workflows/seed-freshness-monitor.yml"
"deployment",".github/workflows/*",".github/workflows/test.yml"
"deployment",".github/workflows/*",".github/workflows/test-linux-app.yml"
"deployment",".github/workflows/*",".github/workflows/typecheck.yml"
"deployment",".github/workflows/*",".github/workflows/umami-storage-monitor.yml"
"deployment","*vercel*",".vercelignore"
"deployment","*deploy*","deploy/nginx/brotli-api-proxy.conf"
"deployment","docker-compose*","docker-compose.yml"
"deployment","Dockerfile*","Dockerfile"
"deployment","Dockerfile*","Dockerfile.digest-notifications"
"deployment","Dockerfile*","Dockerfile.publish-bootstrap-tiers"
"deployment","Dockerfile*","Dockerfile.relay"
"deployment","Dockerfile*","Dockerfile.seed-bundle-portwatch-port-activity"
"deployment","Dockerfile*","Dockerfile.seed-bundle-resilience-validation"
"deployment","Dockerfile*","Dockerfile.umami"
"deployment","Dockerfile*","Dockerfile.umami-retention"
"deployment","*deploy*","docs/api-key-deployment.mdx"
"deployment","*deploy*","docs/DEPLOYMENT-PLAN.md"
"deployment","*deploy*","docs/solutions/integration-issues/railway-seeder-watch-paths-can-skip-deployments.md"
"deployment","*deploy*","docs/zh/api-key-deployment.mdx"
"deployment","*vercel*","scripts/vercel-ignore.sh"
"deployment","*deploy*","tests/deploy-config.test.mjs"
"deployment","*vercel*","vercel.json"
"desktopAndPWA","*desktop*",".github/workflows/build-desktop.yml"
"desktopAndPWA","*desktop*","docs/desktop-app.mdx"
"desktopAndPWA","*desktop*","docs/desktop-parity-matrix.md"
"desktopAndPWA","*desktop*","docs/Docs_To_Review/DESKTOP_CONFIGURATION.md"
"desktopAndPWA","*tauri*","docs/Docs_To_Review/TAURI_VALIDATION_REPORT.md"
"desktopAndPWA","*desktop*","docs/images/issue-4336-dashboard-cls-desktop.png"
"desktopAndPWA","*desktop*","docs/internal/youtube-desktop.md"
"desktopAndPWA","*manifest*","docs/methodology/country-resilience-index/reference-edition/2026/manifest.json"
"desktopAndPWA","*desktop*","docs/perf/desktop-mainthread-baseline-2026-07-02.md"
"desktopAndPWA","*desktop*","docs/solutions/performance-issues/desktop-cls-immediate-tier-panel-mounts-need-deferred-shells.md"
"desktopAndPWA","*tauri*","docs/TAURI_VALIDATION_REPORT.md"
"desktopAndPWA","*desktop*","docs/zh/desktop-app.mdx"
"desktopAndPWA","*manifest*","proto/worldmonitor/resilience/v1/get_resilience_runtime_manifest.proto"
"desktopAndPWA","*desktop*","scripts/check-desktop-build-env.mjs"
"desktopAndPWA","*manifest*","scripts/china-coverage-manifest.mjs"
"desktopAndPWA","*desktop*","scripts/desktop-package.mjs"
"desktopAndPWA","*desktop*","scripts/measure-desktop-mainthread.mjs"
"desktopAndPWA","*manifest*","scripts/shared/swf-classification-manifest.yaml"
"desktopAndPWA","*manifest*","scripts/shared/swf-manifest-loader.mjs"
"desktopAndPWA","*desktop*","scripts/sync-desktop-version.mjs"
"desktopAndPWA","*manifest*","server/worldmonitor/resilience/v1/get-resilience-runtime-manifest.ts"
"desktopAndPWA","*manifest*","shared/china-decision-signal-manifest.ts"
"desktopAndPWA","*desktop*","src/app/desktop-updater.ts"
"desktopAndPWA","*pwa*","src/pwa.d.ts"
"desktopAndPWA","*desktop*","src/services/desktop-readiness.ts"
"desktopAndPWA","*tauri*","src/services/tauri-bridge.ts"
"desktopAndPWA","*tauri*","src-tauri/.cargo/config.local.toml.example"
"desktopAndPWA","*tauri*","src-tauri/.cargo/config.toml"
"desktopAndPWA","*tauri*","src-tauri/.gitignore"
"desktopAndPWA","*tauri*","src-tauri/build.rs"
"desktopAndPWA","*tauri*","src-tauri/capabilities/default.json"
"desktopAndPWA","*tauri*","src-tauri/capabilities/live-channels.json"
"desktopAndPWA","*tauri*","src-tauri/capabilities/settings.json"
"desktopAndPWA","*tauri*","src-tauri/capabilities/youtube-login.json"
"desktopAndPWA","*tauri*","src-tauri/Cargo.lock"
"desktopAndPWA","*tauri*","src-tauri/Cargo.toml"
"desktopAndPWA","*tauri*","src-tauri/icons/128x128.png"
"desktopAndPWA","*tauri*","src-tauri/icons/128x128@2x.png"
"desktopAndPWA","*tauri*","src-tauri/icons/32x32.png"
"desktopAndPWA","*tauri*","src-tauri/icons/android/mipmap-hdpi/ic_launcher.png"
"desktopAndPWA","*tauri*","src-tauri/icons/android/mipmap-hdpi/ic_launcher_foreground.png"
"desktopAndPWA","*tauri*","src-tauri/icons/android/mipmap-hdpi/ic_launcher_round.png"
"desktopAndPWA","*tauri*","src-tauri/icons/android/mipmap-mdpi/ic_launcher.png"
"desktopAndPWA","*tauri*","src-tauri/icons/android/mipmap-mdpi/ic_launcher_foreground.png"
"desktopAndPWA","*tauri*","src-tauri/icons/android/mipmap-mdpi/ic_launcher_round.png"
"desktopAndPWA","*tauri*","src-tauri/icons/android/mipmap-xhdpi/ic_launcher.png"
"desktopAndPWA","*tauri*","src-tauri/icons/android/mipmap-xhdpi/ic_launcher_foreground.png"
"desktopAndPWA","*tauri*","src-tauri/icons/android/mipmap-xhdpi/ic_launcher_round.png"
"desktopAndPWA","*tauri*","src-tauri/icons/android/mipmap-xxhdpi/ic_launcher.png"
"desktopAndPWA","*tauri*","src-tauri/icons/android/mipmap-xxhdpi/ic_launcher_foreground.png"
"desktopAndPWA","*tauri*","src-tauri/icons/android/mipmap-xxhdpi/ic_launcher_round.png"
"desktopAndPWA","*tauri*","src-tauri/icons/android/mipmap-xxxhdpi/ic_launcher.png"
"desktopAndPWA","*tauri*","src-tauri/icons/android/mipmap-xxxhdpi/ic_launcher_foreground.png"
"desktopAndPWA","*tauri*","src-tauri/icons/android/mipmap-xxxhdpi/ic_launcher_round.png"
"desktopAndPWA","*tauri*","src-tauri/icons/icon.icns"
"desktopAndPWA","*tauri*","src-tauri/icons/icon.ico"
"desktopAndPWA","*tauri*","src-tauri/icons/icon.png"
"desktopAndPWA","*tauri*","src-tauri/icons/ios/AppIcon-20x20@1x.png"
"desktopAndPWA","*tauri*","src-tauri/icons/ios/AppIcon-20x20@2x.png"
"desktopAndPWA","*tauri*","src-tauri/icons/ios/AppIcon-20x20@2x-1.png"
"desktopAndPWA","*tauri*","src-tauri/icons/ios/AppIcon-20x20@3x.png"
"desktopAndPWA","*tauri*","src-tauri/icons/ios/AppIcon-29x29@1x.png"
"desktopAndPWA","*tauri*","src-tauri/icons/ios/AppIcon-29x29@2x.png"
"desktopAndPWA","*tauri*","src-tauri/icons/ios/AppIcon-29x29@2x-1.png"
"desktopAndPWA","*tauri*","src-tauri/icons/ios/AppIcon-29x29@3x.png"
"desktopAndPWA","*tauri*","src-tauri/icons/ios/AppIcon-40x40@1x.png"
"desktopAndPWA","*tauri*","src-tauri/icons/ios/AppIcon-40x40@2x.png"
"desktopAndPWA","*tauri*","src-tauri/icons/ios/AppIcon-40x40@2x-1.png"
"desktopAndPWA","*tauri*","src-tauri/icons/ios/AppIcon-40x40@3x.png"
"desktopAndPWA","*tauri*","src-tauri/icons/ios/AppIcon-512@2x.png"
"desktopAndPWA","*tauri*","src-tauri/icons/ios/AppIcon-60x60@2x.png"
"desktopAndPWA","*tauri*","src-tauri/icons/ios/AppIcon-60x60@3x.png"
"desktopAndPWA","*tauri*","src-tauri/icons/ios/AppIcon-76x76@1x.png"
"desktopAndPWA","*tauri*","src-tauri/icons/ios/AppIcon-76x76@2x.png"
"desktopAndPWA","*tauri*","src-tauri/icons/ios/AppIcon-83.5x83.5@2x.png"
"desktopAndPWA","*tauri*","src-tauri/icons/Square107x107Logo.png"
"desktopAndPWA","*tauri*","src-tauri/icons/Square142x142Logo.png"
"desktopAndPWA","*tauri*","src-tauri/icons/Square150x150Logo.png"
"desktopAndPWA","*tauri*","src-tauri/icons/Square284x284Logo.png"
"desktopAndPWA","*tauri*","src-tauri/icons/Square30x30Logo.png"
"desktopAndPWA","*tauri*","src-tauri/icons/Square310x310Logo.png"
"desktopAndPWA","*tauri*","src-tauri/icons/Square44x44Logo.png"
"desktopAndPWA","*tauri*","src-tauri/icons/Square71x71Logo.png"
"desktopAndPWA","*tauri*","src-tauri/icons/Square89x89Logo.png"
"desktopAndPWA","*tauri*","src-tauri/icons/StoreLogo.png"
"desktopAndPWA","*tauri*","src-tauri/nsis/installer-hooks.nsh"
"desktopAndPWA","*tauri*","src-tauri/open-url-safety.test.mjs"
"desktopAndPWA","*tauri*","src-tauri/sidecar/local-api-server.mjs"
"desktopAndPWA","*tauri*","src-tauri/sidecar/local-api-server.test.mjs"
"desktopAndPWA","*tauri*","src-tauri/sidecar/node/.gitkeep"
"desktopAndPWA","*tauri*","src-tauri/sidecar/package.json"
"desktopAndPWA","*tauri*","src-tauri/src/cache_bounds.rs"
"desktopAndPWA","*tauri*","src-tauri/src/main.rs"
"desktopAndPWA","*tauri*","src-tauri/tauri.conf.json"
"desktopAndPWA","*tauri*","src-tauri/tauri.finance.conf.json"
"desktopAndPWA","*tauri*","src-tauri/tauri.tech.conf.json"
"desktopAndPWA","*desktop*","tests/check-desktop-build-env.test.mjs"
"desktopAndPWA","*desktop*","tests/measure-desktop-mainthread.test.mts"
"desktopAndPWA","*desktop*","tests/register-interest-desktop-auth.test.mjs"
"desktopAndPWA","*manifest*","tests/resilience-runtime-manifest.test.mts"
"desktopAndPWA","*manifest*","tests/swf-classification-manifest.test.mjs"
"desktopAndPWA","*manifest*","tests/swf-manifest-loader-schema-extension.test.mjs"
"identityAndPermissions","*auth*",".github/workflows/live-api-cache-auth.yml"
"identityAndPermissions","*auth*","api/_oauth-token.js"
"identityAndPermissions","*auth*","api/agent-auth.ts"
"identityAndPermissions","*auth*","api/bootstrap-auth.test.mjs"
"identityAndPermissions","*auth*","api/discord/oauth/callback.ts"
"identityAndPermissions","*auth*","api/discord/oauth/start.ts"
"identityAndPermissions","*auth*","api/mcp/auth.ts"
"identityAndPermissions","*auth*","api/oauth/authorize.js"
"identityAndPermissions","*auth*","api/oauth/authorize-pro.ts"
"identityAndPermissions","*auth*","api/oauth/register.js"
"identityAndPermissions","*auth*","api/oauth/token.ts"
"identityAndPermissions","*auth*","api/oauth-authorization-server.ts"
"identityAndPermissions","*auth*","api/oauth-protected-resource.ts"
"identityAndPermissions","*auth*","api/slack/oauth/callback.ts"
"identityAndPermissions","*auth*","api/slack/oauth/start.ts"
"identityAndPermissions","*auth*","blog-site/src/pages/authors/elie-habib.astro"
"identityAndPermissions","*identity*","convex/__tests__/identitySigning.test.ts"
"identityAndPermissions","*auth*","convex/auth.config.ts"
"identityAndPermissions","*auth*","convex/lib/auth.ts"
"identityAndPermissions","*identity*","convex/lib/identitySigning.ts"
"identityAndPermissions","*auth*","docs/api-oauth.mdx"
"identityAndPermissions","*auth*","docs/archive/todos/034-pending-p1-auth-init-gated-behind-isProUser-deadlock.md"
"identityAndPermissions","*identity*","docs/archive/todos/165-pending-p3-scenario-rate-limiter-keys-off-ip-not-identity.md"
"identityAndPermissions","*auth*","docs/authentication.mdx"
"identityAndPermissions","*role*","docs/internal/documentation-alignment-role-signoff.template.md"
"identityAndPermissions","*identity*","docs/solutions/conventions/unique-match-is-not-identity-verify-attribution-against-an-authoritative-field.md"
"identityAndPermissions","*auth*","docs/solutions/integration-issues/authority-gated-cyclone-seed-sources.md"
"identityAndPermissions","*permission*","docs/solutions/logic-errors/denied-push-permission-rendered-as-retryable-failure.md"
"identityAndPermissions","*role*","docs/solutions/logic-errors/playback-control-gated-on-a-clerk-role-field-with-no-writer.md"
"identityAndPermissions","*auth*","docs/usage-auth.mdx"
"identityAndPermissions","*auth*","docs/zh/api-oauth.mdx"
"identityAndPermissions","*auth*","docs/zh/authentication.mdx"
"identityAndPermissions","*auth*","docs/zh/usage-auth.mdx"
"identityAndPermissions","*auth*","e2e/auth-ui.spec.ts"
"identityAndPermissions","*auth*","public/.well-known/mcp-registry-auth"
"identityAndPermissions","*auth*","public/auth.md"
"identityAndPermissions","*role*","scripts/seed-eia-petroleum.mjs"
"identityAndPermissions","*auth*","scripts/shared/acled-oauth.mjs"
"identityAndPermissions","*identity*","scripts/shared/story-identity.js"
"identityAndPermissions","*auth*","scripts/telegram/session-auth.mjs"
"identityAndPermissions","*identity*","server/__tests__/usage-identity.test.ts"
"identityAndPermissions","*auth*","server/_shared/acled-auth.ts"
"identityAndPermissions","*auth*","server/_shared/auth-session.ts"
"identityAndPermissions","*auth*","server/_shared/internal-auth.ts"
"identityAndPermissions","*identity*","server/_shared/usage-identity.ts"
"identityAndPermissions","*auth*","server/auth-session.ts"
"identityAndPermissions","*identity*","shared/story-identity.d.ts"
"identityAndPermissions","*identity*","shared/story-identity.js"
"identityAndPermissions","*auth*","src/app/account-auth-handoff.ts"
"identityAndPermissions","*auth*","src/components/AuthHeaderWidget.ts"
"identityAndPermissions","*auth*","src/components/AuthLauncher.ts"
"identityAndPermissions","*identity*","src/services/anonymous-identity-storage.ts"
"identityAndPermissions","*auth*","src/services/auth-state.ts"
"identityAndPermissions","*identity*","src/services/user-identity.ts"
"identityAndPermissions","*identity*","tests/acled-conflict-identity.test.mjs"
"identityAndPermissions","*auth*","tests/agent-auth-challenge.test.mjs"
"identityAndPermissions","*auth*","tests/auth-resource-timeout.test.mts"
"identityAndPermissions","*auth*","tests/auth-session.test.mts"
"identityAndPermissions","*auth*","tests/auth-state-disabled-clerk.test.mts"
"identityAndPermissions","*auth*","tests/convex-auth-handoff.test.mts"
"identityAndPermissions","*auth*","tests/docker-sidecar-auth-config.test.mjs"
"identityAndPermissions","*auth*","tests/embed-public-data-auth.test.mts"
"identityAndPermissions","*auth*","tests/internal-auth-timing-safe.test.mts"
"identityAndPermissions","*auth*","tests/live-api-cache-auth-regression.test.mjs"
"identityAndPermissions","*auth*","tests/mcp-auth-entitlement-and-limits.test.mjs"
"identityAndPermissions","*auth*","tests/mcp-news-auth-docs-contract.test.mjs"
"identityAndPermissions","*auth*","tests/mcp-user-key-auth.test.mjs"
"identityAndPermissions","*identity*","tests/notification-relay-welcome-identity.test.mjs"
"identityAndPermissions","*auth*","tests/oauth-authorize.test.mjs"
"identityAndPermissions","*auth*","tests/oauth-authorize-origin.test.mjs"
"identityAndPermissions","*auth*","tests/oauth-authorize-pro.test.mjs"
"identityAndPermissions","*auth*","tests/oauth-state-replay.test.mjs"
"identityAndPermissions","*auth*","tests/oauth-token.test.mjs"
"identityAndPermissions","*identity*","tests/premium-bearer-free-identity.test.mts"
"identityAndPermissions","*auth*","tests/premium-unauthenticated-denial.test.mts"
"identityAndPermissions","*auth*","tests/pro-welcome-auth-probe.test.mts"
"identityAndPermissions","*auth*","tests/reddit-oauth-fetch.test.mjs"
"identityAndPermissions","*auth*","tests/register-interest-desktop-auth.test.mjs"
"identityAndPermissions","*auth*","tests/relay-auth.test.mjs"
"identityAndPermissions","*auth*","tests/relay-warm-ping-auth.test.mts"
"identityAndPermissions","*auth*","tests/resilience-seed-refresh-auth.test.mts"
"identityAndPermissions","*role*","tests/seed-eia-petroleum.test.mjs"
"identityAndPermissions","*identity*","tests/story-identity.test.mjs"
"identityAndPermissions","*auth*","tests/web-bot-auth-directory.test.mjs"
"identityAndPermissions","*auth*","tests/widget-agent-auth.test.mts"
"licensing","*attribution*","blog-site/src/lib/blog-conversion-attribution.ts"
"licensing","*license*","cli/LICENSE"
"licensing","*license*","docs/license.mdx"
"licensing","*attribution*","docs/solutions/conventions/ref-param-is-affiliate-attribution-use-utm-for-internal-source-tags.md"
"licensing","*attribution*","docs/solutions/conventions/unique-match-is-not-identity-verify-attribution-against-an-authoritative-field.md"
"licensing","*license*","docs/zh/license.mdx"
"licensing","*attribution*","e2e/dashboard-lcp-attribution.spec.ts"
"licensing","*license*","LICENSE"
"licensing","*license*","sdk/go/LICENSE"
"licensing","*license*","sdk/python/LICENSE"
"licensing","*license*","sdk/ruby/LICENSE"
"licensing","*attribution*","shared/content-attribution.ts"
"licensing","*attribution*","src/bootstrap/lcp-attribution.ts"
"licensing","*attribution*","src/utils/attribution-footer.ts"
"licensing","*attribution*","tests/attribution-footer.test.mts"
"licensing","*attribution*","tests/content-attribution.test.mts"
"licensing","*attribution*","tests/content-attribution-analytics.test.mts"
"licensing","*attribution*","tests/lcp-attribution.test.mts"
"licensing","*attribution*","tests/lcp-attribution-contract.test.mjs"
"licensing","*license*","tests/license-docs.test.mjs"
"licensing","*license*","tests/license-key-guidance.test.mjs"
"localizationAndRTL","*locale*","convex/__tests__/localeHeuristic.test.ts"
"localizationAndRTL","*locale*","convex/broadcast/_localeHeuristic.ts"
"localizationAndRTL","*translation*","data/oref-threat-translations-he-en.json"
"localizationAndRTL","*i18n*","docs/archive/todos/052-pending-p2-framework-settings-strings-not-i18n.md"
"localizationAndRTL","*translation*","docs/Docs_To_Review/NEWS_TRANSLATION_ANALYSIS.md"
"localizationAndRTL","*i18n*","docs/solutions/conventions/i18n-shell-namespaces-are-byte-budgeted-first-paint-surface.md"
"localizationAndRTL","*translation*","docs/solutions/logic-errors/key-existence-checks-cannot-detect-stale-translations.md"
"localizationAndRTL","*locale*","docs/solutions/logic-errors/locale-specific-china-news-coverage-projection.md"
"localizationAndRTL","*translation*","docs/zh/.translation-spec.md"
"localizationAndRTL","*i18n*","pro-test/src/i18n.ts"
"localizationAndRTL","*locales*","pro-test/src/locales/ar.json"
"localizationAndRTL","*locales*","pro-test/src/locales/bg.json"
"localizationAndRTL","*locale*","pro-test/src/locales/cs.json"
"localizationAndRTL","*locale*","pro-test/src/locales/de.json"
"localizationAndRTL","*locale*","pro-test/src/locales/el.json"
"localizationAndRTL","*locale*","pro-test/src/locales/en.json"
"localizationAndRTL","*locale*","pro-test/src/locales/es.json"
"localizationAndRTL","*locale*","pro-test/src/locales/fa.json"
"localizationAndRTL","*locales*","pro-test/src/locales/fr.json"
"localizationAndRTL","*locales*","pro-test/src/locales/hi.json"
"localizationAndRTL","*locales*","pro-test/src/locales/hr.json"
"localizationAndRTL","*locale*","pro-test/src/locales/hu.json"
"localizationAndRTL","*locale*","pro-test/src/locales/it.json"
"localizationAndRTL","*locale*","pro-test/src/locales/ja.json"
"localizationAndRTL","*locale*","pro-test/src/locales/ko.json"
"localizationAndRTL","*locales*","pro-test/src/locales/nl.json"
"localizationAndRTL","*locales*","pro-test/src/locales/pl.json"
"localizationAndRTL","*locale*","pro-test/src/locales/pt.json"
"localizationAndRTL","*locale*","pro-test/src/locales/ro.json"
"localizationAndRTL","*locale*","pro-test/src/locales/ru.json"
"localizationAndRTL","*locales*","pro-test/src/locales/sv.json"
"localizationAndRTL","*locales*","pro-test/src/locales/th.json"
"localizationAndRTL","*locale*","pro-test/src/locales/tr.json"
"localizationAndRTL","*locale*","pro-test/src/locales/uk.json"
"localizationAndRTL","*locales*","pro-test/src/locales/vi.json"
"localizationAndRTL","*locale*","pro-test/src/locales/zh.json"
"localizationAndRTL","*i18n*","proto/worldmonitor/core/v1/i18n.proto"
"localizationAndRTL","*rtl*","public/mapbox-gl-rtl-text.min.js"
"localizationAndRTL","*locale*","scripts/_locale-keys.mjs"
"localizationAndRTL","*locale*","scripts/locale-baselines/pro-test.json"
"localizationAndRTL","*locale*","scripts/sync-locale-keys.mjs"
"localizationAndRTL","*translation*","scripts/sync-offline-translations.mjs"
"localizationAndRTL","*locale*","scripts/translate-locales.mjs"
"localizationAndRTL","*i18n*","src/app/i18n-raw-key-healer.ts"
"localizationAndRTL","*locale*","src/locales/ar.d.ts"
"localizationAndRTL","*locale*","src/locales/ar.json"
"localizationAndRTL","*locale*","src/locales/bg.json"
"localizationAndRTL","*locales*","src/locales/cs.json"
"localizationAndRTL","*locale*","src/locales/de.json"
"localizationAndRTL","*locale*","src/locales/el.json"
"localizationAndRTL","*locales*","src/locales/en.json"
"localizationAndRTL","*locales*","src/locales/en.shell.json"
"localizationAndRTL","*locales*","src/locales/es.d.ts"
"localizationAndRTL","*locale*","src/locales/es.json"
"localizationAndRTL","*locale*","src/locales/fa.json"
"localizationAndRTL","*locales*","src/locales/fr.json"
"localizationAndRTL","*locale*","src/locales/hi.d.ts"
"localizationAndRTL","*locale*","src/locales/hi.json"
"localizationAndRTL","*locales*","src/locales/hr.json"
"localizationAndRTL","*locales*","src/locales/hu.json"
"localizationAndRTL","*locales*","src/locales/it.d.ts"
"localizationAndRTL","*locales*","src/locales/it.json"
"localizationAndRTL","*locale*","src/locales/ja.json"
"localizationAndRTL","*locale*","src/locales/ko.json"
"localizationAndRTL","*locales*","src/locales/nl.d.ts"
"localizationAndRTL","*locales*","src/locales/nl.json"
"localizationAndRTL","*locale*","src/locales/pl.d.ts"
"localizationAndRTL","*locale*","src/locales/pl.json"
"localizationAndRTL","*locale*","src/locales/pt.d.ts"
"localizationAndRTL","*locale*","src/locales/pt.json"
"localizationAndRTL","*locale*","src/locales/ro.json"
"localizationAndRTL","*locales*","src/locales/ru.d.ts"
"localizationAndRTL","*locale*","src/locales/ru.json"
"localizationAndRTL","*locales*","src/locales/sv.d.ts"
"localizationAndRTL","*locale*","src/locales/sv.json"
"localizationAndRTL","*locale*","src/locales/th.d.ts"
"localizationAndRTL","*locale*","src/locales/th.json"
"localizationAndRTL","*locales*","src/locales/tr.d.ts"
"localizationAndRTL","*locales*","src/locales/tr.json"
"localizationAndRTL","*locales*","src/locales/uk.json"
"localizationAndRTL","*locales*","src/locales/vi.d.ts"
"localizationAndRTL","*locale*","src/locales/vi.json"
"localizationAndRTL","*locale*","src/locales/zh.d.ts"
"localizationAndRTL","*locales*","src/locales/zh.json"
"localizationAndRTL","*i18n*","src/services/i18n.ts"
"localizationAndRTL","*rtl*","src/styles/rtl-overrides.css"
"localizationAndRTL","*i18n*","src/utils/i18n-url.ts"
"localizationAndRTL","*locale*","src/utils/map-locale.ts"
"localizationAndRTL","*i18n*","tests/country-brief-i18n.test.mjs"
"localizationAndRTL","*i18n*","tests/docs-i18n-parity.test.mjs"
"localizationAndRTL","*i18n*","tests/dom/helpers/i18n.mts"
"localizationAndRTL","*i18n*","tests/i18n-english-shell.test.mjs"
"localizationAndRTL","*i18n*","tests/i18n-hreflang-contract.test.mts"
"localizationAndRTL","*i18n*","tests/i18n-language-detection.test.mts"
"localizationAndRTL","*locale*","tests/locale-completeness.test.mjs"
"localizationAndRTL","*locale*","tests/locale-staleness.test.mjs"
"localizationAndRTL","*locale*","tests/locale-translation-guard.test.mjs"
"localizationAndRTL","*locale*","tests/map-locale.test.mts"
"localizationAndRTL","*locale*","tests/pro-locale-freshness.test.mjs"
"localizationAndRTL","*locale*","tests/pro-locale-registry.test.mjs"
"mapAndGeospatial","*map*","blog-site/public/images/blog/embed-live-global-map-worldmonitor.jpg"
"mapAndGeospatial","*map*","blog-site/public/images/blog/embed-live-global-map-worldmonitor.webp"
"mapAndGeospatial","*map*","blog-site/public/images/blog/embed-live-global-map-worldmonitor-640.webp"
"mapAndGeospatial","*map*","blog-site/src/content/blog/embed-live-global-map-worldmonitor.md"
"mapAndGeospatial","*map*","docs/architecture/sitemap-ownership.md"
"mapAndGeospatial","*map*","docs/archive/plans/map-performance-improvements.md"
"mapAndGeospatial","*map*","docs/archive/todos/044-pending-p1-systemappend-prompt-injection-no-sanitization.md"
"mapAndGeospatial","*map*","docs/archive/todos/045-pending-p1-summarize-article-systemappend-excluded-from-cache-key.md"
"mapAndGeospatial","*map*","docs/archive/todos/064-pending-p2-activeCache-nonnull-assertion-nullable-map.md"
"mapAndGeospatial","*globe*","docs/archive/todos/159-pending-p2-globe-flush-polygons-scenario-precompute.md"
"mapAndGeospatial","*map*","docs/archive/todos/161-pending-p2-mapcontainer-supply-chain-panel-bidirectional-coupling.md"
"mapAndGeospatial","*map*","docs/embed-live-map.mdx"
"mapAndGeospatial","*map*","docs/harness-engineering-roadmap.md"
"mapAndGeospatial","*map*","docs/images/issue-4338-map-shell.png"
"mapAndGeospatial","*map*","docs/images/issue-4378-webgl-map.png"
"mapAndGeospatial","*deck*","docs/images/pr-4295-panel-freshness-deckgl.png"
"mapAndGeospatial","*map*","docs/map-engine.mdx"
"mapAndGeospatial","*map*","docs/maps-and-geocoding.mdx"
"mapAndGeospatial","*layer*","docs/plans/2026-03-29-001-feat-gold-layer-commodity-variant-plan.md"
"mapAndGeospatial","*map*","docs/plans/archive/roadmap-pro-HISTORICAL.md"
"mapAndGeospatial","*layer*","docs/solutions/conventions/verify-the-verifier-mutation-test-every-detection-layer.md"
"mapAndGeospatial","*layer*","docs/solutions/workflow-issues/purging-the-live-product-catalog-three-layer-cache.md"
"mapAndGeospatial","*layer*","docs/webcam-layer.mdx"
"mapAndGeospatial","*map*","docs/zh/embed-live-map.mdx"
"mapAndGeospatial","*map*","docs/zh/map-engine.mdx"
"mapAndGeospatial","*map*","docs/zh/maps-and-geocoding.mdx"
"mapAndGeospatial","*layer*","docs/zh/webcam-layer.mdx"
"mapAndGeospatial","*map*","e2e/collapsed-map-first-paint.spec.ts"
"mapAndGeospatial","*map*","e2e/map-harness.spec.ts"
"mapAndGeospatial","*layer*","e2e/map-harness.spec.ts-snapshots/layer-finance-ais-z5.png"
"mapAndGeospatial","*map*","e2e/map-harness.spec.ts-snapshots/layer-finance-bases-z5.png"
"mapAndGeospatial","*layer*","e2e/map-harness.spec.ts-snapshots/layer-finance-cables-z4.png"
"mapAndGeospatial","*layer*","e2e/map-harness.spec.ts-snapshots/layer-finance-central-banks-z5.png"
"mapAndGeospatial","*layer*","e2e/map-harness.spec.ts-snapshots/layer-finance-commodity-hubs-z5.png"
"mapAndGeospatial","*layer*","e2e/map-harness.spec.ts-snapshots/layer-finance-conflicts-z4.png"
"mapAndGeospatial","*layer*","e2e/map-harness.spec.ts-snapshots/layer-finance-cyber-z5.png"
"mapAndGeospatial","*map*","e2e/map-harness.spec.ts-snapshots/layer-finance-datacenters-cluster-z3.png"
"mapAndGeospatial","*map*","e2e/map-harness.spec.ts-snapshots/layer-finance-datacenters-icons-z6.png"
"mapAndGeospatial","*map*","e2e/map-harness.spec.ts-snapshots/layer-finance-economic-z5.png"
"mapAndGeospatial","*layer*","e2e/map-harness.spec.ts-snapshots/layer-finance-financial-centers-z5.png"
"mapAndGeospatial","*layer*","e2e/map-harness.spec.ts-snapshots/layer-finance-fires-z5.png"
"mapAndGeospatial","*layer*","e2e/map-harness.spec.ts-snapshots/layer-finance-flights-z5.png"
"mapAndGeospatial","*layer*","e2e/map-harness.spec.ts-snapshots/layer-finance-hotspots-z4.png"
"mapAndGeospatial","*layer*","e2e/map-harness.spec.ts-snapshots/layer-finance-irradiators-z5.png"
"mapAndGeospatial","*map*","e2e/map-harness.spec.ts-snapshots/layer-finance-military-z5.png"
"mapAndGeospatial","*map*","e2e/map-harness.spec.ts-snapshots/layer-finance-minerals-z5.png"
"mapAndGeospatial","*map*","e2e/map-harness.spec.ts-snapshots/layer-finance-natural-z5.png"
"mapAndGeospatial","*layer*","e2e/map-harness.spec.ts-snapshots/layer-finance-news-z5.png"
"mapAndGeospatial","*layer*","e2e/map-harness.spec.ts-snapshots/layer-finance-nuclear-z5.png"
"mapAndGeospatial","*map*","e2e/map-harness.spec.ts-snapshots/layer-finance-outages-z5.png"
"mapAndGeospatial","*map*","e2e/map-harness.spec.ts-snapshots/layer-finance-pipelines-z4.png"
"mapAndGeospatial","*layer*","e2e/map-harness.spec.ts-snapshots/layer-finance-ports-z5.png"
"mapAndGeospatial","*map*","e2e/map-harness.spec.ts-snapshots/layer-finance-protests-z5.png"
"mapAndGeospatial","*map*","e2e/map-harness.spec.ts-snapshots/layer-finance-spaceports-z5.png"
"mapAndGeospatial","*map*","e2e/map-harness.spec.ts-snapshots/layer-finance-stock-exchanges-z5.png"
"mapAndGeospatial","*layer*","e2e/map-harness.spec.ts-snapshots/layer-finance-waterways-z5.png"
"mapAndGeospatial","*layer*","e2e/map-harness.spec.ts-snapshots/layer-finance-weather-z5.png"
"mapAndGeospatial","*map*","e2e/map-harness.spec.ts-snapshots/layer-full-ais-z5.png"
"mapAndGeospatial","*layer*","e2e/map-harness.spec.ts-snapshots/layer-full-apt-groups-z5.png"
"mapAndGeospatial","*map*","e2e/map-harness.spec.ts-snapshots/layer-full-bases-z5.png"
"mapAndGeospatial","*layer*","e2e/map-harness.spec.ts-snapshots/layer-full-cables-z4.png"
"mapAndGeospatial","*map*","e2e/map-harness.spec.ts-snapshots/layer-full-conflicts-z4.png"
"mapAndGeospatial","*map*","e2e/map-harness.spec.ts-snapshots/layer-full-cyber-z5.png"
"mapAndGeospatial","*layer*","e2e/map-harness.spec.ts-snapshots/layer-full-datacenters-cluster-z3.png"
"mapAndGeospatial","*map*","e2e/map-harness.spec.ts-snapshots/layer-full-datacenters-icons-z6.png"
"mapAndGeospatial","*layer*","e2e/map-harness.spec.ts-snapshots/layer-full-economic-z5.png"
"mapAndGeospatial","*map*","e2e/map-harness.spec.ts-snapshots/layer-full-fires-z5.png"
"mapAndGeospatial","*map*","e2e/map-harness.spec.ts-snapshots/layer-full-flights-z5.png"
"mapAndGeospatial","*map*","e2e/map-harness.spec.ts-snapshots/layer-full-hotspots-z4.png"
"mapAndGeospatial","*layer*","e2e/map-harness.spec.ts-snapshots/layer-full-irradiators-z5.png"
"mapAndGeospatial","*map*","e2e/map-harness.spec.ts-snapshots/layer-full-military-z5.png"
"mapAndGeospatial","*map*","e2e/map-harness.spec.ts-snapshots/layer-full-minerals-z5.png"
"mapAndGeospatial","*layer*","e2e/map-harness.spec.ts-snapshots/layer-full-natural-z5.png"
"mapAndGeospatial","*map*","e2e/map-harness.spec.ts-snapshots/layer-full-news-z5.png"
"mapAndGeospatial","*map*","e2e/map-harness.spec.ts-snapshots/layer-full-nuclear-z5.png"
"mapAndGeospatial","*map*","e2e/map-harness.spec.ts-snapshots/layer-full-outages-z5.png"
"mapAndGeospatial","*map*","e2e/map-harness.spec.ts-snapshots/layer-full-pipelines-z4.png"
"mapAndGeospatial","*map*","e2e/map-harness.spec.ts-snapshots/layer-full-ports-z5.png"
"mapAndGeospatial","*layer*","e2e/map-harness.spec.ts-snapshots/layer-full-protests-z5.png"
"mapAndGeospatial","*layer*","e2e/map-harness.spec.ts-snapshots/layer-full-spaceports-z5.png"
"mapAndGeospatial","*map*","e2e/map-harness.spec.ts-snapshots/layer-full-waterways-z5.png"
"mapAndGeospatial","*map*","e2e/map-harness.spec.ts-snapshots/layer-full-weather-z5.png"
"mapAndGeospatial","*layer*","e2e/map-harness.spec.ts-snapshots/layer-tech-accelerators-z5.png"
"mapAndGeospatial","*map*","e2e/map-harness.spec.ts-snapshots/layer-tech-ais-z5.png"
"mapAndGeospatial","*layer*","e2e/map-harness.spec.ts-snapshots/layer-tech-bases-z5.png"
"mapAndGeospatial","*layer*","e2e/map-harness.spec.ts-snapshots/layer-tech-cables-z4.png"
"mapAndGeospatial","*map*","e2e/map-harness.spec.ts-snapshots/layer-tech-cloud-regions-z5.png"
"mapAndGeospatial","*map*","e2e/map-harness.spec.ts-snapshots/layer-tech-conflicts-z4.png"
"mapAndGeospatial","*map*","e2e/map-harness.spec.ts-snapshots/layer-tech-cyber-z5.png"
"mapAndGeospatial","*map*","e2e/map-harness.spec.ts-snapshots/layer-tech-datacenters-cluster-z3.png"
"mapAndGeospatial","*map*","e2e/map-harness.spec.ts-snapshots/layer-tech-datacenters-icons-z6.png"
"mapAndGeospatial","*layer*","e2e/map-harness.spec.ts-snapshots/layer-tech-economic-z5.png"
"mapAndGeospatial","*layer*","e2e/map-harness.spec.ts-snapshots/layer-tech-fires-z5.png"
"mapAndGeospatial","*layer*","e2e/map-harness.spec.ts-snapshots/layer-tech-flights-z5.png"
"mapAndGeospatial","*layer*","e2e/map-harness.spec.ts-snapshots/layer-tech-hotspots-z4.png"
"mapAndGeospatial","*map*","e2e/map-harness.spec.ts-snapshots/layer-tech-irradiators-z5.png"
"mapAndGeospatial","*map*","e2e/map-harness.spec.ts-snapshots/layer-tech-military-z5.png"
"mapAndGeospatial","*layer*","e2e/map-harness.spec.ts-snapshots/layer-tech-minerals-z5.png"
"mapAndGeospatial","*layer*","e2e/map-harness.spec.ts-snapshots/layer-tech-natural-z5.png"
"mapAndGeospatial","*map*","e2e/map-harness.spec.ts-snapshots/layer-tech-news-z5.png"
"mapAndGeospatial","*map*","e2e/map-harness.spec.ts-snapshots/layer-tech-nuclear-z5.png"
"mapAndGeospatial","*map*","e2e/map-harness.spec.ts-snapshots/layer-tech-outages-z5.png"
"mapAndGeospatial","*map*","e2e/map-harness.spec.ts-snapshots/layer-tech-pipelines-z4.png"
"mapAndGeospatial","*layer*","e2e/map-harness.spec.ts-snapshots/layer-tech-ports-z5.png"
"mapAndGeospatial","*layer*","e2e/map-harness.spec.ts-snapshots/layer-tech-protests-z5.png"
"mapAndGeospatial","*map*","e2e/map-harness.spec.ts-snapshots/layer-tech-spaceports-z5.png"
"mapAndGeospatial","*layer*","e2e/map-harness.spec.ts-snapshots/layer-tech-startup-hubs-z5.png"
"mapAndGeospatial","*layer*","e2e/map-harness.spec.ts-snapshots/layer-tech-tech-events-z5.png"
"mapAndGeospatial","*map*","e2e/map-harness.spec.ts-snapshots/layer-tech-tech-hqs-z5.png"
"mapAndGeospatial","*layer*","e2e/map-harness.spec.ts-snapshots/layer-tech-waterways-z5.png"
"mapAndGeospatial","*map*","e2e/map-harness.spec.ts-snapshots/layer-tech-weather-z5.png"
"mapAndGeospatial","*map*","e2e/mobile-map-native.spec.ts"
"mapAndGeospatial","*map*","e2e/mobile-map-popup.spec.ts"
"mapAndGeospatial","*geojson*","public/data/countries.geojson"
"mapAndGeospatial","*geojson*","public/data/country-boundary-overrides.geojson"
"mapAndGeospatial","*map*","public/mapbox-gl-rtl-text.min.js"
"mapAndGeospatial","*map*","public/map-styles/happy-dark.json"
"mapAndGeospatial","*map*","public/map-styles/happy-light.json"
"mapAndGeospatial","*map*","public/schemamap.xml"
"mapAndGeospatial","*map*","public/sitemap.xml"
"mapAndGeospatial","*geojson*","scripts/_gem-geojson-to-canonical.py"
"mapAndGeospatial","*map*","scripts/build-sitemap.mjs"
"mapAndGeospatial","*map*","scripts/generate-iso3-maps.cjs"
"mapAndGeospatial","*layer*","scripts/measure-composited-layers.mjs"
"mapAndGeospatial","*map*","scripts/seed-sec-cik-map.mjs"
"mapAndGeospatial","*map*","scripts/verify-sitemaps.mjs"
"mapAndGeospatial","*map*","server/error-mapper.ts"
"mapAndGeospatial","*map*","shared/hotspot-country-map.ts"
"mapAndGeospatial","*globe*","src/bootstrap/globe-marker-probe.ts"
"mapAndGeospatial","*map*","src/components/DeckGLMap.ts"
"mapAndGeospatial","*deck*","src/components/deckgl-tooltip-renderers.ts"
"mapAndGeospatial","*globe*","src/components/GlobeMap.ts"
"mapAndGeospatial","*map*","src/components/Map.ts"
"mapAndGeospatial","*map*","src/components/map/china-corridor-overlay.ts"
"mapAndGeospatial","*map*","src/components/map/conflict-zone-cull.ts"
"mapAndGeospatial","*map*","src/components/map/deferred-layer-commit.ts"
"mapAndGeospatial","*map*","src/components/map/input-delay-interactions.ts"
"mapAndGeospatial","*map*","src/components/map/render-timing.ts"
"mapAndGeospatial","*map*","src/components/MapContainer.ts"
"mapAndGeospatial","*map*","src/components/MapContextMenu.ts"
"mapAndGeospatial","*map*","src/components/map-interaction-guard.ts"
"mapAndGeospatial","*map*","src/components/MapPopup.ts"
"mapAndGeospatial","*map*","src/components/map-popup-source-links.ts"
"mapAndGeospatial","*layer*","src/components/premium-layer-gate.ts"
"mapAndGeospatial","*map*","src/components/StorageFacilityMapPanel.ts"
"mapAndGeospatial","*map*","src/config/basemap.ts"
"mapAndGeospatial","*map*","src/config/basemap-styles.ts"
"mapAndGeospatial","*map*","src/config/geo-map.ts"
"mapAndGeospatial","*map*","src/config/map-layer-definitions.ts"
"mapAndGeospatial","*map*","src/e2e/map-harness.ts"
"mapAndGeospatial","*map*","src/e2e/mobile-map-harness.ts"
"mapAndGeospatial","*map*","src/e2e/mobile-map-integration-harness.ts"
"mapAndGeospatial","*globe*","src/services/globe-render-settings.ts"
"mapAndGeospatial","*map*","src/services/health-freshness-map.ts"
"mapAndGeospatial","*map*","src/services/map-mode-preference.ts"
"mapAndGeospatial","*layer*","src/styles/base-layer.css"
"mapAndGeospatial","*map*","src/styles/map-context-menu.css"
"mapAndGeospatial","*globe*","src/types/globe-gl.d.ts"
"mapAndGeospatial","*globe*","src/utils/globe-marker-budget.ts"
"mapAndGeospatial","*layer*","src/utils/layer-explanation-card.ts"
"mapAndGeospatial","*layer*","src/utils/layer-warning.ts"
"mapAndGeospatial","*map*","src/utils/map-locale.ts"
"mapAndGeospatial","*map*","src-tauri/icons/android/mipmap-hdpi/ic_launcher.png"
"mapAndGeospatial","*map*","src-tauri/icons/android/mipmap-hdpi/ic_launcher_foreground.png"
"mapAndGeospatial","*map*","src-tauri/icons/android/mipmap-hdpi/ic_launcher_round.png"
"mapAndGeospatial","*map*","src-tauri/icons/android/mipmap-mdpi/ic_launcher.png"
"mapAndGeospatial","*map*","src-tauri/icons/android/mipmap-mdpi/ic_launcher_foreground.png"
"mapAndGeospatial","*map*","src-tauri/icons/android/mipmap-mdpi/ic_launcher_round.png"
"mapAndGeospatial","*map*","src-tauri/icons/android/mipmap-xhdpi/ic_launcher.png"
"mapAndGeospatial","*map*","src-tauri/icons/android/mipmap-xhdpi/ic_launcher_foreground.png"
"mapAndGeospatial","*map*","src-tauri/icons/android/mipmap-xhdpi/ic_launcher_round.png"
"mapAndGeospatial","*map*","src-tauri/icons/android/mipmap-xxhdpi/ic_launcher.png"
"mapAndGeospatial","*map*","src-tauri/icons/android/mipmap-xxhdpi/ic_launcher_foreground.png"
"mapAndGeospatial","*map*","src-tauri/icons/android/mipmap-xxhdpi/ic_launcher_round.png"
"mapAndGeospatial","*map*","src-tauri/icons/android/mipmap-xxxhdpi/ic_launcher.png"
"mapAndGeospatial","*map*","src-tauri/icons/android/mipmap-xxxhdpi/ic_launcher_foreground.png"
"mapAndGeospatial","*map*","src-tauri/icons/android/mipmap-xxxhdpi/ic_launcher_round.png"
"mapAndGeospatial","*map*","tests/china-corridor-map-overlay.test.mts"
"mapAndGeospatial","*map*","tests/chokepoint-id-mapping.test.mjs"
"mapAndGeospatial","*geojson*","tests/countries-geojson.test.mjs"
"mapAndGeospatial","*deck*","tests/deckgl-deferred-commit.test.mts"
"mapAndGeospatial","*deck*","tests/deckgl-interleaved-race-filter.test.mjs"
"mapAndGeospatial","*layer*","tests/deckgl-layer-state-aliasing.test.mjs"
"mapAndGeospatial","*deck*","tests/deckgl-render-timing.test.mts"
"mapAndGeospatial","*deck*","tests/deckgl-vessel-tooltip-provenance.test.mts"
"mapAndGeospatial","*layer*","tests/docs-stats-plan-layer-entitlement.test.mts"
"mapAndGeospatial","*globe*","tests/dom/globe-premium-layer-gate.test.mts"
"mapAndGeospatial","*globe*","tests/globe-2d-3d-parity.test.mjs"
"mapAndGeospatial","*map*","tests/globe-default-map-mode.test.mts"
"mapAndGeospatial","*globe*","tests/globe-marker-budget.test.mts"
"mapAndGeospatial","*globe*","tests/globe-marker-probe.test.mts"
"mapAndGeospatial","*globe*","tests/globe-tooltip-enrichment.test.mjs"
"mapAndGeospatial","*layer*","tests/layer-explanations.test.mts"
"mapAndGeospatial","*map*","tests/map-container-size-cache.test.mjs"
"mapAndGeospatial","*map*","tests/map-country-drag-click.test.mjs"
"mapAndGeospatial","*map*","tests/map-deferred-overlays.test.mts"
"mapAndGeospatial","*map*","tests/map-fullscreen-resize.test.mjs"
"mapAndGeospatial","*map*","tests/map-harness.html"
"mapAndGeospatial","*map*","tests/map-input-delay-interactions.test.mts"
"mapAndGeospatial","*layer*","tests/map-layer-executable.test.mts"
"mapAndGeospatial","*map*","tests/map-layer-initial-url-gate.test.mts"
"mapAndGeospatial","*map*","tests/map-locale.test.mts"
"mapAndGeospatial","*map*","tests/map-mobile-feature-caps.test.mjs"
"mapAndGeospatial","*map*","tests/map-mobile-topology.test.mts"
"mapAndGeospatial","*map*","tests/map-overlay-var-write-gate.test.mjs"
"mapAndGeospatial","*map*","tests/map-renderer-deferral.test.mjs"
"mapAndGeospatial","*layer*","tests/map-svg-layer-gate.test.mts"
"mapAndGeospatial","*layer*","tests/map-svg-zoom-layer-dom.test.mjs"
"mapAndGeospatial","*map*","tests/map-trade-animation-loop.test.mjs"
"mapAndGeospatial","*map*","tests/map-trade-trip-position.test.mjs"
"mapAndGeospatial","*layer*","tests/measure-composited-layers.test.mts"
"mapAndGeospatial","*map*","tests/mobile-map-harness.html"
"mapAndGeospatial","*map*","tests/mobile-map-integration-harness.html"
"mapAndGeospatial","*map*","tests/resilience-displacement-field-mapping.test.mts"
"mapAndGeospatial","*map*","tests/resilience-foodwater-field-mapping.test.mts"
"mapAndGeospatial","*layer*","tests/resilience-map-layer.test.mts"
"mapAndGeospatial","*layer*","tests/route-drawing-layers.test.mjs"
"mapAndGeospatial","*layer*","tests/search-cmdk-premium-layer-gate.test.mts"
"mapAndGeospatial","*deck*","tests/search-command-deck.test.mts"
"mapAndGeospatial","*map*","tests/sitemap-generation.test.mjs"
"mapAndGeospatial","*map*","tests/sitemap-verifier.test.mjs"
"mapAndGeospatial","*layer*","tests/variant-layer-guardrail.test.mjs"
"packageAndBuild","package.json","package.json"
"packageAndBuild","playwright.config.*","playwright.config.ts"
"packageAndBuild","tsconfig*.json","tsconfig.api.json"
"packageAndBuild","tsconfig*.json","tsconfig.dom-tests.json"
"packageAndBuild","tsconfig*.json","tsconfig.json"
"packageAndBuild","vite.config.*","vite.config.ts"
"packageAndBuild","vitest.config.*","vitest.config.mts"
"servicesAndWorkers","*worker*",".github/workflows/deploy-worker.yml"
"servicesAndWorkers","*cache*",".github/workflows/live-api-cache-auth.yml"
"servicesAndWorkers","*cache*","api/_cii-risk-cache-keys.d.ts"
"servicesAndWorkers","*cache*","api/_cii-risk-cache-keys.js"
"servicesAndWorkers","*relay*","api/_relay.js"
"servicesAndWorkers","*cache*","api/cache-purge.js"
"servicesAndWorkers","*cache*","api/invalidate-user-api-key-cache.ts"
"servicesAndWorkers","*cache*","api/mcp/registry/cache-tools.ts"
"servicesAndWorkers","*fetch*","api/skills/fetch-agentskills.ts"
"servicesAndWorkers","*relay*","convex/__tests__/followed-countries-relay.test.ts"
"servicesAndWorkers","*relay*","convex/__tests__/relay-json-object-guard.test.ts"
"servicesAndWorkers","*cache*","convex/payments/cacheActions.ts"
"servicesAndWorkers","*relay*","Dockerfile.relay"
"servicesAndWorkers","*service*","docs/api/AviationService.openapi.json"
"servicesAndWorkers","*service*","docs/api/AviationService.openapi.yaml"
"servicesAndWorkers","*service*","docs/api/BatchService.openapi.json"
"servicesAndWorkers","*service*","docs/api/BatchService.openapi.yaml"
"servicesAndWorkers","*service*","docs/api/ClimateService.openapi.json"
"servicesAndWorkers","*service*","docs/api/ClimateService.openapi.yaml"
"servicesAndWorkers","*service*","docs/api/ConflictService.openapi.json"
"servicesAndWorkers","*service*","docs/api/ConflictService.openapi.yaml"
"servicesAndWorkers","*service*","docs/api/ConsumerPricesService.openapi.json"
"servicesAndWorkers","*service*","docs/api/ConsumerPricesService.openapi.yaml"
"servicesAndWorkers","*service*","docs/api/CyberService.openapi.json"
"servicesAndWorkers","*service*","docs/api/CyberService.openapi.yaml"
"servicesAndWorkers","*service*","docs/api/DisplacementService.openapi.json"
"servicesAndWorkers","*service*","docs/api/DisplacementService.openapi.yaml"
"servicesAndWorkers","*service*","docs/api/EconomicService.openapi.json"
"servicesAndWorkers","*service*","docs/api/EconomicService.openapi.yaml"
"servicesAndWorkers","*service*","docs/api/ForecastService.openapi.json"
"servicesAndWorkers","*service*","docs/api/ForecastService.openapi.yaml"
"servicesAndWorkers","*service*","docs/api/GivingService.openapi.json"
"servicesAndWorkers","*service*","docs/api/GivingService.openapi.yaml"
"servicesAndWorkers","*service*","docs/api/HealthService.openapi.json"
"servicesAndWorkers","*service*","docs/api/HealthService.openapi.yaml"
"servicesAndWorkers","*service*","docs/api/ImageryService.openapi.json"
"servicesAndWorkers","*service*","docs/api/ImageryService.openapi.yaml"
"servicesAndWorkers","*service*","docs/api/InfrastructureService.openapi.json"
"servicesAndWorkers","*service*","docs/api/InfrastructureService.openapi.yaml"
"servicesAndWorkers","*service*","docs/api/IntelligenceService.openapi.json"
"servicesAndWorkers","*service*","docs/api/IntelligenceService.openapi.yaml"
"servicesAndWorkers","*service*","docs/api/LeadsService.openapi.json"
"servicesAndWorkers","*service*","docs/api/LeadsService.openapi.yaml"
"servicesAndWorkers","*service*","docs/api/MaritimeService.openapi.json"
"servicesAndWorkers","*service*","docs/api/MaritimeService.openapi.yaml"
"servicesAndWorkers","*service*","docs/api/MarketService.openapi.json"
"servicesAndWorkers","*service*","docs/api/MarketService.openapi.yaml"
"servicesAndWorkers","*service*","docs/api/MilitaryService.openapi.json"
"servicesAndWorkers","*service*","docs/api/MilitaryService.openapi.yaml"
"servicesAndWorkers","*service*","docs/api/NaturalService.openapi.json"
"servicesAndWorkers","*service*","docs/api/NaturalService.openapi.yaml"
"servicesAndWorkers","*service*","docs/api/NewsService.openapi.json"
"servicesAndWorkers","*service*","docs/api/NewsService.openapi.yaml"
"servicesAndWorkers","*service*","docs/api/PositiveEventsService.openapi.json"
"servicesAndWorkers","*service*","docs/api/PositiveEventsService.openapi.yaml"
"servicesAndWorkers","*service*","docs/api/PredictionService.openapi.json"
"servicesAndWorkers","*service*","docs/api/PredictionService.openapi.yaml"
"servicesAndWorkers","*service*","docs/api/RadiationService.openapi.json"
"servicesAndWorkers","*service*","docs/api/RadiationService.openapi.yaml"
"servicesAndWorkers","*service*","docs/api/ResearchService.openapi.json"
"servicesAndWorkers","*service*","docs/api/ResearchService.openapi.yaml"
"servicesAndWorkers","*service*","docs/api/ResilienceService.openapi.json"
"servicesAndWorkers","*service*","docs/api/ResilienceService.openapi.yaml"
"servicesAndWorkers","*service*","docs/api/SanctionsService.openapi.json"
"servicesAndWorkers","*service*","docs/api/SanctionsService.openapi.yaml"
"servicesAndWorkers","*service*","docs/api/ScenarioService.openapi.json"
"servicesAndWorkers","*service*","docs/api/ScenarioService.openapi.yaml"
"servicesAndWorkers","*service*","docs/api/SeismologyService.openapi.json"
"servicesAndWorkers","*service*","docs/api/SeismologyService.openapi.yaml"
"servicesAndWorkers","*service*","docs/api/ShippingV2Service.openapi.json"
"servicesAndWorkers","*service*","docs/api/ShippingV2Service.openapi.yaml"
"servicesAndWorkers","*service*","docs/api/SupplyChainService.openapi.json"
"servicesAndWorkers","*service*","docs/api/SupplyChainService.openapi.yaml"
"servicesAndWorkers","*service*","docs/api/ThermalService.openapi.json"
"servicesAndWorkers","*service*","docs/api/ThermalService.openapi.yaml"
"servicesAndWorkers","*service*","docs/api/TradeService.openapi.json"
"servicesAndWorkers","*service*","docs/api/TradeService.openapi.yaml"
"servicesAndWorkers","*service*","docs/api/UnrestService.openapi.json"
"servicesAndWorkers","*service*","docs/api/UnrestService.openapi.yaml"
"servicesAndWorkers","*service*","docs/api/WebcamService.openapi.json"
"servicesAndWorkers","*service*","docs/api/WebcamService.openapi.yaml"
"servicesAndWorkers","*service*","docs/api/WildfireService.openapi.json"
"servicesAndWorkers","*service*","docs/api/WildfireService.openapi.yaml"
"servicesAndWorkers","*cache*","docs/archive/todos/041-pending-p1-deduct-situation-framework-excluded-from-cache-key.md"
"servicesAndWorkers","*fetch*","docs/archive/todos/043-pending-p1-ssrf-bypass-fetch-agentskills.md"
"servicesAndWorkers","*cache*","docs/archive/todos/045-pending-p1-summarize-article-systemappend-excluded-from-cache-key.md"
"servicesAndWorkers","*fetch*","docs/archive/todos/054-pending-p3-fetch-agentskills-dead-rate-limit-stub.md"
"servicesAndWorkers","*cache*","docs/archive/todos/064-pending-p2-activeCache-nonnull-assertion-nullable-map.md"
"servicesAndWorkers","*cache*","docs/archive/todos/068-pending-p2-inconsistent-hash-algorithm-framework-cache-key.md"
"servicesAndWorkers","*fetch*","docs/archive/todos/164-pending-p3-fetch-sector-dependency-no-circuit-breaker.md"
"servicesAndWorkers","*fetch*","docs/archive/todos/179-pending-p2-getforecasts-handler-no-cachedfetchjson.md"
"servicesAndWorkers","*fetch*","docs/archive/todos/189-pending-p2-refetchforregion-silent-error-swallowing.md"
"servicesAndWorkers","*service*","docs/openapi/CommerceService.openapi.yaml"
"servicesAndWorkers","*relay*","docs/relay-parameters.mdx"
"servicesAndWorkers","*cache*","docs/solutions/design-patterns/hedge-cache-read-against-origin-not-hard-timeout.md"
"servicesAndWorkers","*cache*","docs/solutions/logic-errors/degraded-200-digest-poisoned-the-last-good-cache.md"
"servicesAndWorkers","*fetch*","docs/solutions/logic-errors/keyword-spike-baseline-window-outran-the-capped-fetch.md"
"servicesAndWorkers","*cache*","docs/solutions/logic-errors/pre-push-green-tree-cache-attested-a-tree-the-gates-never-ran.md"
"servicesAndWorkers","*relay*","docs/solutions/runtime-errors/ais-relay-self-request-configured-vs-bound-port.md"
"servicesAndWorkers","*cache*","docs/solutions/workflow-issues/purging-the-live-product-catalog-three-layer-cache.md"
"servicesAndWorkers","*relay*","docs/zh/relay-parameters.mdx"
"servicesAndWorkers","*service*","e2e/blocked-storage-services.spec.ts"
"servicesAndWorkers","*fetch*","e2e/runtime-fetch.spec.ts"
"servicesAndWorkers","*service*","pro-test/src/services/checkout.ts"
"servicesAndWorkers","*service*","pro-test/src/services/checkout-intent-url.ts"
"servicesAndWorkers","*service*","pro-test/src/services/checkout-rate-limit.ts"
"servicesAndWorkers","*service*","pro-test/src/services/checkout-transport.ts"
"servicesAndWorkers","*service*","pro-test/src/services/clerk.ts"
"servicesAndWorkers","*service*","pro-test/src/services/clerk-session.ts"
"servicesAndWorkers","*service*","pro-test/src/services/clerk-user-state.ts"
"servicesAndWorkers","*service*","pro-test/src/services/entitlement-watchdog.ts"
"servicesAndWorkers","*service*","pro-test/src/services/teasers.ts"
"servicesAndWorkers","*service*","pro-test/src/services/welcome-redirect.ts"
"servicesAndWorkers","*service*","proto/worldmonitor/aviation/v1/service.proto"
"servicesAndWorkers","*service*","proto/worldmonitor/batch/v1/service.proto"
"servicesAndWorkers","*service*","proto/worldmonitor/climate/v1/service.proto"
"servicesAndWorkers","*service*","proto/worldmonitor/conflict/v1/service.proto"
"servicesAndWorkers","*service*","proto/worldmonitor/consumer_prices/v1/service.proto"
"servicesAndWorkers","*service*","proto/worldmonitor/cyber/v1/service.proto"
"servicesAndWorkers","*service*","proto/worldmonitor/displacement/v1/service.proto"
"servicesAndWorkers","*service*","proto/worldmonitor/economic/v1/service.proto"
"servicesAndWorkers","*service*","proto/worldmonitor/forecast/v1/service.proto"
"servicesAndWorkers","*service*","proto/worldmonitor/giving/v1/service.proto"
"servicesAndWorkers","*service*","proto/worldmonitor/health/v1/service.proto"
"servicesAndWorkers","*service*","proto/worldmonitor/imagery/v1/service.proto"
"servicesAndWorkers","*service*","proto/worldmonitor/infrastructure/v1/list_service_statuses.proto"
"servicesAndWorkers","*service*","proto/worldmonitor/infrastructure/v1/service.proto"
"servicesAndWorkers","*service*","proto/worldmonitor/intelligence/v1/service.proto"
"servicesAndWorkers","*service*","proto/worldmonitor/leads/v1/service.proto"
"servicesAndWorkers","*service*","proto/worldmonitor/maritime/v1/service.proto"
"servicesAndWorkers","*service*","proto/worldmonitor/market/v1/service.proto"
"servicesAndWorkers","*service*","proto/worldmonitor/military/v1/service.proto"
"servicesAndWorkers","*service*","proto/worldmonitor/natural/v1/service.proto"
"servicesAndWorkers","*cache*","proto/worldmonitor/news/v1/get_summarize_article_cache.proto"
"servicesAndWorkers","*service*","proto/worldmonitor/news/v1/service.proto"
"servicesAndWorkers","*service*","proto/worldmonitor/positive_events/v1/service.proto"
"servicesAndWorkers","*service*","proto/worldmonitor/prediction/v1/service.proto"
"servicesAndWorkers","*service*","proto/worldmonitor/radiation/v1/service.proto"
"servicesAndWorkers","*service*","proto/worldmonitor/research/v1/service.proto"
"servicesAndWorkers","*service*","proto/worldmonitor/resilience/v1/service.proto"
"servicesAndWorkers","*service*","proto/worldmonitor/sanctions/v1/service.proto"
"servicesAndWorkers","*service*","proto/worldmonitor/scenario/v1/service.proto"
"servicesAndWorkers","*service*","proto/worldmonitor/seismology/v1/service.proto"
"servicesAndWorkers","*service*","proto/worldmonitor/shipping/v2/service.proto"
"servicesAndWorkers","*service*","proto/worldmonitor/supply_chain/v1/service.proto"
"servicesAndWorkers","*service*","proto/worldmonitor/thermal/v1/service.proto"
"servicesAndWorkers","*service*","proto/worldmonitor/trade/v1/service.proto"
"servicesAndWorkers","*service*","proto/worldmonitor/unrest/v1/service.proto"
"servicesAndWorkers","*service*","proto/worldmonitor/webcam/v1/service.proto"
"servicesAndWorkers","*service*","proto/worldmonitor/wildfire/v1/service.proto"
"servicesAndWorkers","*fetch*","public/.well-known/agent-skills/fetch-country-brief/SKILL.md"
"servicesAndWorkers","*fetch*","public/.well-known/agent-skills/fetch-news-digest/SKILL.md"
"servicesAndWorkers","*fetch*","public/.well-known/agent-skills/fetch-resilience-score/SKILL.md"
"servicesAndWorkers","*cache*","scripts/_cii-risk-cache-keys.mjs"
"servicesAndWorkers","*fetch*","scripts/_gdelt-fetch.mjs"
"servicesAndWorkers","*ingest*","scripts/_ingestion-coverage.cjs"
"servicesAndWorkers","*fetch*","scripts/_yahoo-fetch.mjs"
"servicesAndWorkers","*relay*","scripts/ais-relay.cjs"
"servicesAndWorkers","*relay*","scripts/ais-relay-entity-decode.test.cjs"
"servicesAndWorkers","*ingest*","scripts/ais-relay-ingestion.test.cjs"
"servicesAndWorkers","*relay*","scripts/ais-relay-rss.test.cjs"
"servicesAndWorkers","*relay*","scripts/ais-relay-test-preload.cjs"
"servicesAndWorkers","*fetch*","scripts/enforce-premium-fetch.mjs"
"servicesAndWorkers","*fetch*","scripts/fetch-country-boundary-overrides.mjs"
"servicesAndWorkers","*fetch*","scripts/fetch-gpsjam.mjs"
"servicesAndWorkers","*fetch*","scripts/fetch-mirta-bases.mjs"
"servicesAndWorkers","*fetch*","scripts/fetch-osm-bases.mjs"
"servicesAndWorkers","*fetch*","scripts/fetch-pizzint-bases.mjs"
"servicesAndWorkers","*fetch*","scripts/lib/followed-countries-fetch.cjs"
"servicesAndWorkers","*relay*","scripts/notification-relay.cjs"
"servicesAndWorkers","*cache*","scripts/purge-tech-events-cache.mjs"
"servicesAndWorkers","*service*","scripts/railway-services.json"
"servicesAndWorkers","*worker*","scripts/scenario-worker.mjs"
"servicesAndWorkers","*relay*","scripts/seed-bundle-relay-backup.mjs"
"servicesAndWorkers","*service*","scripts/seed-service-statuses.mjs"
"servicesAndWorkers","*cache*","server/__tests__/summarize-article-cache-readonly.test.ts"
"servicesAndWorkers","*cache*","server/__tests__/user-api-key-negative-cache.test.ts"
"servicesAndWorkers","*cache*","server/_shared/cache-contract.ts"
"servicesAndWorkers","*cache*","server/_shared/cache-keys.ts"
"servicesAndWorkers","*fetch*","server/_shared/fetch-json.ts"
"servicesAndWorkers","*relay*","server/_shared/relay.ts"
"servicesAndWorkers","*cache*","server/_shared/sidecar-cache.ts"
"servicesAndWorkers","*cache*","server/worldmonitor/_bootstrap-cache-key-refs.ts"
"servicesAndWorkers","*fetch*","server/worldmonitor/economic/v1/_fetch-with-timeout.ts"
"servicesAndWorkers","*service*","server/worldmonitor/infrastructure/v1/list-service-statuses.ts"
"servicesAndWorkers","*relay*","server/worldmonitor/intelligence/v1/_relay.ts"
"servicesAndWorkers","*cache*","server/worldmonitor/news/v1/get-summarize-article-cache.ts"
"servicesAndWorkers","*service*","src/app/lazy-services.ts"
"servicesAndWorkers","*service*","src/components/ServiceStatusPanel.ts"
"servicesAndWorkers","*service*","src/generated/client/worldmonitor/aviation/v1/service_client.ts"
"servicesAndWorkers","*service*","src/generated/client/worldmonitor/batch/v1/service_client.ts"
"servicesAndWorkers","*service*","src/generated/client/worldmonitor/climate/v1/service_client.ts"
"servicesAndWorkers","*service*","src/generated/client/worldmonitor/conflict/v1/service_client.ts"
"servicesAndWorkers","*service*","src/generated/client/worldmonitor/consumer_prices/v1/service_client.ts"
"servicesAndWorkers","*service*","src/generated/client/worldmonitor/cyber/v1/service_client.ts"
"servicesAndWorkers","*service*","src/generated/client/worldmonitor/displacement/v1/service_client.ts"
"servicesAndWorkers","*service*","src/generated/client/worldmonitor/economic/v1/service_client.ts"
"servicesAndWorkers","*service*","src/generated/client/worldmonitor/forecast/v1/service_client.ts"
"servicesAndWorkers","*service*","src/generated/client/worldmonitor/giving/v1/service_client.ts"
"servicesAndWorkers","*service*","src/generated/client/worldmonitor/health/v1/service_client.ts"
"servicesAndWorkers","*service*","src/generated/client/worldmonitor/imagery/v1/service_client.ts"
"servicesAndWorkers","*service*","src/generated/client/worldmonitor/infrastructure/v1/service_client.ts"
"servicesAndWorkers","*service*","src/generated/client/worldmonitor/intelligence/v1/service_client.ts"
"servicesAndWorkers","*service*","src/generated/client/worldmonitor/leads/v1/service_client.ts"
"servicesAndWorkers","*service*","src/generated/client/worldmonitor/maritime/v1/service_client.ts"
"servicesAndWorkers","*service*","src/generated/client/worldmonitor/market/v1/service_client.ts"
"servicesAndWorkers","*service*","src/generated/client/worldmonitor/military/v1/service_client.ts"
"servicesAndWorkers","*service*","src/generated/client/worldmonitor/natural/v1/service_client.ts"
"servicesAndWorkers","*service*","src/generated/client/worldmonitor/news/v1/service_client.ts"
"servicesAndWorkers","*service*","src/generated/client/worldmonitor/positive_events/v1/service_client.ts"
"servicesAndWorkers","*service*","src/generated/client/worldmonitor/prediction/v1/service_client.ts"
"servicesAndWorkers","*service*","src/generated/client/worldmonitor/radiation/v1/service_client.ts"
"servicesAndWorkers","*service*","src/generated/client/worldmonitor/research/v1/service_client.ts"
"servicesAndWorkers","*service*","src/generated/client/worldmonitor/resilience/v1/service_client.ts"
"servicesAndWorkers","*service*","src/generated/client/worldmonitor/sanctions/v1/service_client.ts"
"servicesAndWorkers","*service*","src/generated/client/worldmonitor/scenario/v1/service_client.ts"
"servicesAndWorkers","*service*","src/generated/client/worldmonitor/seismology/v1/service_client.ts"
"servicesAndWorkers","*service*","src/generated/client/worldmonitor/shipping/v2/service_client.ts"
"servicesAndWorkers","*service*","src/generated/client/worldmonitor/supply_chain/v1/service_client.ts"
"servicesAndWorkers","*service*","src/generated/client/worldmonitor/thermal/v1/service_client.ts"
"servicesAndWorkers","*service*","src/generated/client/worldmonitor/trade/v1/service_client.ts"
"servicesAndWorkers","*service*","src/generated/client/worldmonitor/unrest/v1/service_client.ts"
"servicesAndWorkers","*service*","src/generated/client/worldmonitor/webcam/v1/service_client.ts"
"servicesAndWorkers","*service*","src/generated/client/worldmonitor/wildfire/v1/service_client.ts"
"servicesAndWorkers","*service*","src/generated/server/worldmonitor/aviation/v1/service_server.ts"
"servicesAndWorkers","*service*","src/generated/server/worldmonitor/batch/v1/service_server.ts"
"servicesAndWorkers","*service*","src/generated/server/worldmonitor/climate/v1/service_server.ts"
"servicesAndWorkers","*service*","src/generated/server/worldmonitor/conflict/v1/service_server.ts"
"servicesAndWorkers","*service*","src/generated/server/worldmonitor/consumer_prices/v1/service_server.ts"
"servicesAndWorkers","*service*","src/generated/server/worldmonitor/cyber/v1/service_server.ts"
"servicesAndWorkers","*service*","src/generated/server/worldmonitor/displacement/v1/service_server.ts"
"servicesAndWorkers","*service*","src/generated/server/worldmonitor/economic/v1/service_server.ts"
"servicesAndWorkers","*service*","src/generated/server/worldmonitor/forecast/v1/service_server.ts"
"servicesAndWorkers","*service*","src/generated/server/worldmonitor/giving/v1/service_server.ts"
"servicesAndWorkers","*service*","src/generated/server/worldmonitor/health/v1/service_server.ts"
"servicesAndWorkers","*service*","src/generated/server/worldmonitor/imagery/v1/service_server.ts"
"servicesAndWorkers","*service*","src/generated/server/worldmonitor/infrastructure/v1/service_server.ts"
"servicesAndWorkers","*service*","src/generated/server/worldmonitor/intelligence/v1/service_server.ts"
"servicesAndWorkers","*service*","src/generated/server/worldmonitor/leads/v1/service_server.ts"
"servicesAndWorkers","*service*","src/generated/server/worldmonitor/maritime/v1/service_server.ts"
"servicesAndWorkers","*service*","src/generated/server/worldmonitor/market/v1/service_server.ts"
"servicesAndWorkers","*service*","src/generated/server/worldmonitor/military/v1/service_server.ts"
"servicesAndWorkers","*service*","src/generated/server/worldmonitor/natural/v1/service_server.ts"
"servicesAndWorkers","*service*","src/generated/server/worldmonitor/news/v1/service_server.ts"
"servicesAndWorkers","*service*","src/generated/server/worldmonitor/positive_events/v1/service_server.ts"
"servicesAndWorkers","*service*","src/generated/server/worldmonitor/prediction/v1/service_server.ts"
"servicesAndWorkers","*service*","src/generated/server/worldmonitor/radiation/v1/service_server.ts"
"servicesAndWorkers","*service*","src/generated/server/worldmonitor/research/v1/service_server.ts"
"servicesAndWorkers","*service*","src/generated/server/worldmonitor/resilience/v1/service_server.ts"
"servicesAndWorkers","*service*","src/generated/server/worldmonitor/sanctions/v1/service_server.ts"
"servicesAndWorkers","*service*","src/generated/server/worldmonitor/scenario/v1/service_server.ts"
"servicesAndWorkers","*service*","src/generated/server/worldmonitor/seismology/v1/service_server.ts"
"servicesAndWorkers","*service*","src/generated/server/worldmonitor/shipping/v2/service_server.ts"
"servicesAndWorkers","*service*","src/generated/server/worldmonitor/supply_chain/v1/service_server.ts"
"servicesAndWorkers","*service*","src/generated/server/worldmonitor/thermal/v1/service_server.ts"
"servicesAndWorkers","*service*","src/generated/server/worldmonitor/trade/v1/service_server.ts"
"servicesAndWorkers","*service*","src/generated/server/worldmonitor/unrest/v1/service_server.ts"
"servicesAndWorkers","*service*","src/generated/server/worldmonitor/webcam/v1/service_server.ts"
"servicesAndWorkers","*service*","src/generated/server/worldmonitor/wildfire/v1/service_server.ts"
"servicesAndWorkers","*service*","src/services/_billing-error.ts"
"servicesAndWorkers","*service*","src/services/account-operation.ts"
"servicesAndWorkers","*service*","src/services/activity-tracker.ts"
"servicesAndWorkers","*service*","src/services/ai-classify-queue.ts"
"servicesAndWorkers","*service*","src/services/ai-flow-settings.ts"
"servicesAndWorkers","*service*","src/services/analysis-core.ts"
"servicesAndWorkers","*service*","src/services/analysis-framework-store.ts"
"servicesAndWorkers","*service*","src/services/analysis-worker.ts"
"servicesAndWorkers","*service*","src/services/analyst-denial.ts"
"servicesAndWorkers","*service*","src/services/analytics.ts"
"servicesAndWorkers","*service*","src/services/analytics-collector-transport.ts"
"servicesAndWorkers","*service*","src/services/anonymous-identity-storage.ts"
"servicesAndWorkers","*service*","src/services/api-keys.ts"
"servicesAndWorkers","*service*","src/services/api-plan-limit-notices.ts"
"servicesAndWorkers","*service*","src/services/auth-state.ts"
"servicesAndWorkers","*service*","src/services/aviation/index.ts"
"servicesAndWorkers","*service*","src/services/aviation/watchlist.ts"
"servicesAndWorkers","*service*","src/services/billing.ts"
"servicesAndWorkers","*service*","src/services/billing-state.ts"
"servicesAndWorkers","*service*","src/services/bootstrap.ts"
"servicesAndWorkers","*service*","src/services/breaking-news-alerts.ts"
"servicesAndWorkers","*service*","src/services/browser-key-session.ts"
"servicesAndWorkers","*service*","src/services/cable-activity.ts"
"servicesAndWorkers","*service*","src/services/cable-health.ts"
"servicesAndWorkers","*service*","src/services/cached-risk-scores.ts"
"servicesAndWorkers","*service*","src/services/cached-theater-posture.ts"
"servicesAndWorkers","*service*","src/services/celebration.ts"
"servicesAndWorkers","*service*","src/services/checkout.ts"
"servicesAndWorkers","*service*","src/services/checkout-attempt.ts"
"servicesAndWorkers","*service*","src/services/checkout-banner-state.ts"
"servicesAndWorkers","*service*","src/services/checkout-dialog-factory.ts"
"servicesAndWorkers","*service*","src/services/checkout-duplicate-dialog.ts"
"servicesAndWorkers","*service*","src/services/checkout-errors.ts"
"servicesAndWorkers","*service*","src/services/checkout-error-toast.ts"
"servicesAndWorkers","*service*","src/services/checkout-no-user-policy.ts"
"servicesAndWorkers","*service*","src/services/checkout-pending-dialog.ts"
"servicesAndWorkers","*service*","src/services/checkout-plan-names.ts"
"servicesAndWorkers","*service*","src/services/checkout-return.ts"
"servicesAndWorkers","*service*","src/services/checkout-return-url.ts"
"servicesAndWorkers","*service*","src/services/checkout-sentry-policy.ts"
"servicesAndWorkers","*service*","src/services/checkout-transport.ts"
"servicesAndWorkers","*service*","src/services/china-activity-nowcast.ts"
"servicesAndWorkers","*service*","src/services/china-decision-signals.ts"
"servicesAndWorkers","*service*","src/services/china-policy-events.ts"
"servicesAndWorkers","*service*","src/services/classify-gate.ts"
"servicesAndWorkers","*service*","src/services/clerk.ts"
"servicesAndWorkers","*service*","src/services/climate/index.ts"
"servicesAndWorkers","*service*","src/services/climate/ocean-ice.ts"
"servicesAndWorkers","*service*","src/services/climate-air-quality.ts"
"servicesAndWorkers","*service*","src/services/clustering.ts"
"servicesAndWorkers","*service*","src/services/conflict/index.ts"
"servicesAndWorkers","*service*","src/services/conflict/ucdp-classify.ts"
"servicesAndWorkers","*service*","src/services/conflict/ucdp-dedupe.ts"
"servicesAndWorkers","*service*","src/services/conservation-data.ts"
"servicesAndWorkers","*service*","src/services/consumer-prices/index.ts"
"servicesAndWorkers","*service*","src/services/convex-client.ts"
"servicesAndWorkers","*service*","src/services/correlation.ts"
"servicesAndWorkers","*service*","src/services/correlation-engine/adapters/disaster.ts"
"servicesAndWorkers","*service*","src/services/correlation-engine/adapters/economic.ts"
"servicesAndWorkers","*service*","src/services/correlation-engine/adapters/escalation.ts"
"servicesAndWorkers","*service*","src/services/correlation-engine/adapters/military.ts"
"servicesAndWorkers","*service*","src/services/correlation-engine/engine.test.ts"
"servicesAndWorkers","*service*","src/services/correlation-engine/engine.ts"
"servicesAndWorkers","*service*","src/services/correlation-engine/index.ts"
"servicesAndWorkers","*service*","src/services/correlation-engine/types.ts"
"servicesAndWorkers","*service*","src/services/correlation-runtime-mode.ts"
"servicesAndWorkers","*service*","src/services/country-geometry.ts"
"servicesAndWorkers","*service*","src/services/country-instability.ts"
"servicesAndWorkers","*service*","src/services/cross-module-integration.ts"
"servicesAndWorkers","*service*","src/services/cross-source-signals.ts"
"servicesAndWorkers","*service*","src/services/cyber/index.ts"
"servicesAndWorkers","*service*","src/services/daily-market-brief.ts"
"servicesAndWorkers","*service*","src/services/data-freshness.ts"
"servicesAndWorkers","*service*","src/services/desktop-readiness.ts"
"servicesAndWorkers","*service*","src/services/disease-outbreaks.ts"
"servicesAndWorkers","*service*","src/services/displacement/index.ts"
"servicesAndWorkers","*service*","src/services/earthquakes.ts"
"servicesAndWorkers","*service*","src/services/economic/china-activity-nowcast.ts"
"servicesAndWorkers","*service*","src/services/economic/index.ts"
"servicesAndWorkers","*service*","src/services/entitlement-desync-telemetry.ts"
"servicesAndWorkers","*service*","src/services/entitlement-reload-controller.ts"
"servicesAndWorkers","*service*","src/services/entitlements.ts"
"servicesAndWorkers","*service*","src/services/entitlement-watchdog.ts"
"servicesAndWorkers","*service*","src/services/entity-extraction.ts"
"servicesAndWorkers","*service*","src/services/entity-index.ts"
"servicesAndWorkers","*service*","src/services/eonet.ts"
"servicesAndWorkers","*service*","src/services/feed-date.ts"
"servicesAndWorkers","*service*","src/services/feed-language.ts"
"servicesAndWorkers","*service*","src/services/focal-point-detector.ts"
"servicesAndWorkers","*service*","src/services/followed-countries.ts"
"servicesAndWorkers","*service*","src/services/font-settings.ts"
"servicesAndWorkers","*service*","src/services/forecast.ts"
"servicesAndWorkers","*service*","src/services/gates/export.ts"
"servicesAndWorkers","*service*","src/services/gates/export-resolver.ts"
"servicesAndWorkers","*service*","src/services/gates/playback.ts"
"servicesAndWorkers","*service*","src/services/gates/playback-resolver.ts"
"servicesAndWorkers","*service*","src/services/gdelt-intel.ts"
"servicesAndWorkers","*service*","src/services/generated-rpc-clients.ts"
"servicesAndWorkers","*service*","src/services/geo-activity.ts"
"servicesAndWorkers","*service*","src/services/geo-convergence.ts"
"servicesAndWorkers","*service*","src/services/geo-hub-index.ts"
"servicesAndWorkers","*service*","src/services/giving/index.ts"
"servicesAndWorkers","*service*","src/services/giving/model.ts"
"servicesAndWorkers","*service*","src/services/global-tenders.ts"
"servicesAndWorkers","*service*","src/services/globe-render-settings.ts"
"servicesAndWorkers","*service*","src/services/gps-interference.ts"
"servicesAndWorkers","*service*","src/services/happiness-data.ts"
"servicesAndWorkers","*service*","src/services/happy-share-renderer.ts"
"servicesAndWorkers","*service*","src/services/health-air-quality.ts"
"servicesAndWorkers","*service*","src/services/health-freshness.ts"
"servicesAndWorkers","*service*","src/services/health-freshness-map.ts"
"servicesAndWorkers","*service*","src/services/hormuz-tracker.ts"
"servicesAndWorkers","*service*","src/services/hosted-checkout-url.ts"
"servicesAndWorkers","*service*","src/services/hotspot-escalation.ts"
"servicesAndWorkers","*service*","src/services/hub-activity-scoring.ts"
"servicesAndWorkers","*service*","src/services/humanity-counters.ts"
"servicesAndWorkers","*service*","src/services/i18n.ts"
"servicesAndWorkers","*service*","src/services/imagery.ts"
"servicesAndWorkers","*service*","src/services/imf-country-data.ts"
"servicesAndWorkers","*service*","src/services/index.ts"
"servicesAndWorkers","*service*","src/services/infrastructure/index.ts"
"servicesAndWorkers","*service*","src/services/infrastructure-cascade.ts"
"servicesAndWorkers","*service*","src/services/insider-transactions.ts"
"servicesAndWorkers","*service*","src/services/insights-loader.ts"
"servicesAndWorkers","*service*","src/services/intelligence/index.ts"
"servicesAndWorkers","*service*","src/services/investments-focus.ts"
"servicesAndWorkers","*service*","src/services/kindness-data.ts"
"servicesAndWorkers","*service*","src/services/live-media-controller.ts"
"servicesAndWorkers","*service*","src/services/live-news.ts"
"servicesAndWorkers","*service*","src/services/live-stream-settings.ts"
"servicesAndWorkers","*service*","src/services/live-tankers.ts"
"servicesAndWorkers","*service*","src/services/map-mode-preference.ts"
"servicesAndWorkers","*service*","src/services/maritime/index.ts"
"servicesAndWorkers","*service*","src/services/market/index.ts"
"servicesAndWorkers","*service*","src/services/market-implications.ts"
"servicesAndWorkers","*service*","src/services/market-watchlist.ts"
"servicesAndWorkers","*service*","src/services/mcp-clients.ts"
"servicesAndWorkers","*service*","src/services/mcp-grant-denial.ts"
"servicesAndWorkers","*service*","src/services/mcp-store.ts"
"servicesAndWorkers","*service*","src/services/meta-tags.ts"
"servicesAndWorkers","*service*","src/services/military/index.ts"
"servicesAndWorkers","*service*","src/services/military-base-config.ts"
"servicesAndWorkers","*service*","src/services/military-bases.ts"
"servicesAndWorkers","*service*","src/services/military-flights.ts"
"servicesAndWorkers","*service*","src/services/military-surge.ts"
"servicesAndWorkers","*service*","src/services/military-vessels.ts"
"servicesAndWorkers","*service*","src/services/military-vessels-lazy.ts"
"servicesAndWorkers","*service*","src/services/mission-presets.ts"
"servicesAndWorkers","*service*","src/services/ml-capabilities.ts"
"servicesAndWorkers","*worker*","src/services/ml-worker.ts"
"servicesAndWorkers","*service*","src/services/news/index.ts"
"servicesAndWorkers","*service*","src/services/notification-channels.ts"
"servicesAndWorkers","*service*","src/services/notifications-settings.ts"
"servicesAndWorkers","*service*","src/services/ollama-models.ts"
"servicesAndWorkers","*service*","src/services/oref-alerts.ts"
"servicesAndWorkers","*service*","src/services/oref-locations.ts"
"servicesAndWorkers","*service*","src/services/panel-freshness-display.ts"
"servicesAndWorkers","*service*","src/services/panel-gating.ts"
"servicesAndWorkers","*service*","src/services/parallel-analysis.ts"
"servicesAndWorkers","*service*","src/services/persistent-cache.ts"
"servicesAndWorkers","*service*","src/services/pizzint.ts"
"servicesAndWorkers","*service*","src/services/population-exposure.ts"
"servicesAndWorkers","*service*","src/services/positive-classifier.ts"
"servicesAndWorkers","*service*","src/services/positive-events-geo.ts"
"servicesAndWorkers","*service*","src/services/prediction/index.ts"
"servicesAndWorkers","*service*","src/services/preferences-content.ts"
"servicesAndWorkers","*service*","src/services/premium-denial.ts"
"servicesAndWorkers","*fetch*","src/services/premium-fetch.ts"
"servicesAndWorkers","*service*","src/services/premium-intent.ts"
"servicesAndWorkers","*service*","src/services/pro-activation-state.ts"
"servicesAndWorkers","*service*","src/services/pro-banner-policy.ts"
"servicesAndWorkers","*service*","src/services/progress-data.ts"
"servicesAndWorkers","*fetch*","src/services/public-rpc-fetch.ts"
"servicesAndWorkers","*service*","src/services/push-notifications.ts"
"servicesAndWorkers","*service*","src/services/radiation.ts"
"servicesAndWorkers","*service*","src/services/referral.ts"
"servicesAndWorkers","*service*","src/services/referral-capture.ts"
"servicesAndWorkers","*service*","src/services/regional-feed-rollout.ts"
"servicesAndWorkers","*service*","src/services/related-assets.ts"
"servicesAndWorkers","*service*","src/services/renewable-energy-data.ts"
"servicesAndWorkers","*service*","src/services/renewable-installations.ts"
"servicesAndWorkers","*service*","src/services/research/index.ts"
"servicesAndWorkers","*service*","src/services/resilience.ts"
"servicesAndWorkers","*service*","src/services/rpc-client.ts"
"servicesAndWorkers","*service*","src/services/rss.ts"
"servicesAndWorkers","*service*","src/services/runtime.ts"
"servicesAndWorkers","*service*","src/services/runtime-config.ts"
"servicesAndWorkers","*service*","src/services/sanctions-pressure.ts"
"servicesAndWorkers","*service*","src/services/satellites.ts"
"servicesAndWorkers","*service*","src/services/scenario/index.ts"
"servicesAndWorkers","*service*","src/services/security-advisories.ts"
"servicesAndWorkers","*service*","src/services/sentiment-gate.ts"
"servicesAndWorkers","*service*","src/services/settings-constants.ts"
"servicesAndWorkers","*service*","src/services/settings-manager.ts"
"servicesAndWorkers","*service*","src/services/signal-aggregator.ts"
"servicesAndWorkers","*service*","src/services/smart-poll-loop.ts"
"servicesAndWorkers","*service*","src/services/social-velocity.ts"
"servicesAndWorkers","*service*","src/services/source-cap.ts"
"servicesAndWorkers","*service*","src/services/stock-analysis.ts"
"servicesAndWorkers","*service*","src/services/stock-analysis-history.ts"
"servicesAndWorkers","*service*","src/services/stock-analysis-rating.ts"
"servicesAndWorkers","*service*","src/services/stock-analysis-targets.ts"
"servicesAndWorkers","*service*","src/services/stock-backtest.ts"
"servicesAndWorkers","*service*","src/services/stock-fundamentals-display.ts"
"servicesAndWorkers","*service*","src/services/storage.ts"
"servicesAndWorkers","*service*","src/services/story-data.ts"
"servicesAndWorkers","*service*","src/services/story-renderer.ts"
"servicesAndWorkers","*service*","src/services/story-share.ts"
"servicesAndWorkers","*service*","src/services/summarization.ts"
"servicesAndWorkers","*service*","src/services/summarization-outcome.ts"
"servicesAndWorkers","*service*","src/services/summarize-gate.ts"
"servicesAndWorkers","*service*","src/services/supply-chain/china-corridor-control-towers.ts"
"servicesAndWorkers","*service*","src/services/supply-chain/index.ts"
"servicesAndWorkers","*service*","src/services/symbol-search.ts"
"servicesAndWorkers","*service*","src/services/tab-store.ts"
"servicesAndWorkers","*service*","src/services/tauri-bridge.ts"
"servicesAndWorkers","*service*","src/services/tech-activity.ts"
"servicesAndWorkers","*service*","src/services/tech-hub-index.ts"
"servicesAndWorkers","*service*","src/services/telegram-intel.ts"
"servicesAndWorkers","*service*","src/services/temporal-baseline.ts"
"servicesAndWorkers","*service*","src/services/thermal-escalation.ts"
"servicesAndWorkers","*service*","src/services/threat-classifier.ts"
"servicesAndWorkers","*service*","src/services/throttled-target-requests.ts"
"servicesAndWorkers","*service*","src/services/trade/index.ts"
"servicesAndWorkers","*service*","src/services/trending-keywords.ts"
"servicesAndWorkers","*service*","src/services/tv-mode.ts"
"servicesAndWorkers","*service*","src/services/unrest/index.ts"
"servicesAndWorkers","*service*","src/services/usa-spending.ts"
"servicesAndWorkers","*service*","src/services/user-identity.ts"
"servicesAndWorkers","*service*","src/services/usni-fleet.ts"
"servicesAndWorkers","*service*","src/services/velocity.ts"
"servicesAndWorkers","*service*","src/services/weather.ts"
"servicesAndWorkers","*service*","src/services/webcams/index.ts"
"servicesAndWorkers","*service*","src/services/webcams/pinned-store.ts"
"servicesAndWorkers","*service*","src/services/webmcp.ts"
"servicesAndWorkers","*service*","src/services/widget-store.ts"
"servicesAndWorkers","*service*","src/services/wildfires/index.ts"
"servicesAndWorkers","*service*","src/services/wildfires/payload.ts"
"servicesAndWorkers","*service*","src/services/wingbits.ts"
"servicesAndWorkers","*service*","src/services/wm-session.ts"
"servicesAndWorkers","*service*","src/services/wm-session-copy.ts"
"servicesAndWorkers","*cache*","src/shared/public-rpc-cache.ts"
"servicesAndWorkers","*cache*","src/utils/summary-cache-key.ts"
"servicesAndWorkers","*worker*","src/workers/analysis.worker.ts"
"servicesAndWorkers","*worker*","src/workers/load-dedupe.ts"
"servicesAndWorkers","*worker*","src/workers/ml.worker.ts"
"servicesAndWorkers","*worker*","src/workers/vector-db.ts"
"servicesAndWorkers","*cache*","src-tauri/src/cache_bounds.rs"
"servicesAndWorkers","*relay*","tests/ais-relay-health-no-secret-recon.test.mjs"
"servicesAndWorkers","*relay*","tests/ais-relay-opensky-proxy-tls.test.mjs"
"servicesAndWorkers","*cache*","tests/aviation-cache-poison.test.mts"
"servicesAndWorkers","*fetch*","tests/bilateral-hs4-lazy-fetch.test.mts"
"servicesAndWorkers","*cache*","tests/cached-mode-banner-out-of-flow.test.mjs"
"servicesAndWorkers","*cache*","tests/cached-risk-scores.test.mts"
"servicesAndWorkers","*service*","tests/china-activity-nowcast-service.test.mts"
"servicesAndWorkers","*service*","tests/china-corridor-service.test.mts"
"servicesAndWorkers","*service*","tests/china-decision-signals-service.test.mts"
"servicesAndWorkers","*cache*","tests/clerk-token-cache-expiry.test.mts"
"servicesAndWorkers","*fetch*","tests/coinpaprika-targeted-fetch.test.mjs"
"servicesAndWorkers","*cache*","tests/country-intel-brief-cache-key.test.mjs"
"servicesAndWorkers","*cache*","tests/country-stock-index-cache-isolation.test.mts"
"servicesAndWorkers","*cache*","tests/digest-cache-key-sensitivity.test.mjs"
"servicesAndWorkers","*relay*","tests/dockerfile-relay-imports.test.mjs"
"servicesAndWorkers","*cache*","tests/docs-stats-bootstrap-cache.test.mts"
"servicesAndWorkers","*fetch*","tests/followed-countries-fetch.test.mjs"
"servicesAndWorkers","*service*","tests/followed-countries-service.test.mjs"
"servicesAndWorkers","*cache*","tests/forecast-narrative-cache-hash.test.mjs"
"servicesAndWorkers","*cache*","tests/gateway-pro-fresh-cache.test.mts"
"servicesAndWorkers","*fetch*","tests/gdelt-fetch.test.mjs"
"servicesAndWorkers","*cache*","tests/giving-cache-key-parity.test.mjs"
"servicesAndWorkers","*service*","tests/giving-service-recovery.test.mts"
"servicesAndWorkers","*cache*","tests/health-compact-cdn-cache.test.mjs"
"servicesAndWorkers","*ingest*","tests/ingestion-operational-contract.test.mjs"
"servicesAndWorkers","*cache*","tests/live-api-cache-auth-regression.test.mjs"
"servicesAndWorkers","*service*","tests/live-tankers-service.test.mts"
"servicesAndWorkers","*cache*","tests/map-container-size-cache.test.mjs"
"servicesAndWorkers","*cache*","tests/market-implications-cache-guard.test.mjs"
"servicesAndWorkers","*cache*","tests/market-quote-cache-keying.test.mjs"
"servicesAndWorkers","*service*","tests/market-service-symbol-casing.test.mjs"
"servicesAndWorkers","*cache*","tests/mcp-analysis-cache-tools.test.mjs"
"servicesAndWorkers","*worker*","tests/ml-worker-load-dedupe.test.mts"
"servicesAndWorkers","*cache*","tests/news-classify-cache-hit-validation.test.mts"
"servicesAndWorkers","*cache*","tests/news-classify-cache-prefix-audit.test.mjs"
"servicesAndWorkers","*cache*","tests/news-classify-cache-tier-cap.test.mts"
"servicesAndWorkers","*relay*","tests/notification-channels-relay-timeout.test.mts"
"servicesAndWorkers","*relay*","tests/notification-relay-coalesce-key.test.mjs"
"servicesAndWorkers","*relay*","tests/notification-relay-country-filter.test.mjs"
"servicesAndWorkers","*relay*","tests/notification-relay-country-scope-5359.test.mjs"
"servicesAndWorkers","*relay*","tests/notification-relay-effective-sensitivity.test.mjs"
"servicesAndWorkers","*relay*","tests/notification-relay-enabled-rules-timeout.test.mjs"
"servicesAndWorkers","*relay*","tests/notification-relay-payload-audit.test.mjs"
"servicesAndWorkers","*relay*","tests/notification-relay-shadow-log.test.mjs"
"servicesAndWorkers","*relay*","tests/notification-relay-telegram-retry.test.mjs"
"servicesAndWorkers","*relay*","tests/notification-relay-ticker-filter.test.mjs"
"servicesAndWorkers","*relay*","tests/notification-relay-welcome-identity.test.mjs"
"servicesAndWorkers","*fetch*","tests/panel-attached-fetch-guard.test.mts"
"servicesAndWorkers","*cache*","tests/panel-storage-cache.test.mts"
"servicesAndWorkers","*fetch*","tests/premium-fetch.test.mts"
"servicesAndWorkers","*cache*","tests/proxy-persistent-response-cache.test.mts"
"servicesAndWorkers","*fetch*","tests/public-rpc-fetch.test.mts"
"servicesAndWorkers","*cache*","tests/purge-tech-events-cache.test.mjs"
"servicesAndWorkers","*service*","tests/railway-services-registry-coverage.test.mts"
"servicesAndWorkers","*fetch*","tests/reddit-oauth-fetch.test.mjs"
"servicesAndWorkers","*cache*","tests/regional-narrative-cache.test.mjs"
"servicesAndWorkers","*relay*","tests/relay-auth.test.mjs"
"servicesAndWorkers","*relay*","tests/relay-boot-seed-freshness-guard.test.mjs"
"servicesAndWorkers","*relay*","tests/relay-helper.test.mjs"
"servicesAndWorkers","*relay*","tests/relay-importance-recompute.test.mjs"
"servicesAndWorkers","*relay*","tests/relay-tanker-shipstatic.test.mjs"
"servicesAndWorkers","*relay*","tests/relay-warm-ping-auth.test.mts"
"servicesAndWorkers","*cache*","tests/resilience-cache-keys-health-sync.test.mts"
"servicesAndWorkers","*cache*","tests/route-cache-tier.test.mjs"
"servicesAndWorkers","*fetch*","tests/seed-fetch-deadline-budget-invariants.test.mjs"
"servicesAndWorkers","*fetch*","tests/seed-gdelt-intel-fetch-budget.test.mjs"
"servicesAndWorkers","*fetch*","tests/seed-gdelt-intel-fetch-rotation.test.mjs"
"servicesAndWorkers","*ingest*","tests/seed-history-ingest-health.test.mjs"
"servicesAndWorkers","*fetch*","tests/seed-runseed-fetch-deadline.test.mjs"
"servicesAndWorkers","*fetch*","tests/seed-unrest-gdelt-fetch.test.mjs"
"servicesAndWorkers","*service*","tests/services-barrel-eager-guard.test.mts"
"servicesAndWorkers","*relay*","tests/shared-relay.test.mjs"
"servicesAndWorkers","*fetch*","tests/summarize-article-premium-fetch.test.mts"
"servicesAndWorkers","*cache*","tests/summary-cache-capacity.test.mts"
"servicesAndWorkers","*cache*","tests/summary-cache-key.test.mts"
"servicesAndWorkers","*cache*","tests/temporal-anomalies-cache.test.mts"
"servicesAndWorkers","*cache*","tests/travelpayouts-cache-key-contract.test.mjs"
"servicesAndWorkers","*fetch*","tests/yahoo-fetch.test.mjs"
"servicesAndWorkers","*worker*","workers/api-cors-preflight/index.test.mjs"
"servicesAndWorkers","*worker*","workers/api-cors-preflight/kv-serve.test.mjs"
"servicesAndWorkers","*worker*","workers/api-cors-preflight/kv-shadow.test.mjs"
"servicesAndWorkers","*worker*","workers/api-cors-preflight/package.json"
"servicesAndWorkers","*worker*","workers/api-cors-preflight/README.md"
"servicesAndWorkers","*worker*","workers/api-cors-preflight/src/index.js"
"servicesAndWorkers","*worker*","workers/api-cors-preflight/src/kv-serve.js"
"servicesAndWorkers","*worker*","workers/api-cors-preflight/src/kv-serve-mode.js"
"servicesAndWorkers","*worker*","workers/api-cors-preflight/src/kv-shadow.js"
"servicesAndWorkers","*worker*","workers/api-cors-preflight/wrangler.toml"
"tests","*.test.*","api/_api-key.test.mjs"
"tests","*.test.*","api/_cors.test.mjs"
"tests","*.test.*","api/_rate-limit.test.mjs"
"tests","*.test.*","api/_sentry-common.test.mjs"
"tests","*.test.*","api/_session.test.mjs"
"tests","*.test.*","api/_user-api-key.test.mjs"
"tests","*.test.*","api/analytics-health.test.mjs"
"tests","*.test.*","api/bootstrap-auth.test.mjs"
"tests","*.test.*","api/bootstrap-cors.test.mjs"
"tests","*.test.*","api/health-cors.test.mjs"
"tests","*.test.*","api/loaders-xml-wms-regression.test.mjs"
"tests","*.test.*","api/og-story.test.mjs"
"tests","*.test.*","api/product-catalog.test.mjs"
"tests","*.test.*","api/rss-proxy.test.mjs"
"tests","*.test.*","api/security/report.test.mjs"
"tests","*.test.*","api/wm-session.test.mjs"
"tests","*.test.*","api/youtube/embed.test.mjs"
"tests","*.test.*","cli/test/core.test.mjs"
"tests","*.test.*","consumer-prices-core/src/adapters/search.test.ts"
"tests","*.test.*","consumer-prices-core/src/adapters/validator.test.ts"
"tests","*.test.*","consumer-prices-core/src/api/server.test.ts"
"tests","*.test.*","consumer-prices-core/src/db/queries/matches.test.ts"
"tests","*.test.*","consumer-prices-core/src/jobs/publish.test.ts"
"tests","*.test.*","consumer-prices-core/src/jobs/scrape.test.ts"
"tests","*.test.*","consumer-prices-core/src/jobs/scrape-coverage.test.ts"
"tests","*.test.*","consumer-prices-core/src/ops/coverage.test.ts"
"tests","*.test.*","consumer-prices-core/src/snapshots/coverage.test.ts"
"tests","*.test.*","consumer-prices-core/src/snapshots/worldmonitor.test.ts"
"tests","*.test.*","consumer-prices-core/tests/unit/matcher.test.ts"
"tests","*.test.*","consumer-prices-core/tests/unit/pinning.test.ts"
"tests","*.test.*","consumer-prices-core/tests/unit/search-extract-size.test.ts"
"tests","*.test.*","consumer-prices-core/tests/unit/size.test.ts"
"tests","*.test.*","consumer-prices-core/tests/unit/title.test.ts"
"tests","*.test.*","convex/__tests__/alertRules.test.ts"
"tests","*.test.*","convex/__tests__/alertRules-countries.test.ts"
"tests","*.test.*","convex/__tests__/alertRules-tickers.test.ts"
"tests","*.test.*","convex/__tests__/alertRules-visibility.test.ts"
"tests","*.test.*","convex/__tests__/apiKeys.test.ts"
"tests","*.test.*","convex/__tests__/apiPlanLimitEmails.test.ts"
"tests","*.test.*","convex/__tests__/apiPlanLimitNotices.test.ts"
"tests","*.test.*","convex/__tests__/apiPlanLimitPrune.test.ts"
"tests","*.test.*","convex/__tests__/apiPlanLimitUsage.test.ts"
"tests","*.test.*","convex/__tests__/billing.test.ts"
"tests","*.test.*","convex/__tests__/businessSeats.test.ts"
"tests","*.test.*","convex/__tests__/checkout.test.ts"
"tests","*.test.*","convex/__tests__/checkoutRateLimit.test.ts"
"tests","*.test.*","convex/__tests__/comp-entitlement.test.ts"
"tests","*.test.*","convex/__tests__/contactMessages.test.ts"
"tests","*.test.*","convex/__tests__/dodoCheckoutClient.test.ts"
"tests","*.test.*","convex/__tests__/dryRunNonEnglishExclusion.test.ts"
"tests","*.test.*","convex/__tests__/dunningEmails.test.ts"
"tests","*.test.*","convex/__tests__/emailDomain.test.ts"
"tests","*.test.*","convex/__tests__/emailSuppressions.test.ts"
"tests","*.test.*","convex/__tests__/entitlements.test.ts"
"tests","*.test.*","convex/__tests__/followed-countries-mutations.test.ts"
"tests","*.test.*","convex/__tests__/followed-countries-queries.test.ts"
"tests","*.test.*","convex/__tests__/followed-countries-relay.test.ts"
"tests","*.test.*","convex/__tests__/http.test.ts"
"tests","*.test.*","convex/__tests__/identitySigning.test.ts"
"tests","*.test.*","convex/__tests__/intelHistory.test.ts"
"tests","*.test.*","convex/__tests__/internal-entitlements.test.ts"
"tests","*.test.*","convex/__tests__/localeHeuristic.test.ts"
"tests","*.test.*","convex/__tests__/mcpProTokens.test.ts"
"tests","*.test.*","convex/__tests__/notificationChannels.test.ts"
"tests","*.test.*","convex/__tests__/poolSelection.test.ts"
"tests","*.test.*","convex/__tests__/rampRunner.test.ts"
"tests","*.test.*","convex/__tests__/rampRunner-excludeNonEnglish.test.ts"
"tests","*.test.*","convex/__tests__/relay-json-object-guard.test.ts"
"tests","*.test.*","convex/__tests__/resendWebhookHandler.test.ts"
"tests","*.test.*","convex/__tests__/subscription-updated.test.ts"
"tests","*.test.*","convex/__tests__/telegramWebhook.test.ts"
"tests","*.test.*","convex/__tests__/userPreferences.test.ts"
"tests","*.test.*","convex/__tests__/users.test.ts"
"tests","*.test.*","convex/__tests__/users-schema.test.ts"
"tests","*.test.*","convex/__tests__/waveRuns.test.ts"
"tests","*.test.*","convex/__tests__/webhook.test.ts"
"tests","*.test.*","convex/__tests__/webhookFailures.test.ts"
"tests","*.test.*","convex/__tests__/webhook-rollback-boundaries.test.ts"
"tests","e2e/*","e2e/a11y-landmarks-tablist.spec.ts"
"tests","e2e/*","e2e/auth-ui.spec.ts"
"tests","e2e/*","e2e/blocked-storage-services.spec.ts"
"tests","*.spec.*","e2e/brief-magazine.spec.ts"
"tests","e2e/*","e2e/china-activity-nowcast-panel.spec.ts"
"tests","e2e/*","e2e/china-corridor-panel.spec.ts"
"tests","*.spec.*","e2e/circuit-breaker-persistence.spec.ts"
"tests","e2e/*","e2e/collapsed-map-first-paint.spec.ts"
"tests","e2e/*","e2e/country-deep-dive-visibility.spec.ts"
"tests","e2e/*","e2e/dashboard-cls.spec.ts"
"tests","*.spec.*","e2e/dashboard-lcp-attribution.spec.ts"
"tests","*.spec.*","e2e/dashboard-news-request-budget.spec.ts"
"tests","e2e/*","e2e/dashboard-wide-layout.spec.ts"
"tests","e2e/*","e2e/deduct-situation.spec.ts"
"tests","*.spec.*","e2e/embed.spec.ts"
"tests","e2e/*","e2e/giving-provenance.spec.ts"
"tests","*.spec.*","e2e/header-cls.spec.ts"
"tests","e2e/*","e2e/header-reservation.ts"
"tests","e2e/*","e2e/insights-brief-readability.spec.ts"
"tests","e2e/*","e2e/investments-panel.spec.ts"
"tests","e2e/*","e2e/keyword-spike-flow.spec.ts"
"tests","*.spec.*","e2e/live-media-intent.spec.ts"
"tests","*.spec.*","e2e/map-harness.spec.ts"
"tests","e2e/*","e2e/map-harness.spec.ts-snapshots/layer-finance-ais-z5.png"
"tests","*.spec.*","e2e/map-harness.spec.ts-snapshots/layer-finance-bases-z5.png"
"tests","e2e/*","e2e/map-harness.spec.ts-snapshots/layer-finance-cables-z4.png"
"tests","*.spec.*","e2e/map-harness.spec.ts-snapshots/layer-finance-central-banks-z5.png"
"tests","e2e/*","e2e/map-harness.spec.ts-snapshots/layer-finance-commodity-hubs-z5.png"
"tests","e2e/*","e2e/map-harness.spec.ts-snapshots/layer-finance-conflicts-z4.png"
"tests","e2e/*","e2e/map-harness.spec.ts-snapshots/layer-finance-cyber-z5.png"
"tests","*.spec.*","e2e/map-harness.spec.ts-snapshots/layer-finance-datacenters-cluster-z3.png"
"tests","*.spec.*","e2e/map-harness.spec.ts-snapshots/layer-finance-datacenters-icons-z6.png"
"tests","e2e/*","e2e/map-harness.spec.ts-snapshots/layer-finance-economic-z5.png"
"tests","*.spec.*","e2e/map-harness.spec.ts-snapshots/layer-finance-financial-centers-z5.png"
"tests","e2e/*","e2e/map-harness.spec.ts-snapshots/layer-finance-fires-z5.png"
"tests","*.spec.*","e2e/map-harness.spec.ts-snapshots/layer-finance-flights-z5.png"
"tests","*.spec.*","e2e/map-harness.spec.ts-snapshots/layer-finance-hotspots-z4.png"
"tests","e2e/*","e2e/map-harness.spec.ts-snapshots/layer-finance-irradiators-z5.png"
"tests","e2e/*","e2e/map-harness.spec.ts-snapshots/layer-finance-military-z5.png"
"tests","e2e/*","e2e/map-harness.spec.ts-snapshots/layer-finance-minerals-z5.png"
"tests","e2e/*","e2e/map-harness.spec.ts-snapshots/layer-finance-natural-z5.png"
"tests","*.spec.*","e2e/map-harness.spec.ts-snapshots/layer-finance-news-z5.png"
"tests","e2e/*","e2e/map-harness.spec.ts-snapshots/layer-finance-nuclear-z5.png"
"tests","*.spec.*","e2e/map-harness.spec.ts-snapshots/layer-finance-outages-z5.png"
"tests","e2e/*","e2e/map-harness.spec.ts-snapshots/layer-finance-pipelines-z4.png"
"tests","e2e/*","e2e/map-harness.spec.ts-snapshots/layer-finance-ports-z5.png"
"tests","*.spec.*","e2e/map-harness.spec.ts-snapshots/layer-finance-protests-z5.png"
"tests","*.spec.*","e2e/map-harness.spec.ts-snapshots/layer-finance-spaceports-z5.png"
"tests","*.spec.*","e2e/map-harness.spec.ts-snapshots/layer-finance-stock-exchanges-z5.png"
"tests","*.spec.*","e2e/map-harness.spec.ts-snapshots/layer-finance-waterways-z5.png"
"tests","e2e/*","e2e/map-harness.spec.ts-snapshots/layer-finance-weather-z5.png"
"tests","*.spec.*","e2e/map-harness.spec.ts-snapshots/layer-full-ais-z5.png"
"tests","e2e/*","e2e/map-harness.spec.ts-snapshots/layer-full-apt-groups-z5.png"
"tests","e2e/*","e2e/map-harness.spec.ts-snapshots/layer-full-bases-z5.png"
"tests","e2e/*","e2e/map-harness.spec.ts-snapshots/layer-full-cables-z4.png"
"tests","e2e/*","e2e/map-harness.spec.ts-snapshots/layer-full-conflicts-z4.png"
"tests","e2e/*","e2e/map-harness.spec.ts-snapshots/layer-full-cyber-z5.png"
"tests","*.spec.*","e2e/map-harness.spec.ts-snapshots/layer-full-datacenters-cluster-z3.png"
"tests","*.spec.*","e2e/map-harness.spec.ts-snapshots/layer-full-datacenters-icons-z6.png"
"tests","e2e/*","e2e/map-harness.spec.ts-snapshots/layer-full-economic-z5.png"
"tests","*.spec.*","e2e/map-harness.spec.ts-snapshots/layer-full-fires-z5.png"
"tests","e2e/*","e2e/map-harness.spec.ts-snapshots/layer-full-flights-z5.png"
"tests","e2e/*","e2e/map-harness.spec.ts-snapshots/layer-full-hotspots-z4.png"
"tests","*.spec.*","e2e/map-harness.spec.ts-snapshots/layer-full-irradiators-z5.png"
"tests","e2e/*","e2e/map-harness.spec.ts-snapshots/layer-full-military-z5.png"
"tests","e2e/*","e2e/map-harness.spec.ts-snapshots/layer-full-minerals-z5.png"
"tests","e2e/*","e2e/map-harness.spec.ts-snapshots/layer-full-natural-z5.png"
"tests","*.spec.*","e2e/map-harness.spec.ts-snapshots/layer-full-news-z5.png"
"tests","e2e/*","e2e/map-harness.spec.ts-snapshots/layer-full-nuclear-z5.png"
"tests","*.spec.*","e2e/map-harness.spec.ts-snapshots/layer-full-outages-z5.png"
"tests","e2e/*","e2e/map-harness.spec.ts-snapshots/layer-full-pipelines-z4.png"
"tests","*.spec.*","e2e/map-harness.spec.ts-snapshots/layer-full-ports-z5.png"
"tests","*.spec.*","e2e/map-harness.spec.ts-snapshots/layer-full-protests-z5.png"
"tests","*.spec.*","e2e/map-harness.spec.ts-snapshots/layer-full-spaceports-z5.png"
"tests","e2e/*","e2e/map-harness.spec.ts-snapshots/layer-full-waterways-z5.png"
"tests","e2e/*","e2e/map-harness.spec.ts-snapshots/layer-full-weather-z5.png"
"tests","e2e/*","e2e/map-harness.spec.ts-snapshots/layer-tech-accelerators-z5.png"
"tests","e2e/*","e2e/map-harness.spec.ts-snapshots/layer-tech-ais-z5.png"
"tests","*.spec.*","e2e/map-harness.spec.ts-snapshots/layer-tech-bases-z5.png"
"tests","*.spec.*","e2e/map-harness.spec.ts-snapshots/layer-tech-cables-z4.png"
"tests","*.spec.*","e2e/map-harness.spec.ts-snapshots/layer-tech-cloud-regions-z5.png"
"tests","e2e/*","e2e/map-harness.spec.ts-snapshots/layer-tech-conflicts-z4.png"
"tests","e2e/*","e2e/map-harness.spec.ts-snapshots/layer-tech-cyber-z5.png"
"tests","e2e/*","e2e/map-harness.spec.ts-snapshots/layer-tech-datacenters-cluster-z3.png"
"tests","e2e/*","e2e/map-harness.spec.ts-snapshots/layer-tech-datacenters-icons-z6.png"
"tests","*.spec.*","e2e/map-harness.spec.ts-snapshots/layer-tech-economic-z5.png"
"tests","e2e/*","e2e/map-harness.spec.ts-snapshots/layer-tech-fires-z5.png"
"tests","e2e/*","e2e/map-harness.spec.ts-snapshots/layer-tech-flights-z5.png"
"tests","e2e/*","e2e/map-harness.spec.ts-snapshots/layer-tech-hotspots-z4.png"
"tests","e2e/*","e2e/map-harness.spec.ts-snapshots/layer-tech-irradiators-z5.png"
"tests","e2e/*","e2e/map-harness.spec.ts-snapshots/layer-tech-military-z5.png"
"tests","*.spec.*","e2e/map-harness.spec.ts-snapshots/layer-tech-minerals-z5.png"
"tests","e2e/*","e2e/map-harness.spec.ts-snapshots/layer-tech-natural-z5.png"
"tests","e2e/*","e2e/map-harness.spec.ts-snapshots/layer-tech-news-z5.png"
"tests","e2e/*","e2e/map-harness.spec.ts-snapshots/layer-tech-nuclear-z5.png"
"tests","e2e/*","e2e/map-harness.spec.ts-snapshots/layer-tech-outages-z5.png"
"tests","e2e/*","e2e/map-harness.spec.ts-snapshots/layer-tech-pipelines-z4.png"
"tests","e2e/*","e2e/map-harness.spec.ts-snapshots/layer-tech-ports-z5.png"
"tests","*.spec.*","e2e/map-harness.spec.ts-snapshots/layer-tech-protests-z5.png"
"tests","e2e/*","e2e/map-harness.spec.ts-snapshots/layer-tech-spaceports-z5.png"
"tests","e2e/*","e2e/map-harness.spec.ts-snapshots/layer-tech-startup-hubs-z5.png"
"tests","e2e/*","e2e/map-harness.spec.ts-snapshots/layer-tech-tech-events-z5.png"
"tests","*.spec.*","e2e/map-harness.spec.ts-snapshots/layer-tech-tech-hqs-z5.png"
"tests","e2e/*","e2e/map-harness.spec.ts-snapshots/layer-tech-waterways-z5.png"
"tests","*.spec.*","e2e/map-harness.spec.ts-snapshots/layer-tech-weather-z5.png"
"tests","*.spec.*","e2e/mcp-grant-consent.spec.ts"
"tests","*.spec.*","e2e/mission-presets.spec.ts"
"tests","*.spec.*","e2e/mobile-bottom-navigation.spec.ts"
"tests","e2e/*","e2e/mobile-map-native.spec.ts"
"tests","e2e/*","e2e/mobile-map-popup.spec.ts"
"tests","e2e/*","e2e/news-custom-category-rotation.spec.ts"
"tests","*.spec.*","e2e/panel-drag-reorder.spec.ts"
"tests","e2e/*","e2e/prehydration-shell.spec.ts"
"tests","*.spec.*","e2e/pro-activation.spec.ts"
"tests","e2e/*","e2e/rag-vector-store.spec.ts"
"tests","*.spec.*","e2e/runtime-fetch.spec.ts"
"tests","*.spec.*","e2e/secondary-startup.spec.ts"
"tests","*.spec.*","e2e/theme-toggle.spec.ts"
"tests","e2e/*","e2e/tsconfig.json"
"tests","*.spec.*","e2e/variant-live-smoke.spec.ts"
"tests","e2e/*","e2e/variant-live-smoke-response-capture.ts"
"tests","*.spec.*","e2e/widget-builder.spec.ts"
"tests","*.spec.*","e2e/widget-sandbox.spec.ts"
"tests","*.test.*","scripts/ais-relay-entity-decode.test.cjs"
"tests","*.test.*","scripts/ais-relay-ingestion.test.cjs"
"tests","*.test.*","scripts/ais-relay-rss.test.cjs"
"tests","*.test.*","server/__tests__/direct-llm-quota.test.ts"
"tests","*.test.*","server/__tests__/entitlement-check.test.ts"
"tests","*.test.*","server/__tests__/gateway-api-rate-limit.test.ts"
"tests","*.test.*","server/__tests__/gateway-direct-llm-quota.test.ts"
"tests","*.test.*","server/__tests__/gateway-idempotency.test.ts"
"tests","*.test.*","server/__tests__/gateway-status-override.test.ts"
"tests","*.test.*","server/__tests__/gateway-summarize-article-security.test.ts"
"tests","*.test.*","server/__tests__/gateway-user-key-apiaccess.test.ts"
"tests","*.test.*","server/__tests__/idempotency.test.ts"
"tests","*.test.*","server/__tests__/premium-check-direct-llm-limit.test.ts"
"tests","*.test.*","server/__tests__/summarize-article-cache-readonly.test.ts"
"tests","*.test.*","server/__tests__/summarize-article-handler-security.test.ts"
"tests","*.test.*","server/__tests__/summarize-article-llm-health.test.ts"
"tests","*.test.*","server/__tests__/usage-identity.test.ts"
"tests","*.test.*","server/__tests__/user-api-key-negative-cache.test.ts"
"tests","*.test.*","server/__tests__/user-api-key-validation.test.ts"
"tests","*.test.*","server/__tests__/widget-agent-billing-denial.test.ts"
"tests","*.test.*","src/services/correlation-engine/engine.test.ts"
"tests","*.test.*","src-tauri/open-url-safety.test.mjs"
"tests","*.test.*","src-tauri/sidecar/local-api-server.test.mjs"
"tests","tests/*","tests/_lib/bundle-feeds-module.mts"
"tests","tests/*","tests/_lib/import-graph-walk.mjs"
"tests","tests/*","tests/a11y-issue-4373-invariants.test.mjs"
"tests","*.test.*","tests/a11y-issue-5059-invariants.test.mjs"
"tests","*.test.*","tests/a2a.test.mjs"
"tests","*.test.*","tests/acled-conflict-date-window.test.mts"
"tests","*.test.*","tests/acled-conflict-identity.test.mjs"
"tests","*.test.*","tests/acled-resolution-feed-seed.test.mjs"
"tests","tests/*","tests/activity-tracker-read-state.test.mts"
"tests","tests/*","tests/after-paint-input-pending.test.mts"
"tests","*.test.*","tests/after-paint-yield.test.mts"
"tests","tests/*","tests/agent-auth-challenge.test.mjs"
"tests","tests/*","tests/agent-bus-actions.test.mts"
"tests","tests/*","tests/agent-bus-applier.test.mts"
"tests","tests/*","tests/agent-commodities-news-parity.test.mts"
"tests","tests/*","tests/agent-mode-view.test.mjs"
"tests","*.test.*","tests/agent-skills-index.test.mjs"
"tests","tests/*","tests/ai-classify-queue.test.mts"
"tests","*.test.*","tests/airline-codes.test.mjs"
"tests","tests/*","tests/air-quality-seed.test.mjs"
"tests","*.test.*","tests/ais-relay-health-no-secret-recon.test.mjs"
"tests","*.test.*","tests/ais-relay-opensky-proxy-tls.test.mjs"
"tests","*.test.*","tests/analysis-alert-digest.test.mjs"
"tests","tests/*","tests/analysis-composite-adapters.test.mjs"
"tests","*.test.*","tests/analysis-focal-points.test.mjs"
"tests","*.test.*","tests/analysis-geo-convergence.test.mjs"
"tests","*.test.*","tests/analysis-hotspot-escalation.test.mjs"
"tests","tests/*","tests/analysis-infrastructure-cascade.test.mjs"
"tests","tests/*","tests/analysis-military-surge.test.mjs"
"tests","*.test.*","tests/analysis-population-exposure.test.mjs"
"tests","tests/*","tests/analyst-denial.test.mts"
"tests","tests/*","tests/analytics-beacon-rejection.test.mts"
"tests","tests/*","tests/analytics-collector-monitor.test.mjs"
"tests","*.test.*","tests/analytics-queue-capacity.test.mjs"
"tests","*.test.*","tests/api-deprecation-policy.test.mjs"
"tests","*.test.*","tests/api-idempotency.test.mjs"
"tests","tests/*","tests/api-key-rate-limit.test.mts"
"tests","*.test.*","tests/api-keys.test.mts"
"tests","*.test.*","tests/api-not-found.test.mjs"
"tests","tests/*","tests/api-notfound-catchall.test.mjs"
"tests","tests/*","tests/api-plan-limit-notices-ui.test.mts"
"tests","*.test.*","tests/api-plan-limit-readiness.test.mts"
"tests","tests/*","tests/app-destroy-lifecycle.test.mjs"
"tests","tests/*","tests/attribution-footer.test.mts"
"tests","*.test.*","tests/audit-cohort-formula-detection.test.mts"
"tests","tests/*","tests/audit-static-page-contamination.test.mjs"
"tests","*.test.*","tests/auth-resource-timeout.test.mts"
"tests","tests/*","tests/auth-session.test.mts"
"tests","*.test.*","tests/auth-state-disabled-clerk.test.mts"
"tests","*.test.*","tests/aviation-budget-cap.test.mjs"
"tests","tests/*","tests/aviation-cache-poison.test.mts"
"tests","tests/*","tests/aviation-cmd-date.test.mjs"
"tests","tests/*","tests/aviation-handler-counters.test.mjs"
"tests","tests/*","tests/aviation-hydration-path.test.mts"
"tests","tests/*","tests/aviation-prices.test.mjs"
"tests","tests/*","tests/backtest-resilience-outcomes.test.mjs"
"tests","*.test.*","tests/batch-execute.test.mts"
"tests","tests/*","tests/benchmark-resilience-external.test.mjs"
"tests","tests/*","tests/bet-baserate.test.mjs"
"tests","tests/*","tests/bet-templates.test.mjs"
"tests","tests/*","tests/bet-templates-commodities.test.mjs"
"tests","tests/*","tests/bet-templates-macro.test.mjs"
"tests","tests/*","tests/bet-templates-markets.test.mjs"
"tests","*.test.*","tests/bet-templates-markets-geo.test.mjs"
"tests","tests/*","tests/bigmac-seed.test.mjs"
"tests","*.test.*","tests/bilateral-hs4-lazy-fetch.test.mts"
"tests","*.test.*","tests/billing-convex-error.test.mts"
"tests","*.test.*","tests/billing-marker-ttl-parity.test.mjs"
"tests","*.test.*","tests/billing-state.test.mts"
"tests","tests/*","tests/billing-state-wiring.test.mts"
"tests","tests/*","tests/bis-extended-seed.test.mjs"
"tests","*.test.*","tests/blocked-storage-event-handlers.test.mjs"
"tests","*.test.*","tests/blog-conversion-links.test.mts"
"tests","*.test.*","tests/blog-cover-webp.test.mjs"
"tests","tests/*","tests/blog-faq-ld.test.mjs"
"tests","tests/*","tests/blog-seo-contract.test.mjs"
"tests","tests/*","tests/bootstrap.test.mjs"
"tests","*.test.*","tests/bootstrap-kv-publisher.test.mjs"
"tests","*.test.*","tests/bootstrap-ondemand-public-key-guard.test.mts"
"tests","tests/*","tests/bootstrap-r2-env-docs.test.mjs"
"tests","*.test.*","tests/bootstrap-r2-reader.test.mjs"
"tests","*.test.*","tests/bootstrap-r2-rum.test.mts"
"tests","tests/*","tests/bootstrap-r2-shadow.test.mjs"
"tests","*.test.*","tests/bootstrap-runtime.test.mts"
"tests","*.test.*","tests/bootstrap-worktree.test.mjs"
"tests","tests/*","tests/breaking-alert-doc-contract.test.mjs"
"tests","tests/*","tests/brief-carousel.test.mjs"
"tests","tests/*","tests/brief-composer-followed-bias.test.mjs"
"tests","*.test.*","tests/brief-composer-rule-dedup.test.mjs"
"tests","*.test.*","tests/brief-contract.test.mjs"
"tests","*.test.*","tests/brief-dedup-embedding.test.mjs"
"tests","*.test.*","tests/brief-dedup-jaccard.test.mjs"
"tests","tests/*","tests/brief-dedup-replay-log.test.mjs"
"tests","*.test.*","tests/brief-edge-route-smoke.test.mjs"
"tests","tests/*","tests/brief-filter.test.mjs"
"tests","tests/*","tests/brief-from-digest-stories.test.mjs"
"tests","tests/*","tests/brief-llm.test.mjs"
"tests","*.test.*","tests/brief-llm-core.test.mjs"
"tests","*.test.*","tests/brief-magazine-render.test.mjs"
"tests","*.test.*","tests/brief-referral-code.test.mjs"
"tests","tests/*","tests/brief-share-url.test.mts"
"tests","tests/*","tests/brief-sources.test.mts"
"tests","tests/*","tests/brief-synthesis-reuse.test.mjs"
"tests","tests/*","tests/brief-thread-open-telemetry.test.mjs"
"tests","*.test.*","tests/brief-url.test.mjs"
"tests","tests/*","tests/brief-url-sign.test.mjs"
"tests","*.test.*","tests/brief-web-push.test.mjs"
"tests","*.test.*","tests/brief-why-matters-analyst.test.mjs"
"tests","*.test.*","tests/browser-bundle-secret-guard.test.mts"
"tests","tests/*","tests/bundle-runner.test.mjs"
"tests","tests/*","tests/business-invite-wiring.test.mts"
"tests","tests/*","tests/cached-mode-banner-out-of-flow.test.mjs"
"tests","tests/*","tests/cached-risk-scores.test.mts"
"tests","tests/*","tests/chat-analyst.test.mts"
"tests","tests/*","tests/chat-analyst-panel-control.test.mts"
"tests","*.test.*","tests/chat-analyst-panel-unlock.test.mts"
"tests","*.test.*","tests/chat-analyst-sanitize-yield.test.mts"
"tests","tests/*","tests/check-desktop-build-env.test.mjs"
"tests","tests/*","tests/checkout-attempt-lifecycle.test.mts"
"tests","*.test.*","tests/checkout-banner-initial-state.test.mts"
"tests","*.test.*","tests/checkout-duplicate-dialog-copy.test.mts"
"tests","*.test.*","tests/checkout-error-classification.test.mts"
"tests","tests/*","tests/checkout-no-user-policy.test.mts"
"tests","tests/*","tests/checkout-overlay-lifecycle.test.mts"
"tests","tests/*","tests/checkout-pending-dialog.test.mts"
"tests","*.test.*","tests/checkout-plan-names.test.mts"
"tests","*.test.*","tests/checkout-report-error.test.mts"
"tests","*.test.*","tests/checkout-return-discriminant.test.mts"
"tests","*.test.*","tests/checkout-return-url.test.mts"
"tests","tests/*","tests/checkout-success-body-contract.test.mts"
"tests","tests/*","tests/checkout-success-durable.test.mts"
"tests","*.test.*","tests/checkout-transport.test.mts"
"tests","*.test.*","tests/checkout-unparsable-success-body.test.mts"
"tests","*.test.*","tests/checkout-upstream-snapshot.test.mts"
"tests","tests/*","tests/check-rust-security-floors.test.mjs"
"tests","tests/*","tests/china-activity-nowcast.test.mts"
"tests","*.test.*","tests/china-activity-nowcast-config.test.mts"
"tests","tests/*","tests/china-activity-nowcast-handler.test.mts"
"tests","tests/*","tests/china-activity-nowcast-panel-harness.html"
"tests","*.test.*","tests/china-activity-nowcast-service.test.mts"
"tests","*.test.*","tests/china-activity-nowcast-ui.test.mts"
"tests","*.test.*","tests/china-aviation-coverage.test.mjs"
"tests","*.test.*","tests/china-ccfi-period-change-seam.test.mts"
"tests","*.test.*","tests/china-corporate-disclosure-production-registration.test.mts"
"tests","tests/*","tests/china-corporate-disclosures.test.mts"
"tests","*.test.*","tests/china-corporate-disclosure-ui.test.mts"
"tests","*.test.*","tests/china-corridor-breadth-history.test.mts"
"tests","tests/*","tests/china-corridor-composer.test.mts"
"tests","tests/*","tests/china-corridor-config.test.mts"
"tests","tests/*","tests/china-corridor-handler.test.mts"
"tests","*.test.*","tests/china-corridor-map-overlay.test.mts"
"tests","tests/*","tests/china-corridor-openapi-contract.test.mjs"
"tests","tests/*","tests/china-corridor-panel-harness.html"
"tests","*.test.*","tests/china-corridor-service.test.mts"
"tests","*.test.*","tests/china-corridor-source-adapters.test.mts"
"tests","tests/*","tests/china-country-stock-index-seed.test.mjs"
"tests","*.test.*","tests/china-country-summary.test.mts"
"tests","tests/*","tests/china-coverage-health.test.mjs"
"tests","*.test.*","tests/china-coverage-production-registration.test.mts"
"tests","*.test.*","tests/china-decision-access-contract.test.mts"
"tests","*.test.*","tests/china-decision-alerts.test.mjs"
"tests","tests/*","tests/china-decision-coverage-classes.test.mjs"
"tests","*.test.*","tests/china-decision-parity-audit.test.mjs"
"tests","tests/*","tests/china-decision-signals.test.mts"
"tests","*.test.*","tests/china-decision-signals-handler.test.mts"
"tests","tests/*","tests/china-decision-signals-openapi-contract.test.mts"
"tests","tests/*","tests/china-decision-signals-service.test.mts"
"tests","*.test.*","tests/china-documentation-contract.test.mts"
"tests","tests/*","tests/china-energy-coverage.test.mjs"
"tests","*.test.*","tests/china-energy-demand-change-parity.test.mts"
"tests","tests/*","tests/china-exchange-egress.test.mjs"
"tests","*.test.*","tests/china-macro-adapters-entity-decode.test.mjs"
"tests","*.test.*","tests/china-macro-entity-decode.test.mjs"
"tests","*.test.*","tests/china-macro-fixture-freshness.test.mts"
"tests","tests/*","tests/china-macro-production-registration.test.mts"
"tests","*.test.*","tests/china-macro-provenance.test.mts"
"tests","tests/*","tests/china-macro-rpc.test.mts"
"tests","tests/*","tests/china-macro-seed.test.mjs"
"tests","*.test.*","tests/china-market-news-coverage.test.mts"
"tests","*.test.*","tests/china-news-coverage.test.mjs"
"tests","tests/*","tests/china-policy-entity-decode.test.mjs"
"tests","tests/*","tests/china-policy-events.test.mts"
"tests","tests/*","tests/china-policy-production-registration.test.mts"
"tests","tests/*","tests/china-release-calendar.test.mjs"
"tests","*.test.*","tests/china-strategic-trade-contract.test.mjs"
"tests","tests/*","tests/chokepoint-baselines-seed.test.mjs"
"tests","*.test.*","tests/chokepoint-exposure-seed.test.mjs"
"tests","tests/*","tests/chokepoint-flows-seed.test.mjs"
"tests","tests/*","tests/chokepoint-id-mapping.test.mjs"
"tests","*.test.*","tests/chokepoint-scenario-doc-parity.test.mjs"
"tests","tests/*","tests/chokepoint-transit-counter.test.mjs"
"tests","tests/*","tests/chunk-reload-blocked-storage.test.mts"
"tests","*.test.*","tests/cii-docs-drift.test.mts"
"tests","*.test.*","tests/cii-methodology-link.test.mjs"
"tests","*.test.*","tests/cii-panel-pin-to-top.test.mjs"
"tests","*.test.*","tests/cii-scoring.test.mts"
"tests","tests/*","tests/circuit-breaker-persistent-stale-ceiling.test.mts"
"tests","tests/*","tests/circuit-breaker-swr-eviction.test.mts"
"tests","*.test.*","tests/ciss-stale-threshold-consistency.test.mjs"
"tests","tests/*","tests/ci-workflow-coverage.test.mts"
"tests","tests/*","tests/classify-entitlement-gate.test.mts"
"tests","*.test.*","tests/clerk-surface-open.test.mts"
"tests","*.test.*","tests/clerk-token-cache-expiry.test.mts"
"tests","tests/*","tests/client-ip.test.mts"
"tests","tests/*","tests/client-network-guardrails.test.mts"
"tests","*.test.*","tests/climate-disasters-seed.test.mjs"
"tests","*.test.*","tests/climate-news-content-age.test.mjs"
"tests","*.test.*","tests/climate-news-entity-decode.test.mjs"
"tests","tests/*","tests/climate-ocean-ice-client.test.mts"
"tests","tests/*","tests/climate-seeds.test.mjs"
"tests","tests/*","tests/cli-package.test.mjs"
"tests","tests/*","tests/closed-market-equity-maintenance.test.mjs"
"tests","tests/*","tests/cloud-prefs-conflict-merge.test.mts"
"tests","*.test.*","tests/cloud-prefs-disabled-feeds-migration.test.mts"
"tests","*.test.*","tests/cloud-prefs-flush-success.test.mts"
"tests","tests/*","tests/cloud-prefs-flush-version-guard.test.mjs"
"tests","*.test.*","tests/cloud-prefs-migrations.test.mjs"
"tests","tests/*","tests/cloud-prefs-panel-sync-guard.test.mjs"
"tests","tests/*","tests/cloud-prefs-rearm-retry.test.mts"
"tests","tests/*","tests/cloud-prefs-retry-after.test.mjs"
"tests","tests/*","tests/cloud-prefs-sync-concurrency.test.mts"
"tests","*.test.*","tests/cls-mover-tracker.test.mts"
"tests","*.test.*","tests/cls-report.test.mts"
"tests","*.test.*","tests/clustering.test.mjs"
"tests","*.test.*","tests/clustering-cap.test.mjs"
"tests","tests/*","tests/coingecko-endpoint-tier.test.mts"
"tests","tests/*","tests/coinpaprika-edge-helper.test.mts"
"tests","*.test.*","tests/coinpaprika-targeted-fetch.test.mjs"
"tests","tests/*","tests/completeness-measurement.test.mjs"
"tests","tests/*","tests/comtrade-bilateral-hs4.test.mjs"
"tests","tests/*","tests/comtrade-period-and-coverage.test.mjs"
"tests","tests/*","tests/confirm-dialog.test.mts"
"tests","*.test.*","tests/conflict-gdelt.test.mjs"
"tests","*.test.*","tests/conflict-gdelt-bulk.test.mjs"
"tests","*.test.*","tests/conflict-ucdp-date-window.test.mts"
"tests","*.test.*","tests/conflict-zone-cull.test.mts"
"tests","*.test.*","tests/consumer-prices-coverage-contract.test.mjs"
"tests","tests/*","tests/consumer-prices-coverage-rollout.test.mjs"
"tests","tests/*","tests/consumer-prices-world-discovery.test.mjs"
"tests","*.test.*","tests/contact-handler.test.mjs"
"tests","tests/*","tests/content-age-helpers.test.mjs"
"tests","tests/*","tests/content-attribution.test.mts"
"tests","*.test.*","tests/content-attribution-analytics.test.mts"
"tests","tests/*","tests/contrast.test.mts"
"tests","*.test.*","tests/convex-auth-handoff.test.mts"
"tests","*.test.*","tests/convex-http-json-object-guard.test.mjs"
"tests","*.test.*","tests/correlation-runtime-mode.test.mts"
"tests","tests/*","tests/corridorrisk-upstream.test.mjs"
"tests","*.test.*","tests/cors-fail-closed.test.mts"
"tests","*.test.*","tests/cors-preflight-live.test.mjs"
"tests","tests/*","tests/countries-geojson.test.mjs"
"tests","*.test.*","tests/country-brief-citation-links-static.test.mts"
"tests","tests/*","tests/country-brief-i18n.test.mjs"
"tests","*.test.*","tests/country-chokepoint-index.test.mts"
"tests","*.test.*","tests/country-codes-toiso2.test.mjs"
"tests","*.test.*","tests/country-deep-dive-cii-band.test.mts"
"tests","tests/*","tests/country-deep-dive-entity-decode.test.mts"
"tests","tests/*","tests/country-deep-dive-history.test.mjs"
"tests","*.test.*","tests/country-deep-dive-notify-sub-action.test.mjs"
"tests","tests/*","tests/country-deep-dive-source-provenance.test.mjs"
"tests","*.test.*","tests/country-deep-dive-yield.test.mts"
"tests","*.test.*","tests/country-evidence-bundle-export.test.mts"
"tests","*.test.*","tests/country-geometry-overrides.test.mts"
"tests","*.test.*","tests/country-intel-brief-cache-key.test.mjs"
"tests","*.test.*","tests/country-intel-brief-sources.test.mjs"
"tests","*.test.*","tests/country-news-dedupe.test.mts"
"tests","*.test.*","tests/country-panels-followed-only-filter.test.mjs"
"tests","*.test.*","tests/country-port-activity.test.mjs"
"tests","*.test.*","tests/country-port-activity-freshness.test.mts"
"tests","*.test.*","tests/country-port-clusters-asia-europe-lane.test.mts"
"tests","tests/*","tests/country-resolver.test.mjs"
"tests","tests/*","tests/country-stock-index-cache-isolation.test.mts"
"tests","*.test.*","tests/crawlable-corpus.test.mjs"
"tests","*.test.*","tests/crawlable-country-risk.test.mjs"
"tests","*.test.*","tests/crawlable-live-tools.test.mjs"
"tests","tests/*","tests/create-checkout-active-subscription.test.mts"
"tests","tests/*","tests/cross-source-signals-envelope-reads.test.mjs"
"tests","*.test.*","tests/cross-source-signals-regulatory.test.mjs"
"tests","tests/*","tests/cross-source-signals-tone-staleness.test.mjs"
"tests","tests/*","tests/cross-source-signals-wildfire.test.mjs"
"tests","tests/*","tests/cross-strait-activity.test.mts"
"tests","*.test.*","tests/cross-strait-activity-production-registration.test.mts"
"tests","tests/*","tests/cross-strait-activity-shipping.test.mts"
"tests","tests/*","tests/cross-strait-activity-ui.test.mts"
"tests","*.test.*","tests/cross-strait-entity-decode.test.mjs"
"tests","*.test.*","tests/crypto-config.test.mjs"
"tests","*.test.*","tests/crypto-input-validation.test.mjs"
"tests","*.test.*","tests/crypto-key-rotation.test.mjs"
"tests","tests/*","tests/csp-filter.test.mjs"
"tests","tests/*","tests/customs-revenue.test.mjs"
"tests","*.test.*","tests/daily-market-brief.test.mts"
"tests","tests/*","tests/dashboard-critical-css.test.mjs"
"tests","tests/*","tests/dashboard-eager-chunks.test.mjs"
"tests","tests/*","tests/data-freshness-health.test.mts"
"tests","*.test.*","tests/data-loader-fred-cooldown.test.mts"
"tests","tests/*","tests/debugbear-rum.test.mts"
"tests","tests/*","tests/debugbear-trampoline-chunks.test.mjs"
"tests","*.test.*","tests/decision-signal-provenance.test.mts"
"tests","*.test.*","tests/deckgl-deferred-commit.test.mts"
"tests","*.test.*","tests/deckgl-interleaved-race-filter.test.mjs"
"tests","tests/*","tests/deckgl-layer-state-aliasing.test.mjs"
"tests","tests/*","tests/deckgl-render-timing.test.mts"
"tests","tests/*","tests/deckgl-vessel-tooltip-provenance.test.mts"
"tests","tests/*","tests/deduction-probability.test.mts"
"tests","*.test.*","tests/deduction-prompt.test.mjs"
"tests","*.test.*","tests/deduction-sanitize-yield.test.mts"
"tests","tests/*","tests/deduct-situation-edge-budget.test.mjs"
"tests","tests/*","tests/deploy-config.test.mjs"
"tests","*.test.*","tests/digest-buildDigest-category-passthrough.test.mjs"
"tests","tests/*","tests/digest-buildDigest-ephemeral-live-filter.test.mjs"
"tests","*.test.*","tests/digest-buildDigest-feelgood-filter.test.mjs"
"tests","*.test.*","tests/digest-buildDigest-opinion-filter.test.mjs"
"tests","tests/*","tests/digest-cache-key-sensitivity.test.mjs"
"tests","*.test.*","tests/digest-cooldown-config.test.mjs"
"tests","*.test.*","tests/digest-cooldown-decision.test.mjs"
"tests","tests/*","tests/digest-delivered-log.test.mjs"
"tests","*.test.*","tests/digest-last-run-health.test.mjs"
"tests","tests/*","tests/digest-markdown.test.mjs"
"tests","tests/*","tests/digest-no-reclassify.test.mjs"
"tests","tests/*","tests/digest-only-user.test.mjs"
"tests","*.test.*","tests/digest-orchestration-helpers.test.mjs"
"tests","tests/*","tests/digest-rollout-flags.test.mjs"
"tests","*.test.*","tests/digest-score-floor.test.mjs"
"tests","tests/*","tests/diplomacy-keywords-parity.test.mjs"
"tests","tests/*","tests/disease-outbreaks-entity-decode.test.mjs"
"tests","*.test.*","tests/disease-outbreaks-seed.test.mjs"
"tests","tests/*","tests/docker-compose-no-default-secrets.test.mts"
"tests","*.test.*","tests/dockerfile-digest-notifications-imports.test.mjs"
"tests","tests/*","tests/dockerfile-relay-imports.test.mjs"
"tests","*.test.*","tests/docker-sidecar-auth-config.test.mjs"
"tests","*.test.*","tests/docs-i18n-parity.test.mjs"
"tests","*.test.*","tests/docs-idempotency-contract.test.mjs"
"tests","*.test.*","tests/docs-mcp.test.mjs"
"tests","tests/*","tests/docs-signal-alignment.test.mts"
"tests","tests/*","tests/docs-stats-bootstrap-cache.test.mts"
"tests","*.test.*","tests/docs-stats-language-metadata.test.mts"
"tests","tests/*","tests/docs-stats-plan-layer-entitlement.test.mts"
"tests","tests/*","tests/documentation-alignment-guardrails.test.mjs"
"tests","*.test.*","tests/dom/account-menu.test.mts"
"tests","tests/*","tests/dom/entitlement-watch-fanout.test.mts"
"tests","tests/*","tests/dom/export-gate-control.test.mts"
"tests","*.test.*","tests/dom/export-gate-wiring.test.mts"
"tests","*.test.*","tests/dom/export-pdf-cycle.test.mts"
"tests","*.test.*","tests/dom/gate-action.test.mts"
"tests","tests/*","tests/dom/gate-reader-forwarding.test.mts"
"tests","tests/*","tests/dom/globe-premium-layer-gate.test.mts"
"tests","tests/*","tests/dom/helpers/i18n.mts"
"tests","tests/*","tests/dom/helpers/print-recorder.mts"
"tests","*.test.*","tests/dom/notifications-settings-web-push.test.mts"
"tests","*.test.*","tests/dom/panel-tab-bar-lock-notice.test.mts"
"tests","*.test.*","tests/dom/playback-gate-wiring.test.mts"
"tests","tests/*","tests/dom/pro-banner-premium-stability.test.mts"
"tests","tests/*","tests/dom/unified-settings-account-handoff.test.mts"
"tests","tests/*","tests/dom/unified-settings-theater-presets.test.mts"
"tests","*.test.*","tests/dom-utils.test.mts"
"tests","tests/*","tests/download-handler.test.mjs"
"tests","*.test.*","tests/economy-eia-spr-seed.test.mjs"
"tests","tests/*","tests/edge-functions.test.mjs"
"tests","*.test.*","tests/electricity-prices-seed.test.mjs"
"tests","tests/*","tests/email-masking.test.mts"
"tests","tests/*","tests/email-summary-html.test.mjs"
"tests","tests/*","tests/email-validation.test.mjs"
"tests","tests/*","tests/embed-entry-boundary.test.mjs"
"tests","tests/*","tests/embed-public-data-auth.test.mts"
"tests","*.test.*","tests/embed-url.test.mts"
"tests","*.test.*","tests/empty-200-degradation-handlers.test.mts"
"tests","tests/*","tests/energy-disruptions-registry.test.mts"
"tests","tests/*","tests/energy-ember-seed.test.mjs"
"tests","*.test.*","tests/energy-intelligence-entity-decode.test.mjs"
"tests","*.test.*","tests/energy-intelligence-key-parity.test.mts"
"tests","*.test.*","tests/energy-intelligence-seed.test.mjs"
"tests","tests/*","tests/energy-risk-overview-panel.test.mts"
"tests","*.test.*","tests/energy-shock-seed.test.mts"
"tests","*.test.*","tests/energy-shock-v2.test.mjs"
"tests","*.test.*","tests/energy-spine-seed.test.mjs"
"tests","tests/*","tests/energy-variant-atlas-guard.test.mts"
"tests","tests/*","tests/energy-variant-renewable-guard.test.mts"
"tests","*.test.*","tests/enrichment-caching.test.mjs"
"tests","*.test.*","tests/entitlement-desync-telemetry.test.mts"
"tests","*.test.*","tests/entitlement-listener-fanout.test.mts"
"tests","*.test.*","tests/entitlement-reload-controller.test.mts"
"tests","*.test.*","tests/entitlement-transition.test.mts"
"tests","tests/*","tests/entitlement-watchdog.test.mts"
"tests","tests/*","tests/entitlement-watchdog-parity.test.mts"
"tests","*.test.*","tests/entity-index-legacy-exports.test.mts"
"tests","tests/*","tests/ephemeral-live-classifier.test.mjs"
"tests","*.test.*","tests/escalation-country-merge.test.mts"
"tests","tests/*","tests/eurostat-seeders.test.mjs"
"tests","tests/*","tests/export-gate.test.mts"
"tests","tests/*","tests/export-pdf-report.test.mts"
"tests","tests/*","tests/fatf-entity-decode.test.mjs"
"tests","tests/*","tests/fear-greed-doc-parity.test.mjs"
"tests","tests/*","tests/feed-catalog-drift.test.mts"
"tests","tests/*","tests/feed-date.test.mts"
"tests","tests/*","tests/feed-date-ranking-uses-effective.test.mts"
"tests","*.test.*","tests/feed-language-reachability.test.mts"
"tests","tests/*","tests/feed-resolution.test.mts"
"tests","tests/*","tests/feeds-client-server-parity.test.mjs"
"tests","tests/*","tests/feeds-time-gate.test.mts"
"tests","*.test.*","tests/feelgood-classifier.test.mjs"
"tests","tests/*","tests/fixtures/analysis-producer-payloads.json"
"tests","tests/*","tests/fixtures/china-corporate-disclosures/collisions.json"
"tests","tests/*","tests/fixtures/china-corporate-disclosures/sse.json"
"tests","tests/*","tests/fixtures/china-corporate-disclosures/szse.json"
"tests","tests/*","tests/fixtures/china-macro/bis-policy.json"
"tests","tests/*","tests/fixtures/china-macro/chinamoney-lpr.json"
"tests","tests/*","tests/fixtures/china-macro/fred-dexchus.json"
"tests","tests/*","tests/fixtures/china-macro/hkma-cny.json"
"tests","tests/*","tests/fixtures/china-macro/nbs-calendar.html"
"tests","tests/*","tests/fixtures/china-macro/nbs-fai.html"
"tests","tests/*","tests/fixtures/china-macro/nbs-industrial.html"
"tests","tests/*","tests/fixtures/china-macro/nbs-list.html"
"tests","tests/*","tests/fixtures/china-macro/nbs-property.html"
"tests","tests/*","tests/fixtures/china-macro/oecd-cli.csv"
"tests","tests/*","tests/fixtures/china-macro/oecd-cpi.csv"
"tests","tests/*","tests/fixtures/china-macro/safe-list.html"
"tests","tests/*","tests/fixtures/china-macro/safe-reserves.html"
"tests","tests/*","tests/fixtures/china-macro/safe-settlement.html"
"tests","tests/*","tests/fixtures/china-policy/cac.html"
"tests","tests/*","tests/fixtures/china-policy/detail.html"
"tests","tests/*","tests/fixtures/china-policy/miit.json"
"tests","tests/*","tests/fixtures/china-policy/mofcom.html"
"tests","tests/*","tests/fixtures/china-policy/ndrc.html"
"tests","tests/*","tests/fixtures/china-policy/pboc.html"
"tests","tests/*","tests/fixtures/china-policy/samr.json"
"tests","tests/*","tests/fixtures/chokepoint-baselines-sample.json"
"tests","tests/*","tests/fixtures/cross-strait-activity/jmod-homepage.html"
"tests","tests/*","tests/fixtures/cross-strait-activity/mnd-detail.html"
"tests","tests/*","tests/fixtures/cross-strait-activity/mnd-detail-corrected.html"
"tests","tests/*","tests/fixtures/cross-strait-activity/mnd-detail-hostile-chrome.html"
"tests","tests/*","tests/fixtures/cross-strait-activity/mnd-detail-omitted-category.html"
"tests","tests/*","tests/fixtures/cross-strait-activity/mnd-list.html"
"tests","tests/*","tests/fixtures/decision-signal-provenance/china-macro-official.json"
"tests","tests/*","tests/fixtures/decision-signal-provenance/negative.json"
"tests","tests/*","tests/fixtures/decision-signal-provenance/positive.json"
"tests","tests/*","tests/fixtures/ember-monthly-sample.csv"
"tests","tests/*","tests/fixtures/fatf-blacklist-2026-02.html"
"tests","tests/*","tests/fixtures/fatf-entry-page-2026-02.html"
"tests","tests/*","tests/fixtures/fatf-greylist-2026-02.html"
"tests","tests/*","tests/fixtures/gem-pipelines-sample.json"
"tests","tests/*","tests/fixtures/iea-stocks-sample.json"
"tests","tests/*","tests/fixtures/jmespath-samples/fat-get-market-data.response.json"
"tests","tests/*","tests/fixtures/jmespath-samples/medium-get-conflict-events.response.json"
"tests","tests/*","tests/fixtures/jmespath-samples/README.md"
"tests","tests/*","tests/fixtures/jmespath-samples/thin-get-chokepoint-status.response.json"
"tests","tests/*","tests/fixtures/jodi-gas-sample.csv"
"tests","tests/*","tests/fixtures/jodi-oil-sample.csv"
"tests","tests/*","tests/fixtures/natural/hko-warnsum-tropical-cyclone.json"
"tests","tests/*","tests/fixtures/owid-energy-sample.csv"
"tests","tests/*","tests/fixtures/portwatch-arcgis-sample.json"
"tests","tests/*","tests/fixtures/prediction-markets-raw-candidates.json"
"tests","tests/*","tests/fixtures/resilience-audit-fixture.json"
"tests","tests/*","tests/fixtures/resilience-cohort-anti-inversion-ranking.json"
"tests","tests/*","tests/flush-stale-refreshes.test.mjs"
"tests","*.test.*","tests/follow-button.test.mjs"
"tests","*.test.*","tests/followed-countries-cap-drop-toast.test.mjs"
"tests","*.test.*","tests/followed-countries-fetch.test.mjs"
"tests","tests/*","tests/followed-countries-service.test.mjs"
"tests","*.test.*","tests/followed-countries-sign-in-handoff.test.mjs"
"tests","*.test.*","tests/followed-only-chip.test.mjs"
"tests","*.test.*","tests/forecast-bets-seeder.test.mjs"
"tests","tests/*","tests/forecast-dashboard-projection.test.mjs"
"tests","*.test.*","tests/forecast-detectors.test.mjs"
"tests","tests/*","tests/forecast-ensemble.test.mjs"
"tests","tests/*","tests/forecast-funnel.test.mjs"
"tests","*.test.*","tests/forecast-get-forecasts.test.mts"
"tests","*.test.*","tests/forecast-get-scorecard.test.mts"
"tests","*.test.*","tests/forecast-get-simulation-outcome.test.mts"
"tests","tests/*","tests/forecast-get-simulation-package.test.mts"
"tests","tests/*","tests/forecast-health-registration.test.mjs"
"tests","tests/*","tests/forecast-history.test.mjs"
"tests","*.test.*","tests/forecast-input-observability.test.mjs"
"tests","*.test.*","tests/forecast-integrity-provenance.test.mjs"
"tests","tests/*","tests/forecast-llm-flash-routing-and-timeout.test.mjs"
"tests","tests/*","tests/forecast-llm-telemetry.test.mjs"
"tests","*.test.*","tests/forecast-narrative-cache-hash.test.mjs"
"tests","tests/*","tests/forecast-resolution.test.mjs"
"tests","tests/*","tests/forecast-resolution-eval.test.mjs"
"tests","tests/*","tests/forecast-resolutions-seeder.test.mjs"
"tests","*.test.*","tests/forecast-scorecard.test.mjs"
"tests","*.test.*","tests/forecast-seed-resilience.test.mjs"
"tests","*.test.*","tests/forecasts-ticker-set-envelope-unwrap.test.mjs"
"tests","tests/*","tests/forecast-trace-export.test.mjs"
"tests","*.test.*","tests/forecast-trigger-simulation.test.mts"
"tests","tests/*","tests/format-intel-brief.test.mts"
"tests","tests/*","tests/format-price-nullsafe.test.mts"
"tests","tests/*","tests/fred-proxy-transient-classify.test.mjs"
"tests","*.test.*","tests/fred-series-batch.test.mts"
"tests","*.test.*","tests/free-tier-gate.test.mts"
"tests","*.test.*","tests/freeze-resilience-ranking-metadata.test.mjs"
"tests","tests/*","tests/freeze-resilience-ranking-metadata-parity.test.mts"
"tests","*.test.*","tests/freight-indices.test.mjs"
"tests","*.test.*","tests/frontend-cii-closeout.test.mts"
"tests","*.test.*","tests/frontend-cii-legacy-api-guard.test.mts"
"tests","tests/*","tests/frontend-cii-source-of-truth.test.mts"
"tests","tests/*","tests/fuel-shortage-registry-store.test.mts"
"tests","tests/*","tests/fuel-shortages-registry.test.mts"
"tests","tests/*","tests/funnel-analytics-policy.test.mjs"
"tests","tests/*","tests/gas-storage-countries-seed.test.mjs"
"tests","tests/*","tests/gateway-cdn-origin-policy.test.mts"
"tests","*.test.*","tests/gateway-internal-mcp.test.mjs"
"tests","*.test.*","tests/gateway-pro-fresh-cache.test.mts"
"tests","*.test.*","tests/gateway-required-bbox.test.mts"
"tests","tests/*","tests/gateway-rpc-no-store-contract.test.mts"
"tests","tests/*","tests/gdelt-bulk-consumer-cutover.test.mjs"
"tests","*.test.*","tests/gdelt-bulk-materializer.test.mjs"
"tests","*.test.*","tests/gdelt-fetch.test.mjs"
"tests","*.test.*","tests/generate-airline-codes.test.mts"
"tests","*.test.*","tests/generated-api-description-guard.test.mjs"
"tests","*.test.*","tests/generated-request-validation.test.mts"
"tests","tests/*","tests/generated-rpc-clients.test.mts"
"tests","*.test.*","tests/geo-coverage-health.test.mts"
"tests","tests/*","tests/geo-keyword-matching.test.mts"
"tests","*.test.*","tests/get-chokepoint-history.test.mjs"
"tests","tests/*","tests/get-regime-history.test.mts"
"tests","*.test.*","tests/get-regional-snapshot.test.mts"
"tests","tests/*","tests/gie-gas-storage-seed.test.mjs"
"tests","tests/*","tests/giving-cache-key-parity.test.mjs"
"tests","*.test.*","tests/giving-client-state.test.mts"
"tests","*.test.*","tests/giving-panel-expiry.test.mts"
"tests","tests/*","tests/giving-panel-provenance.test.mts"
"tests","tests/*","tests/giving-provenance.test.mts"
"tests","*.test.*","tests/giving-service-recovery.test.mts"
"tests","*.test.*","tests/global-procurement-ui-guard.test.mts"
"tests","tests/*","tests/global-tender-health.test.mjs"
"tests","tests/*","tests/global-tenders.test.mjs"
"tests","tests/*","tests/global-tenders-entity-decode.test.mjs"
"tests","tests/*","tests/global-tender-sources.test.mjs"
"tests","*.test.*","tests/global-tenders-sam-rate-limit.test.mjs"
"tests","*.test.*","tests/global-tenders-transient-retry.test.mjs"
"tests","*.test.*","tests/globe-2d-3d-parity.test.mjs"
"tests","*.test.*","tests/globe-default-map-mode.test.mts"
"tests","*.test.*","tests/globe-marker-budget.test.mts"
"tests","*.test.*","tests/globe-marker-probe.test.mts"
"tests","tests/*","tests/globe-tooltip-enrichment.test.mjs"
"tests","*.test.*","tests/glossary-data.test.mjs"
"tests","tests/*","tests/gold-cb-reserves-seed.test.mjs"
"tests","*.test.*","tests/gold-etf-flows-seed.test.mjs"
"tests","*.test.*","tests/gold-intelligence.test.mjs"
"tests","*.test.*","tests/gold-intelligence-seed.test.mjs"
"tests","tests/*","tests/google-flights.test.mts"
"tests","*.test.*","tests/gpsjam-org-restore.test.mjs"
"tests","tests/*","tests/gscpi-shape-extraction.test.mjs"
"tests","*.test.*","tests/gulf-fdi-data.test.mjs"
"tests","*.test.*","tests/handlers.test.mts"
"tests","*.test.*","tests/hapi-app-identifier-not-flagged.test.mjs"
"tests","*.test.*","tests/hapi-gdelt-circuit-breakers.test.mjs"
"tests","tests/*","tests/health-classify.test.mjs"
"tests","tests/*","tests/health-compact-cdn-cache.test.mjs"
"tests","tests/*","tests/health-content-age.test.mjs"
"tests","*.test.*","tests/health-content-freshness.test.mjs"
"tests","tests/*","tests/health-empty-data-ok.test.mjs"
"tests","*.test.*","tests/health-history-endpoint.test.mjs"
"tests","tests/*","tests/health-list-data-keys.test.mjs"
"tests","*.test.*","tests/health-redis-down-status.test.mjs"
"tests","tests/*","tests/health-verdict-compact-snapshot.test.mjs"
"tests","tests/*","tests/health-verdict-snapshot.test.mjs"
"tests","tests/*","tests/helpers/chat-analyst-panel-harness.mjs"
"tests","tests/*","tests/helpers/china-macro-fixture.mjs"
"tests","tests/*","tests/helpers/country-deep-dive-panel-harness.mjs"
"tests","tests/*","tests/helpers/fake-upstash-redis.mts"
"tests","tests/*","tests/helpers/json-schema-mini.mjs"
"tests","tests/*","tests/helpers/llm-health-stub.ts"
"tests","tests/*","tests/helpers/mcp-output-budget.mjs"
"tests","tests/*","tests/helpers/mcp-pro-deps.mjs"
"tests","tests/*","tests/helpers/mini-dom.mts"
"tests","tests/*","tests/helpers/minimal-panel-harness.mjs"
"tests","tests/*","tests/helpers/premium-check-stub.ts"
"tests","tests/*","tests/helpers/premium-check-stub-true.ts"
"tests","tests/*","tests/helpers/resilience-cohorts.mts"
"tests","tests/*","tests/helpers/resilience-fixtures.mts"
"tests","tests/*","tests/helpers/resilience-matched-pairs.mts"
"tests","tests/*","tests/helpers/resilience-release-fixtures.mts"
"tests","tests/*","tests/helpers/resilience-scorer-doc-parity-specs.mts"
"tests","tests/*","tests/helpers/runtime-config-panel-harness.mjs"
"tests","*.test.*","tests/hosted-checkout-url.test.mts"
"tests","*.test.*","tests/html-entities.test.mjs"
"tests","*.test.*","tests/hub-activity-hydration.test.mts"
"tests","tests/*","tests/hydration-scheduler.test.mts"
"tests","tests/*","tests/hyperliquid-flow-seed.test.mjs"
"tests","*.test.*","tests/i18n-english-shell.test.mjs"
"tests","tests/*","tests/i18n-hreflang-contract.test.mts"
"tests","tests/*","tests/i18n-language-detection.test.mts"
"tests","tests/*","tests/iea-oil-stocks-content-age.test.mjs"
"tests","*.test.*","tests/iea-oil-stocks-seed.test.mjs"
"tests","*.test.*","tests/imf-country-data.test.mts"
"tests","*.test.*","tests/imf-weo-content-age.test.mjs"
"tests","tests/*","tests/importance-score-parity.test.mjs"
"tests","tests/*","tests/import-gem-pipelines.test.mjs"
"tests","*.test.*","tests/indexable-content-visibility.test.mjs"
"tests","tests/*","tests/indexnow-submit.test.mjs"
"tests","tests/*","tests/ingestion-operational-contract.test.mjs"
"tests","tests/*","tests/inp-report.test.mts"
"tests","tests/*","tests/insider-transactions.test.mts"
"tests","*.test.*","tests/insights-brief-early-paint.test.mts"
"tests","*.test.*","tests/insights-brief-sources-static.test.mts"
"tests","tests/*","tests/insights-loader.test.mjs"
"tests","tests/*","tests/intel-feed-category-tag-contrast.test.mts"
"tests","*.test.*","tests/intel-history-endpoints.test.mts"
"tests","tests/*","tests/intel-history-untrusted-content.test.mjs"
"tests","*.test.*","tests/intelligence-gap-badge-polling.test.mts"
"tests","*.test.*","tests/internal-auth-timing-safe.test.mts"
"tests","*.test.*","tests/iran-events-sunset.test.mts"
"tests","*.test.*","tests/jodi-gas-seed.test.mjs"
"tests","*.test.*","tests/jodi-oil-seed.test.mjs"
"tests","*.test.*","tests/js-source-structure.test.mjs"
"tests","tests/*","tests/layer-explanations.test.mts"
"tests","*.test.*","tests/layout-batch.test.mts"
"tests","*.test.*","tests/lcp-attribution.test.mts"
"tests","*.test.*","tests/lcp-attribution-contract.test.mjs"
"tests","tests/*","tests/lcp-debug-gating.test.mts"
"tests","tests/*","tests/lcp-report.test.mts"
"tests","tests/*","tests/leads-gateway-public.test.mts"
"tests","tests/*","tests/license-docs.test.mjs"
"tests","tests/*","tests/license-key-guidance.test.mjs"
"tests","*.test.*","tests/lint-md-script-scope.test.mjs"
"tests","tests/*","tests/list-airport-delays.test.mjs"
"tests","tests/*","tests/list-disease-outbreaks-handler.test.mjs"
"tests","tests/*","tests/list-global-tenders.test.mts"
"tests","*.test.*","tests/live-api-cache-auth-regression.test.mjs"
"tests","*.test.*","tests/live-media-controller.test.mts"
"tests","tests/*","tests/live-news-hls.test.mjs"
"tests","*.test.*","tests/live-news-panel-guard.test.mts"
"tests","tests/*","tests/live-tankers-service.test.mts"
"tests","*.test.*","tests/live-webcams-origin.test.mts"
"tests","*.test.*","tests/llm-health.test.mts"
"tests","*.test.*","tests/llm-sanitize.test.mjs"
"tests","*.test.*","tests/llms-txt-mcp-tools.test.mjs"
"tests","tests/*","tests/llm-usage-telemetry.test.mts"
"tests","tests/*","tests/load-all-data-scheduling.test.mts"
"tests","*.test.*","tests/locale-completeness.test.mjs"
"tests","tests/*","tests/locale-staleness.test.mjs"
"tests","tests/*","tests/locale-translation-guard.test.mjs"
"tests","tests/*","tests/local-secret-dumps-check.test.mjs"
"tests","tests/*","tests/macro-tiles-china-ui.test.mts"
"tests","*.test.*","tests/mainjs-eager-clients.test.mjs"
"tests","*.test.*","tests/makefile-generate-plugin-path.test.mjs"
"tests","*.test.*","tests/map-container-size-cache.test.mjs"
"tests","tests/*","tests/map-country-drag-click.test.mjs"
"tests","*.test.*","tests/map-deferred-overlays.test.mts"
"tests","*.test.*","tests/map-fullscreen-resize.test.mjs"
"tests","tests/*","tests/map-harness.html"
"tests","tests/*","tests/map-input-delay-interactions.test.mts"
"tests","tests/*","tests/map-layer-executable.test.mts"
"tests","*.test.*","tests/map-layer-initial-url-gate.test.mts"
"tests","*.test.*","tests/map-locale.test.mts"
"tests","tests/*","tests/map-mobile-feature-caps.test.mjs"
"tests","*.test.*","tests/map-mobile-topology.test.mts"
"tests","*.test.*","tests/map-overlay-var-write-gate.test.mjs"
"tests","tests/*","tests/map-renderer-deferral.test.mjs"
"tests","tests/*","tests/map-svg-layer-gate.test.mts"
"tests","tests/*","tests/map-svg-zoom-layer-dom.test.mjs"
"tests","tests/*","tests/map-trade-animation-loop.test.mjs"
"tests","tests/*","tests/map-trade-trip-position.test.mjs"
"tests","tests/*","tests/marker-pulse-settle.test.mjs"
"tests","tests/*","tests/market-breadth.test.mjs"
"tests","*.test.*","tests/market-chart-interactions.test.mts"
"tests","*.test.*","tests/market-hours.test.mjs"
"tests","*.test.*","tests/market-implications.test.mts"
"tests","*.test.*","tests/market-implications-budget-starve.test.mjs"
"tests","*.test.*","tests/market-implications-cache-guard.test.mjs"
"tests","tests/*","tests/market-implications-seed-health.test.mjs"
"tests","tests/*","tests/market-methodology-doc-contracts.test.mjs"
"tests","tests/*","tests/market-panel-co-render.test.mts"
"tests","tests/*","tests/market-quote-cache-keying.test.mjs"
"tests","*.test.*","tests/market-quote-refresh.test.mjs"
"tests","tests/*","tests/market-service-symbol-casing.test.mjs"
"tests","*.test.*","tests/markets-news-wiring.test.mjs"
"tests","tests/*","tests/mcp.test.mjs"
"tests","*.test.*","tests/mcp-analysis-cache-tools.test.mjs"
"tests","tests/*","tests/mcp-analysis-geo-adapters.test.mjs"
"tests","*.test.*","tests/mcp-analysis-rpc-tools.test.mjs"
"tests","*.test.*","tests/mcp-analysis-rpc-tools-contract.test.mjs"
"tests","tests/*","tests/mcp-anon-client-conformance.test.mjs"
"tests","*.test.*","tests/mcp-api-parity.test.mjs"
"tests","*.test.*","tests/mcp-auth-entitlement-and-limits.test.mjs"
"tests","tests/*","tests/mcp-billing-denial.test.mjs"
"tests","tests/*","tests/mcp-bootstrap-parity.test.mjs"
"tests","*.test.*","tests/mcp-capability-parity.test.mjs"
"tests","*.test.*","tests/mcp-connect-modal-interval.test.mts"
"tests","tests/*","tests/mcp-error-fingerprint.test.mjs"
"tests","tests/*","tests/mcp-grant-denial.test.mts"
"tests","*.test.*","tests/mcp-grant-mint.test.mjs"
"tests","tests/*","tests/mcp-intel-history-post-body.test.mts"
"tests","tests/*","tests/mcp-jmespath.test.mjs"
"tests","tests/*","tests/mcp-jmespath-doc-parity.test.mjs"
"tests","tests/*","tests/mcp-news-auth-docs-contract.test.mjs"
"tests","*.test.*","tests/mcp-nlp-tools.test.mjs"
"tests","tests/*","tests/mcp-output-budget.test.mjs"
"tests","tests/*","tests/mcp-output-schema-coverage.test.mjs"
"tests","tests/*","tests/mcp-portwatch-content-freshness-parity.test.mjs"
"tests","*.test.*","tests/mcp-prediction-market-description.test.mjs"
"tests","*.test.*","tests/mcp-presets.test.mjs"
"tests","*.test.*","tests/mcp-procurement-tool.test.mjs"
"tests","*.test.*","tests/mcp-prompts.test.mjs"
"tests","*.test.*","tests/mcp-protocol-conformance.test.mjs"
"tests","*.test.*","tests/mcp-protocol-version.test.mjs"
"tests","tests/*","tests/mcp-proxy.test.mjs"
"tests","tests/*","tests/mcp-quota.test.mjs"
"tests","tests/*","tests/mcp-quota-concurrent.test.mjs"
"tests","*.test.*","tests/mcp-quota-no-refund.test.mjs"
"tests","*.test.*","tests/mcp-quota-plan-driven.test.mjs"
"tests","*.test.*","tests/mcp-registry-artifacts.test.mjs"
"tests","tests/*","tests/mcp-resources.test.mjs"
"tests","*.test.*","tests/mcp-revoke.test.mjs"
"tests","*.test.*","tests/mcp-schema-default-parity.test.mjs"
"tests","*.test.*","tests/mcp-sector-valuation-coverage.test.mts"
"tests","tests/*","tests/mcp-telemetry-schema.test.mjs"
"tests","tests/*","tests/mcp-tool-annotations.test.mjs"
"tests","tests/*","tests/mcp-tool-output-contracts.test.mjs"
"tests","*.test.*","tests/mcp-tools-list-compression.test.mjs"
"tests","tests/*","tests/mcp-tools-reference-docs.test.mjs"
"tests","tests/*","tests/mcp-transport-conformance.test.mjs"
"tests","tests/*","tests/mcp-usage-telemetry.test.mjs"
"tests","*.test.*","tests/mcp-user-key-auth.test.mjs"
"tests","*.test.*","tests/mcp-world-brief-routing.test.mjs"
"tests","tests/*","tests/mdx-lint.test.mjs"
"tests","tests/*","tests/measure-composited-layers.test.mts"
"tests","*.test.*","tests/measure-dashboard-render-axis.test.mts"
"tests","*.test.*","tests/measure-desktop-mainthread.test.mts"
"tests","*.test.*","tests/measure-mobile-mainthread.test.mts"
"tests","tests/*","tests/meta-tags.test.mts"
"tests","tests/*","tests/middleware-bot-gate.test.mts"
"tests","*.test.*","tests/military-classification.test.mjs"
"tests","tests/*","tests/military-flight-classification.test.mjs"
"tests","*.test.*","tests/military-flight-pagination.test.mts"
"tests","*.test.*","tests/military-hex-confidence.test.mjs"
"tests","*.test.*","tests/military-surges.test.mjs"
"tests","tests/*","tests/mission-presets.test.mts"
"tests","*.test.*","tests/ml-worker-load-dedupe.test.mts"
"tests","tests/*","tests/mobile-bottom-navigation.test.mts"
"tests","tests/*","tests/mobile-map-harness.html"
"tests","tests/*","tests/mobile-map-integration-harness.html"
"tests","*.test.*","tests/mobile-overlay-history.test.mts"
"tests","tests/*","tests/mobile-panel-nav-categories.test.mts"
"tests","*.test.*","tests/multi-sector-cost-shock.test.mjs"
"tests","*.test.*","tests/national-debt-panel-refresh.test.mts"
"tests","*.test.*","tests/national-debt-seed.test.mjs"
"tests","tests/*","tests/national-debt-ticker.test.mts"
"tests","tests/*","tests/natural-cyclone-contract.test.mjs"
"tests","tests/*","tests/natural-events-western-pacific-seed.test.mjs"
"tests","tests/*","tests/news-classifier-historical-downgrade.test.mts"
"tests","*.test.*","tests/news-classifier-llm-historical-guard.test.mts"
"tests","tests/*","tests/news-classify-cache-hit-validation.test.mts"
"tests","tests/*","tests/news-classify-cache-prefix-audit.test.mjs"
"tests","*.test.*","tests/news-classify-cache-tier-cap.test.mts"
"tests","tests/*","tests/news-digest-acceptance.test.mts"
"tests","tests/*","tests/news-digest-methodology-parity.test.mjs"
"tests","*.test.*","tests/news-digest-timeout-budget.test.mts"
"tests","*.test.*","tests/news-feed-digest-entity-decode.test.mts"
"tests","tests/*","tests/news-feed-digest-rss-sniff.test.mts"
"tests","*.test.*","tests/news-feed-key-parity.test.mts"
"tests","tests/*","tests/news-feed-rotation.test.mts"
"tests","*.test.*","tests/news-freshness-floor.test.mts"
"tests","*.test.*","tests/news-loader-sequencing.test.mts"
"tests","tests/*","tests/news-panel-key-reachability.test.mts"
"tests","tests/*","tests/news-panel-source-coverage.test.mts"
"tests","tests/*","tests/news-rss-description-extract.test.mts"
"tests","tests/*","tests/news-rss-pubdate-required.test.mts"
"tests","tests/*","tests/news-story-track-description-persistence.test.mts"
"tests","tests/*","tests/news-story-track-prefix-parity.test.mts"
"tests","tests/*","tests/news-ticker-extract.test.mjs"
"tests","tests/*","tests/nixpacks-seeder-import-graph.test.mjs"
"tests","*.test.*","tests/nlp-shared-cores.test.mjs"
"tests","tests/*","tests/nlweb-ask.test.mjs"
"tests","tests/*","tests/no-non-timing-safe-secret-compare.test.mts"
"tests","*.test.*","tests/notification-channels-billing-denial.test.mts"
"tests","*.test.*","tests/notification-channels-billing-retry.test.mts"
"tests","tests/*","tests/notification-channels-countries-contract.test.mjs"
"tests","tests/*","tests/notification-channels-relay-timeout.test.mts"
"tests","tests/*","tests/notification-channels-watchlist-sync.test.mts"
"tests","*.test.*","tests/notification-relay-coalesce-key.test.mjs"
"tests","*.test.*","tests/notification-relay-country-filter.test.mjs"
"tests","*.test.*","tests/notification-relay-country-scope-5359.test.mjs"
"tests","*.test.*","tests/notification-relay-effective-sensitivity.test.mjs"
"tests","*.test.*","tests/notification-relay-enabled-rules-timeout.test.mjs"
"tests","tests/*","tests/notification-relay-payload-audit.test.mjs"
"tests","tests/*","tests/notification-relay-shadow-log.test.mjs"
"tests","tests/*","tests/notification-relay-telegram-retry.test.mjs"
"tests","tests/*","tests/notification-relay-ticker-filter.test.mjs"
"tests","tests/*","tests/notification-relay-welcome-identity.test.mjs"
"tests","tests/*","tests/notifications-settings-country-picker.test.mts"
"tests","tests/*","tests/notifications-settings-ui-invariants.test.mjs"
"tests","tests/*","tests/notification-webhook-ssrf.test.mts"
"tests","tests/*","tests/notify-internal-events.test.mts"
"tests","tests/*","tests/nuclear-facilities-registry.test.mjs"
"tests","*.test.*","tests/oauth-authorize.test.mjs"
"tests","tests/*","tests/oauth-authorize-origin.test.mjs"
"tests","tests/*","tests/oauth-authorize-pro.test.mjs"
"tests","tests/*","tests/oauth-state-replay.test.mjs"
"tests","tests/*","tests/oauth-token.test.mjs"
"tests","*.test.*","tests/oil-inventories.test.mjs"
"tests","*.test.*","tests/openapi-async-jobs-contract.test.mjs"
"tests","tests/*","tests/openapi-batch-contract.test.mjs"
"tests","*.test.*","tests/openapi-deprecated-contract.test.mjs"
"tests","*.test.*","tests/openapi-empty-200-degradation.test.mjs"
"tests","tests/*","tests/openapi-examples-contract.test.mjs"
"tests","tests/*","tests/openapi-filter-param-schemas.test.mjs"
"tests","*.test.*","tests/openapi-idempotency-contract.test.mjs"
"tests","*.test.*","tests/openapi-jmespath-contract.test.mjs"
"tests","*.test.*","tests/openapi-json-dedup.test.mjs"
"tests","tests/*","tests/openapi-rate-limit-errors-contract.test.mjs"
"tests","*.test.*","tests/openapi-security-contract.test.mjs"
"tests","*.test.*","tests/openapi-seo-description.test.mjs"
"tests","*.test.*","tests/openapi-servers-contract.test.mjs"
"tests","*.test.*","tests/openapi-webhooks-contract.test.mjs"
"tests","tests/*","tests/open-meteo-proxy-fallback.test.mjs"
"tests","tests/*","tests/opinion-classifier.test.mjs"
"tests","*.test.*","tests/orbit-controls-pointer-guard.test.mjs"
"tests","tests/*","tests/oref-breaking.test.mjs"
"tests","*.test.*","tests/oref-locations.test.mjs"
"tests","*.test.*","tests/oref-proxy.test.mjs"
"tests","*.test.*","tests/owid-energy-mix-seed.test.mjs"
"tests","*.test.*","tests/panel-attached-fetch-guard.test.mts"
"tests","*.test.*","tests/panel-cluster-chunks.test.mjs"
"tests","tests/*","tests/panel-config-guardrails.test.mjs"
"tests","tests/*","tests/panel-freshness-badge.test.mts"
"tests","*.test.*","tests/panel-layout-dynamic-import-guard.test.mts"
"tests","tests/*","tests/panel-mount-deferral.test.mts"
"tests","*.test.*","tests/panel-row-stability.test.mjs"
"tests","tests/*","tests/panel-run-when-connected.test.mts"
"tests","tests/*","tests/panel-storage-cache.test.mts"
"tests","*.test.*","tests/panel-unlock-restore.test.mts"
"tests","*.test.*","tests/panel-variant-config.test.mts"
"tests","*.test.*","tests/perf-composited-animations.test.mjs"
"tests","tests/*","tests/pipeline-dedup.test.mjs"
"tests","*.test.*","tests/pipeline-evidence-derivation.test.mts"
"tests","*.test.*","tests/pipeline-panel-bootstrap.test.mts"
"tests","*.test.*","tests/pipeline-registry-store.test.mts"
"tests","*.test.*","tests/pipelines-registry.test.mts"
"tests","tests/*","tests/playback-gate.test.mts"
"tests","tests/*","tests/pool-coverage.test.mjs"
"tests","tests/*","tests/population-exposure-panel-safe-html.test.mts"
"tests","*.test.*","tests/portwatch-chokepoints-ref-seed.test.mjs"
"tests","*.test.*","tests/portwatch-content-freshness.test.mjs"
"tests","tests/*","tests/portwatch-disruptions-seed.test.mjs"
"tests","tests/*","tests/portwatch-port-activity-recovery.test.mjs"
"tests","tests/*","tests/portwatch-port-activity-seed.test.mjs"
"tests","*.test.*","tests/portwatch-retry-on-empty.test.mjs"
"tests","tests/*","tests/portwatch-upstream.test.mjs"
"tests","tests/*","tests/positive-events-freshness.test.mts"
"tests","tests/*","tests/power-reliability-content-age.test.mjs"
"tests","*.test.*","tests/prediction-country-markets-pools.test.mts"
"tests","*.test.*","tests/prediction-market-classification.test.mjs"
"tests","tests/*","tests/prediction-market-rpc.test.mts"
"tests","*.test.*","tests/prediction-scoring.test.mjs"
"tests","tests/*","tests/premium-bearer-free-identity.test.mts"
"tests","*.test.*","tests/premium-check-verification-unavailable.test.mts"
"tests","*.test.*","tests/premium-denial.test.mts"
"tests","*.test.*","tests/premium-fetch.test.mts"
"tests","tests/*","tests/premium-loaders-fan-out-coverage.test.mts"
"tests","tests/*","tests/premium-paths-guard.test.mts"
"tests","*.test.*","tests/premium-stock-gateway.test.mts"
"tests","tests/*","tests/premium-unauthenticated-denial.test.mts"
"tests","*.test.*","tests/prepush-attest.test.mjs"
"tests","tests/*","tests/prepush-changed-tests.test.mjs"
"tests","*.test.*","tests/prepush-hook-gate.test.mjs"
"tests","*.test.*","tests/pricing-docs-drift.test.mjs"
"tests","*.test.*","tests/pro-activation-alerts-blocked.test.mts"
"tests","*.test.*","tests/pro-activation-controller.test.mts"
"tests","*.test.*","tests/pro-activation-state.test.mts"
"tests","tests/*","tests/pro-banner-entitlement-race.test.mts"
"tests","tests/*","tests/pro-checkout-intent-url.test.mts"
"tests","*.test.*","tests/pro-checkout-rate-limit.test.mts"
"tests","*.test.*","tests/pro-critical-css.test.mjs"
"tests","tests/*","tests/pro-critical-path-budget.test.mts"
"tests","tests/*","tests/product-catalog-api-allowance.test.mts"
"tests","*.test.*","tests/product-catalog-data-export.test.mts"
"tests","tests/*","tests/product-catalog-freshness.test.mjs"
"tests","tests/*","tests/progress-data-fallback-disclosure.test.mts"
"tests","tests/*","tests/pro-json-entitlement-gates.test.mts"
"tests","tests/*","tests/pro-locale-freshness.test.mjs"
"tests","tests/*","tests/pro-locale-registry.test.mjs"
"tests","*.test.*","tests/pro-mcp-token.test.mjs"
"tests","tests/*","tests/pro-pricing-billing-mode.test.mts"
"tests","tests/*","tests/pro-sentry-chunk.test.mjs"
"tests","*.test.*","tests/pro-signal-bars-compositor.test.mjs"
"tests","tests/*","tests/pro-welcome-auth-probe.test.mts"
"tests","tests/*","tests/pro-welcome-bootstrap.test.mts"
"tests","*.test.*","tests/pro-welcome-prerender.test.mjs"
"tests","*.test.*","tests/proxy-persistent-response-cache.test.mts"
"tests","*.test.*","tests/proxy-utils.test.mjs"
"tests","*.test.*","tests/public-doc-plan-references.test.mjs"
"tests","tests/*","tests/public-product-facts.test.mjs"
"tests","tests/*","tests/public-rpc-fetch.test.mts"
"tests","*.test.*","tests/publish-bootstrap-tiers.test.mjs"
"tests","tests/*","tests/purge-tech-events-cache.test.mjs"
"tests","tests/*","tests/quiet-hours.test.mjs"
"tests","tests/*","tests/quiet-hours-rollout-flags.test.mjs"
"tests","*.test.*","tests/r2-storage-s3-timeout.test.mjs"
"tests","*.test.*","tests/railway-services-registry-coverage.test.mts"
"tests","tests/*","tests/railway-watch-path-audit.test.mjs"
"tests","tests/*","tests/railway-watch-path-drift-regression.test.mjs"
"tests","tests/*","tests/rate-limit.test.mts"
"tests","*.test.*","tests/reddit-oauth-fetch.test.mjs"
"tests","*.test.*","tests/redis-caching.test.mjs"
"tests","tests/*","tests/redis-op-timeout-env.test.mts"
"tests","*.test.*","tests/redis-rest-proxy-url-masking.test.mjs"
"tests","*.test.*","tests/referral-capture.test.mts"
"tests","*.test.*","tests/refund-alert-classifier.test.mts"
"tests","tests/*","tests/regional-intelligence-board.test.mts"
"tests","tests/*","tests/regional-narrative-cache.test.mjs"
"tests","tests/*","tests/regional-snapshot.test.mjs"
"tests","tests/*","tests/regional-snapshot-alerts.test.mjs"
"tests","*.test.*","tests/regional-snapshot-envelope-unwrap.test.mjs"
"tests","tests/*","tests/regional-snapshot-mobility.test.mjs"
"tests","*.test.*","tests/regional-snapshot-narrative.test.mjs"
"tests","tests/*","tests/regional-snapshot-narrative-retry.test.mjs"
"tests","tests/*","tests/regional-snapshot-regime-history.test.mjs"
"tests","*.test.*","tests/regional-snapshot-render-escape-guard.test.mjs"
"tests","tests/*","tests/regional-snapshot-sanitize.test.mjs"
"tests","tests/*","tests/regional-snapshot-weekly-brief.test.mjs"
"tests","*.test.*","tests/register-interest-desktop-auth.test.mjs"
"tests","*.test.*","tests/regulatory-contract.test.mjs"
"tests","tests/*","tests/regulatory-entity-decode.test.mjs"
"tests","tests/*","tests/regulatory-seed-unit.test.mjs"
"tests","*.test.*","tests/related-assets-lazy-datacenters.test.mjs"
"tests","*.test.*","tests/relay-auth.test.mjs"
"tests","*.test.*","tests/relay-boot-seed-freshness-guard.test.mjs"
"tests","tests/*","tests/relay-helper.test.mjs"
"tests","tests/*","tests/relay-importance-recompute.test.mjs"
"tests","tests/*","tests/relay-tanker-shipstatic.test.mjs"
"tests","tests/*","tests/relay-warm-ping-auth.test.mts"
"tests","tests/*","tests/renewable-energy-last-known-good.test.mts"
"tests","*.test.*","tests/renewable-energy-panel-state.test.mts"
"tests","tests/*","tests/replay-digest-cooldown-harness.test.mjs"
"tests","*.test.*","tests/repo-hygiene.test.mjs"
"tests","tests/*","tests/report-activation-lift.test.mjs"
"tests","tests/*","tests/research-report-corpus.test.mjs"
"tests","*.test.*","tests/resend-sender-normalize.test.mjs"
"tests","*.test.*","tests/resilience-baseline-snapshot-ordering.test.mjs"
"tests","tests/*","tests/resilience-cache-keys-health-sync.test.mts"
"tests","tests/*","tests/resilience-cohort-anti-inversion.test.mts"
"tests","tests/*","tests/resilience-cohort-bias-anchors.test.mts"
"tests","tests/*","tests/resilience-cohort-config.test.mts"
"tests","tests/*","tests/resilience-confidence-averaging.test.mts"
"tests","*.test.*","tests/resilience-construct-invariants.test.mts"
"tests","*.test.*","tests/resilience-country-brief.test.mjs"
"tests","*.test.*","tests/resilience-coverage-influence-gate.test.mts"
"tests","tests/*","tests/resilience-coverage-penalty.test.mts"
"tests","tests/*","tests/resilience-debt-sustainability-gap.test.mts"
"tests","tests/*","tests/resilience-dimension-freshness.test.mts"
"tests","*.test.*","tests/resilience-dimension-monotonicity.test.mts"
"tests","*.test.*","tests/resilience-dimension-scorers.test.mts"
"tests","*.test.*","tests/resilience-displacement-field-mapping.test.mts"
"tests","*.test.*","tests/resilience-doc-parity.test.mts"
"tests","*.test.*","tests/resilience-energy-v2.test.mts"
"tests","tests/*","tests/resilience-financial-system-exposure.test.mts"
"tests","*.test.*","tests/resilience-fiscal-space.test.mts"
"tests","tests/*","tests/resilience-foodwater-field-mapping.test.mts"
"tests","*.test.*","tests/resilience-freshness.test.mts"
"tests","*.test.*","tests/resilience-handlers.test.mts"
"tests","tests/*","tests/resilience-headline-eligible-field.test.mts"
"tests","tests/*","tests/resilience-headline-eligible-gate.test.mts"
"tests","*.test.*","tests/resilience-indicator-extraction-plan.test.mjs"
"tests","tests/*","tests/resilience-indicator-registry.test.mts"
"tests","*.test.*","tests/resilience-indicator-tiering.test.mts"
"tests","tests/*","tests/resilience-intervals.test.mjs"
"tests","*.test.*","tests/resilience-intervals-handler.test.mts"
"tests","*.test.*","tests/resilience-language-normalization.test.mts"
"tests","tests/*","tests/resilience-map-layer.test.mts"
"tests","*.test.*","tests/resilience-matches-country-text.test.mts"
"tests","tests/*","tests/resilience-methodology-lint.test.mts"
"tests","tests/*","tests/resilience-net-imports-denominator.test.mts"
"tests","tests/*","tests/resilience-per-capita-normalization.test.mts"
"tests","*.test.*","tests/resilience-pillar-aggregation.test.mts"
"tests","tests/*","tests/resilience-pillar-combine-activation.test.mts"
"tests","*.test.*","tests/resilience-pillar-schema.test.mts"
"tests","*.test.*","tests/resilience-ranking.test.mts"
"tests","tests/*","tests/resilience-ranking-snapshot.test.mts"
"tests","tests/*","tests/resilience-recovery-ordering.test.mts"
"tests","tests/*","tests/resilience-recovery-weight-rebalance.test.mts"
"tests","tests/*","tests/resilience-reference-recompute.test.mts"
"tests","*.test.*","tests/resilience-release-gate.test.mts"
"tests","*.test.*","tests/resilience-retired-dimensions-parity.test.mts"
"tests","*.test.*","tests/resilience-runtime-manifest.test.mts"
"tests","tests/*","tests/resilience-scorers.test.mts"
"tests","tests/*","tests/resilience-scores-seed.test.mjs"
"tests","tests/*","tests/resilience-seed-refresh-auth.test.mts"
"tests","*.test.*","tests/resilience-sensitivity-v2.test.mts"
"tests","*.test.*","tests/resilience-source-comprehensive-flag.test.mts"
"tests","*.test.*","tests/resilience-source-failure.test.mts"
"tests","*.test.*","tests/resilience-staleness-confidence.test.mts"
"tests","tests/*","tests/resilience-staleness-factor-parity.test.mts"
"tests","tests/*","tests/resilience-static-seed.test.mjs"
"tests","tests/*","tests/resilience-stats.test.mts"
"tests","*.test.*","tests/resilience-trade-policy-formula.test.mts"
"tests","*.test.*","tests/resilience-universe-filter.test.mts"
"tests","tests/*","tests/resilience-validation-artifacts-schema.test.mts"
"tests","tests/*","tests/resilience-validation-import-graph.test.mjs"
"tests","tests/*","tests/resilience-widget.test.mts"
"tests","tests/*","tests/response-projection.test.mjs"
"tests","*.test.*","tests/responsive-zone-listener.test.mjs"
"tests","tests/*","tests/retract-intel-history-cli.test.mjs"
"tests","*.test.*","tests/route-cache-tier.test.mjs"
"tests","tests/*","tests/route-drawing-layers.test.mjs"
"tests","*.test.*","tests/route-explorer-keyboard.test.mts"
"tests","tests/*","tests/route-explorer-lane.test.mts"
"tests","*.test.*","tests/route-explorer-pickers.test.mts"
"tests","*.test.*","tests/route-explorer-resilience-ui.test.mts"
"tests","*.test.*","tests/route-explorer-url-state.test.mts"
"tests","*.test.*","tests/rpc-premium-billing-denial.test.mts"
"tests","tests/*","tests/rss-mobile-yielding.test.mts"
"tests","tests/*","tests/runtime-config-panel-visibility.test.mjs"
"tests","*.test.*","tests/runtime-env-guards.test.mjs"
"tests","tests/*","tests/runtime-harness.html"
"tests","*.test.*","tests/safe-html-guard.test.mjs"
"tests","tests/*","tests/sanctions-pressure.test.mjs"
"tests","tests/*","tests/sanctions-seed-unit.test.mjs"
"tests","*.test.*","tests/sanctions-source-recovery.test.mjs"
"tests","tests/*","tests/sandbox-fixtures.test.mjs"
"tests","*.test.*","tests/sanitize.test.mts"
"tests","tests/*","tests/sanitize-safe-html.test.mts"
"tests","tests/*","tests/save-to-storage-quota-guard.test.mjs"
"tests","tests/*","tests/scenario-handler.test.mjs"
"tests","tests/*","tests/scripts-railway-nixpacks-no-escape-import.test.mts"
"tests","*.test.*","tests/scripts-shared-mirror.test.mjs"
"tests","*.test.*","tests/sdk-packages.test.mjs"
"tests","*.test.*","tests/search-add-disabled-panel-wiring.test.mjs"
"tests","tests/*","tests/search-cmdk-premium-layer-gate.test.mts"
"tests","tests/*","tests/search-command-deck.test.mts"
"tests","tests/*","tests/search-debounce.test.mts"
"tests","tests/*","tests/search-flight-prices-fail-closed.test.mts"
"tests","tests/*","tests/search-mobile-first-paint.test.mts"
"tests","*.test.*","tests/search-open-state-machine.test.mjs"
"tests","tests/*","tests/sebuf-query-param-contract.test.mjs"
"tests","tests/*","tests/sec-corporate-intel.test.mts"
"tests","*.test.*","tests/sec-corporate-intel-material-events.test.mts"
"tests","tests/*","tests/sec-corporate-intel-mcp.test.mts"
"tests","tests/*","tests/sec-corporate-intel-production-registration.test.mts"
"tests","*.test.*","tests/secondary-startup.test.mts"
"tests","tests/*","tests/sector-route-explorer.test.mjs"
"tests","*.test.*","tests/sector-valuations.test.mjs"
"tests","*.test.*","tests/security-advisories-entity-decode.test.mjs"
"tests","tests/*","tests/security-advisory-source-contract.test.mts"
"tests","tests/*","tests/security-audit-baseline.test.mjs"
"tests","tests/*","tests/seed-aaii-sentiment.test.mjs"
"tests","tests/*","tests/seed-bis-lbs.test.mjs"
"tests","*.test.*","tests/seed-bundle-regional-briefs-cooldown.test.mjs"
"tests","tests/*","tests/seed-bundle-resilience-recovery.test.mjs"
"tests","tests/*","tests/seed-bundle-resilience-validation.test.mjs"
"tests","tests/*","tests/seed-comtrade-5xx-retry.test.mjs"
"tests","tests/*","tests/seed-comtrade-bilateral-freshness-gate.test.mjs"
"tests","*.test.*","tests/seed-comtrade-bilateral-main.test.mjs"
"tests","*.test.*","tests/seed-conflict-intel-hapi-circuit-breaker.test.mjs"
"tests","tests/*","tests/seed-conflict-intel-no-source-exit0.test.mjs"
"tests","tests/*","tests/seed-content-age-contract.test.mjs"
"tests","tests/*","tests/seed-contract.test.mjs"
"tests","*.test.*","tests/seed-contract-probe.test.mjs"
"tests","*.test.*","tests/seed-contract-transform-regressions.test.mjs"
"tests","*.test.*","tests/seed-cyber-first-seen.test.mjs"
"tests","*.test.*","tests/seed-defense-patents.test.mjs"
"tests","*.test.*","tests/seed-displacement-summary.test.mjs"
"tests","*.test.*","tests/seed-ecb-short-rates-content-age.test.mjs"
"tests","tests/*","tests/seed-economy-fred-concurrency.test.mjs"
"tests","tests/*","tests/seed-eia-petroleum.test.mjs"
"tests","tests/*","tests/seed-empty-data-is-failure.test.mjs"
"tests","tests/*","tests/seed-envelope.test.mjs"
"tests","tests/*","tests/seed-envelope-parity.test.mjs"
"tests","*.test.*","tests/seed-env-hermeticity.test.mjs"
"tests","tests/*","tests/seeder-canonical-ttl-vs-cron.test.mjs"
"tests","tests/*","tests/seeder-content-age-coverage.test.mjs"
"tests","tests/*","tests/seeder-llm-telemetry.test.mjs"
"tests","*.test.*","tests/seeder-validation-floors.test.mjs"
"tests","tests/*","tests/seed-extra-key-leak-guard.test.mjs"
"tests","*.test.*","tests/seed-fatf-listing.test.mjs"
"tests","tests/*","tests/seed-fetch-deadline-budget-invariants.test.mjs"
"tests","*.test.*","tests/seed-freshness-monitor.test.mjs"
"tests","*.test.*","tests/seed-freshness-workflow.test.mjs"
"tests","*.test.*","tests/seed-fuel-prices.test.mjs"
"tests","tests/*","tests/seed-fx-yoy.test.mjs"
"tests","*.test.*","tests/seed-gdelt-bulk-materializer.test.mjs"
"tests","tests/*","tests/seed-gdelt-intel-fetch-budget.test.mjs"
"tests","tests/*","tests/seed-gdelt-intel-fetch-rotation.test.mjs"
"tests","*.test.*","tests/seed-gdelt-intel-merge-read-warns.test.mjs"
"tests","tests/*","tests/seed-gdelt-intel-timeline-resilience.test.mjs"
"tests","*.test.*","tests/seed-health-portwatch-port-activity.test.mjs"
"tests","tests/*","tests/seed-health-prediction-pools.test.mjs"
"tests","tests/*","tests/seed-health-resilience-intervals.test.mjs"
"tests","tests/*","tests/seed-health-risk-scores.test.mjs"
"tests","*.test.*","tests/seed-history.test.mjs"
"tests","tests/*","tests/seed-history-ingest-health.test.mjs"
"tests","*.test.*","tests/seed-history-wiring.test.mjs"
"tests","tests/*","tests/seed-hormuz-entity-decode.test.mjs"
"tests","tests/*","tests/seed-imf-extended.test.mjs"
"tests","tests/*","tests/seed-insights-brief.test.mjs"
"tests","*.test.*","tests/seed-insights-freshness.test.mjs"
"tests","tests/*","tests/seed-insights-llm-retry.test.mjs"
"tests","*.test.*","tests/seed-learned-routes.test.mjs"
"tests","tests/*","tests/seed-low-carbon-generation.test.mjs"
"tests","*.test.*","tests/seed-military-cii.test.mts"
"tests","*.test.*","tests/seed-military-cii-production-registration.test.mts"
"tests","tests/*","tests/seed-military-cii-table-drift.test.mts"
"tests","tests/*","tests/seed-recovery-external-debt.test.mjs"
"tests","tests/*","tests/seed-recovery-fiscal-space.test.mts"
"tests","*.test.*","tests/seed-recovery-fuel-stocks.test.mjs"
"tests","*.test.*","tests/seed-recovery-import-hhi.test.mjs"
"tests","tests/*","tests/seed-recovery-reexport-share-comtrade.test.mts"
"tests","tests/*","tests/seed-recovery-reserve-adequacy.test.mjs"
"tests","tests/*","tests/seed-research-arxiv-isolation.test.mjs"
"tests","tests/*","tests/seed-runseed-fetch-deadline.test.mjs"
"tests","tests/*","tests/seed-sovereign-wealth.test.mjs"
"tests","*.test.*","tests/seed-sovereign-wealth-reads-redis-reexport-share.test.mts"
"tests","tests/*","tests/seed-submarine-cables.test.mjs"
"tests","*.test.*","tests/seed-supply-chain-trade-wto-resilience.test.mjs"
"tests","tests/*","tests/seed-trade-flows-period-gate.test.mjs"
"tests","*.test.*","tests/seed-ttl-outlives-health-staleness.test.mjs"
"tests","*.test.*","tests/seed-ttl-outlives-staleness-fleet.test.mjs"
"tests","*.test.*","tests/seed-unrest-gdelt-fetch.test.mjs"
"tests","*.test.*","tests/seed-utils.test.mjs"
"tests","tests/*","tests/seed-utils-empty-data-failure.test.mjs"
"tests","tests/*","tests/seed-utils-envelope-reads.test.mjs"
"tests","*.test.*","tests/seed-utils-extend-ttl-confirms.test.mjs"
"tests","*.test.*","tests/seed-utils-meta-write-degrades.test.mjs"
"tests","tests/*","tests/seed-utils-preserve-key-ttls.test.mjs"
"tests","tests/*","tests/seed-utils-redis-read-retry.test.mjs"
"tests","*.test.*","tests/seed-utils-sdmx-period.test.mjs"
"tests","*.test.*","tests/seed-utils-sigterm-cleanup.test.mjs"
"tests","*.test.*","tests/seed-utils-with-retry.test.mjs"
"tests","*.test.*","tests/seed-utils-write-extra-key-retry.test.mjs"
"tests","tests/*","tests/seed-warm-ping-origin.test.mjs"
"tests","tests/*","tests/seed-wb-external-debt.test.mjs"
"tests","*.test.*","tests/sentry-beforesend.test.mjs"
"tests","tests/*","tests/sentry-build-metadata.test.mts"
"tests","tests/*","tests/sentry-defer-replay.test.mts"
"tests","*.test.*","tests/seo-ai-visibility-collector.test.mjs"
"tests","*.test.*","tests/seo-ai-visibility-scorecard.test.mjs"
"tests","*.test.*","tests/seo-landing-metadata.test.mjs"
"tests","*.test.*","tests/serialized-async-queue.test.mts"
"tests","*.test.*","tests/server-handlers.test.mjs"
"tests","*.test.*","tests/services-barrel-eager-guard.test.mts"
"tests","*.test.*","tests/shared-llm.test.mts"
"tests","tests/*","tests/shared-relay.test.mjs"
"tests","tests/*","tests/shipping-rates-handler.test.mts"
"tests","tests/*","tests/shipping-v2-handler.test.mjs"
"tests","*.test.*","tests/shortage-evidence.test.mts"
"tests","*.test.*","tests/signal-aggregator-cap.test.mts"
"tests","*.test.*","tests/signal-quality.test.mts"
"tests","*.test.*","tests/signup-analytics-gate.test.mts"
"tests","*.test.*","tests/simulation-outcome-by-run-write.test.mjs"
"tests","*.test.*","tests/simulation-queue-parity.test.mts"
"tests","tests/*","tests/sitemap-generation.test.mjs"
"tests","tests/*","tests/sitemap-verifier.test.mjs"
"tests","*.test.*","tests/skeleton-app-footprint-parity.test.mjs"
"tests","tests/*","tests/smart-poll-loop.test.mjs"
"tests","tests/*","tests/social-velocity-seed-health.test.mjs"
"tests","tests/*","tests/source-cap.test.mts"
"tests","tests/*","tests/source-provenance.test.mts"
"tests","*.test.*","tests/source-proxy-fallback.test.mjs"
"tests","tests/*","tests/sovereign-wealth-entity-decode.test.mjs"
"tests","tests/*","tests/spa-lifecycle-recovery.test.mts"
"tests","*.test.*","tests/sparkline-precision.test.mjs"
"tests","*.test.*","tests/spr-policies-seed.test.mjs"
"tests","*.test.*","tests/stale-bundle-check.test.mts"
"tests","*.test.*","tests/stock-analysis.test.mts"
"tests","*.test.*","tests/stock-analysis-fundamentals-panel.test.mts"
"tests","*.test.*","tests/stock-analysis-history.test.mts"
"tests","tests/*","tests/stock-analysis-targets.test.mts"
"tests","*.test.*","tests/stock-backtest.test.mts"
"tests","*.test.*","tests/stock-dividend-profile.test.mts"
"tests","tests/*","tests/stock-market-session.test.mts"
"tests","tests/*","tests/stock-news-search.test.mts"
"tests","tests/*","tests/storage-evidence-derivation.test.mts"
"tests","tests/*","tests/storage-facilities-registry.test.mts"
"tests","*.test.*","tests/storage-facility-registry-store.test.mts"
"tests","tests/*","tests/story-cii-unavailable.test.mts"
"tests","*.test.*","tests/story-identity.test.mjs"
"tests","*.test.*","tests/story-track-batch-reader.test.mjs"
"tests","tests/*","tests/summarize-article-premium-fetch.test.mts"
"tests","tests/*","tests/summarize-entitlement-gate.test.mts"
"tests","*.test.*","tests/summarize-reasoning.test.mjs"
"tests","*.test.*","tests/summary-cache-capacity.test.mts"
"tests","*.test.*","tests/summary-cache-key.test.mts"
"tests","tests/*","tests/supplier-route-risk.test.mjs"
"tests","tests/*","tests/supply-chain-handlers.test.mjs"
"tests","tests/*","tests/supply-chain-panel-transit-chart.test.mjs"
"tests","*.test.*","tests/supply-chain-sprint2.test.mjs"
"tests","tests/*","tests/supply-chain-v2.test.mjs"
"tests","*.test.*","tests/supply-chain-validation.test.mjs"
"tests","*.test.*","tests/swf-classification-manifest.test.mjs"
"tests","*.test.*","tests/swf-manifest-loader-schema-extension.test.mjs"
"tests","tests/*","tests/sw-update.test.mts"
"tests","tests/*","tests/symbol-search.test.mts"
"tests","tests/*","tests/symbol-search-sentry-capture.test.mts"
"tests","tests/*","tests/tab-cap.test.mts"
"tests","*.test.*","tests/tech-events-cold-start-widest.test.mts"
"tests","tests/*","tests/tech-events-paging.test.mts"
"tests","*.test.*","tests/tech-readiness-circuit-breakers.test.mjs"
"tests","*.test.*","tests/tech-readiness-variant-gate.test.mts"
"tests","tests/*","tests/telegram-feed-contract.test.mjs"
"tests","tests/*","tests/telegram-intel-format.test.mjs"
"tests","*.test.*","tests/temporal-anomalies-cache.test.mts"
"tests","*.test.*","tests/terminal-chart.test.mjs"
"tests","*.test.*","tests/theater-presets.test.mts"
"tests","tests/*","tests/thermal-dashboard-cap.test.mjs"
"tests","tests/*","tests/thermal-escalation-handler-guardrail.test.mjs"
"tests","*.test.*","tests/thermal-escalation-model.test.mjs"
"tests","*.test.*","tests/threat-timeline-panel.test.mts"
"tests","*.test.*","tests/trade-policy-tariffs.test.mjs"
"tests","tests/*","tests/trade-tariff-entity-decode.test.mjs"
"tests","*.test.*","tests/transit-summaries.test.mjs"
"tests","tests/*","tests/travelpayouts-cache-key-contract.test.mjs"
"tests","tests/*","tests/ttl-acled-ais-guards.test.mjs"
"tests","tests/*","tests/turnstile.test.mjs"
"tests","tests/*","tests/ucdp-candidate-merge.test.mjs"
"tests","*.test.*","tests/ucdp-dashboard-projection.test.mts"
"tests","*.test.*","tests/ucdp-retention-window.test.mjs"
"tests","*.test.*","tests/ucdp-seed-resilience.test.mjs"
"tests","tests/*","tests/umami-postgres-integration.mjs"
"tests","tests/*","tests/umami-runtime-remediation.test.mjs"
"tests","tests/*","tests/umami-runtime-write-probe.mjs"
"tests","*.test.*","tests/umami-storage-monitor.test.mjs"
"tests","tests/*","tests/unicode-safety-scope.test.mjs"
"tests","tests/*","tests/unified-settings-account-handoff.test.mjs"
"tests","tests/*","tests/unified-settings-active-tab.test.mjs"
"tests","*.test.*","tests/unrest-source-links.test.mts"
"tests","*.test.*","tests/url-classifier.test.mjs"
"tests","tests/*","tests/urlState.test.mts"
"tests","tests/*","tests/url-sync-initial.test.mts"
"tests","tests/*","tests/usage-telemetry.test.mjs"
"tests","*.test.*","tests/usage-telemetry-emission.test.mts"
"tests","*.test.*","tests/user-context.test.mjs"
"tests","*.test.*","tests/user-prefs-convex-error.test.mjs"
"tests","tests/*","tests/user-prefs-rate-limit.test.mts"
"tests","tests/*","tests/user-prefs-sentry-context.test.mts"
"tests","tests/*","tests/usni-fleet-parser.test.mjs"
"tests","*.test.*","tests/variant-dashboard-html.test.mts"
"tests","tests/*","tests/variant-inline-bootstrap.test.mjs"
"tests","*.test.*","tests/variant-layer-guardrail.test.mjs"
"tests","tests/*","tests/variant-live-smoke-response-capture.test.mts"
"tests","tests/*","tests/variant-meta-index-html-drift.test.mts"
"tests","*.test.*","tests/variant-navigation.test.mts"
"tests","*.test.*","tests/variant-theme-preload-rejection.test.mts"
"tests","*.test.*","tests/vite-env-secret-guard.test.mjs"
"tests","tests/*","tests/vpd-tracker-parser.test.mjs"
"tests","*.test.*","tests/watchlist-story-events.test.mjs"
"tests","tests/*","tests/watchlist-story-scan.test.mjs"
"tests","*.test.*","tests/watchlist-table-view-virtualization.test.mts"
"tests","*.test.*","tests/wb-country-dict-content-age.test.mjs"
"tests","tests/*","tests/weather-public-bootstrap-url.test.mts"
"tests","tests/*","tests/web-bot-auth-directory.test.mjs"
"tests","*.test.*","tests/webmcp.test.mjs"
"tests","tests/*","tests/web-vitals-report-test-helpers.mts"
"tests","tests/*","tests/web-vitals-utils.test.mts"
"tests","*.test.*","tests/western-pacific-cyclones.test.mjs"
"tests","tests/*","tests/widget-agent-auth.test.mts"
"tests","*.test.*","tests/widget-builder.test.mjs"
"tests","tests/*","tests/widget-store.test.mts"
"tests","tests/*","tests/wildfire-bootstrap-health.test.mjs"
"tests","tests/*","tests/wildfire-payload-cap.test.mts"
"tests","tests/*","tests/window-open-noopener.test.mjs"
"tests","tests/*","tests/wingbits-batch.test.mts"
"tests","*.test.*","tests/with-timeout.test.mts"
"tests","tests/*","tests/wm-session-auto-refresh.test.mts"
"tests","*.test.*","tests/wm-session-degraded-copy.test.mts"
"tests","tests/*","tests/wm-session-interceptor-target.test.mts"
"tests","*.test.*","tests/wm-session-premium-intent.test.mts"
"tests","*.test.*","tests/wsb-ticker-seed.test.mjs"
"tests","*.test.*","tests/yahoo-fetch.test.mjs"
"tests","*.test.*","tests/yahoo-sector-valuations.test.mjs"
"tests","*.test.*","tests/yielding-work-queue.test.mts"
"tests","tests/*","tests/yield-to-main.test.mts"
"tests","*.test.*","workers/api-cors-preflight/index.test.mjs"
"tests","*.test.*","workers/api-cors-preflight/kv-serve.test.mjs"
"tests","*.test.*","workers/api-cors-preflight/kv-shadow.test.mjs"
